RecordID,Year,Month,Name,Value
1,2009,1,RM Category,10 rm
1,2009,1,C.LK98,218
1,2009,1,P.LK98,1178948
1,2009,1,C.1K,56
1,2009,1,D.1K,319316
1,2009,1,C.NLP3,162
1,2009,1,P.NLP3,859632
1,2009,1,C_1K,56
1,2009,1,C_LK98,218
1,2009,1,C_NLP3,162
1,2009,1,D_1K,319316
1,2009,1,P_LK98,1178948
1,2009,1,P_NLP3,859632
1,2009,1,Input_#3_C_1K,56
1,2009,1,Input_#3_C_LK98,218
1,2009,1,Input_#3_C_NLP3,162
1,2009,1,Input_#3_D_1K,319316
1,2009,1,Input_#3_P_LK98,1178948
1,2009,1,Input_#3_P_NLP3,859632
2,2009,2,RM Category,10 rm
2,2009,2,C.LK98,200
2,2009,2,P.LK98,1066974
2,2009,2,C.1K,44
2,2009,2,D.1K,248806
2,2009,2,C.NLP3,156
2,2009,2,P.NLP3,818168
2,2009,2,C_1K,52
2,2009,2,C_LK98,212
2,2009,2,C_NLP3,160
2,2009,2,D_1K,295812.666666667
2,2009,2,P_LK98,1141623.33333333
2,2009,2,P_NLP3,845810.666666667
2,2009,2,Input_#3_C_1K,54
2,2009,2,Input_#3_C_LK98,215
2,2009,2,Input_#3_C_NLP3,161
2,2009,2,Input_#3_D_1K,307564.333333333
2,2009,2,Input_#3_P_LK98,1160285.66666667
2,2009,2,Input_#3_P_NLP3,852721.333333333
3,2009,3,RM Category,10 rm
3,2009,3,C.LK98,272
3,2009,3,P.LK98,1399758
3,2009,3,C.1K,52
3,2009,3,D.1K,285730
3,2009,3,C.NLP3,220
3,2009,3,P.NLP3,1114028
3,2009,3,C_1K,50.6666666666667
3,2009,3,C_LK98,230
3,2009,3,C_NLP3,179.333333333333
3,2009,3,D_1K,284617.333333333
3,2009,3,P_LK98,1215226.66666667
3,2009,3,P_NLP3,930609.333333333
3,2009,3,Input_#3_C_1K,53.3333333333333
3,2009,3,Input_#3_C_LK98,224
3,2009,3,Input_#3_C_NLP3,170.666666666667
3,2009,3,Input_#3_D_1K,301966.666666667
3,2009,3,Input_#3_P_LK98,1197087.33333333
3,2009,3,Input_#3_P_NLP3,895120.666666667
4,2009,4,RM Category,10 rm
4,2009,4,C.LK98,178
4,2009,4,P.LK98,996182
4,2009,4,C.1K,42
4,2009,4,D.1K,235730
4,2009,4,C.NLP3,136
4,2009,4,P.NLP3,760452
4,2009,4,C_1K,46
4,2009,4,C_LK98,216.666666666667
4,2009,4,C_NLP3,170.666666666667
4,2009,4,D_1K,256755.333333333
4,2009,4,P_LK98,1154304.66666667
4,2009,4,P_NLP3,897549.333333333
4,2009,4,Input_#3_C_1K,51
4,2009,4,Input_#3_C_LK98,217.333333333333
4,2009,4,Input_#3_C_NLP3,166.333333333333
4,2009,4,Input_#3_D_1K,288035.666666667
4,2009,4,Input_#3_P_LK98,1166626.33333333
4,2009,4,Input_#3_P_NLP3,878590.666666667
5,2009,5,RM Category,10 rm
5,2009,5,C.LK98,200
5,2009,5,P.LK98,1117158
5,2009,5,C.1K,60
5,2009,5,D.1K,333908
5,2009,5,C.NLP3,140
5,2009,5,P.NLP3,783250
5,2009,5,C_1K,51.3333333333333
5,2009,5,C_LK98,216.666666666667
5,2009,5,C_NLP3,165.333333333333
5,2009,5,D_1K,285122.666666667
5,2009,5,P_LK98,1171032.66666667
5,2009,5,P_NLP3,885910
5,2009,5,Input_#3_C_1K,51.6666666666667
5,2009,5,Input_#3_C_LK98,214.333333333333
5,2009,5,Input_#3_C_NLP3,162.666666666667
5,2009,5,Input_#3_D_1K,290467.666666667
5,2009,5,Input_#3_P_LK98,1156328
5,2009,5,Input_#3_P_NLP3,865860.333333333
6,2009,6,RM Category,10 rm
6,2009,6,C.LK98,258
6,2009,6,P.LK98,1356456
6,2009,6,C.1K,70
6,2009,6,D.1K,371568
6,2009,6,C.NLP3,188
6,2009,6,P.NLP3,984888
6,2009,6,C_1K,57.3333333333333
6,2009,6,C_LK98,212
6,2009,6,C_NLP3,154.666666666667
6,2009,6,D_1K,313735.333333333
6,2009,6,P_LK98,1156598.66666667
6,2009,6,P_NLP3,842863.333333333
6,2009,6,Input_#3_C_1K,54
6,2009,6,Input_#3_C_LK98,221
6,2009,6,Input_#3_C_NLP3,167
6,2009,6,Input_#3_D_1K,299176.333333333
6,2009,6,Input_#3_P_LK98,1185912.66666667
6,2009,6,Input_#3_P_NLP3,886736.333333333
7,2009,7,RM Category,10 rm
7,2009,7,C.LK98,270
7,2009,7,P.LK98,1358426
7,2009,7,C.1K,68
7,2009,7,D.1K,343940
7,2009,7,C.NLP3,202
7,2009,7,P.NLP3,1014486
7,2009,7,C_1K,66
7,2009,7,C_LK98,242.666666666667
7,2009,7,C_NLP3,176.666666666667
7,2009,7,D_1K,349805.333333333
7,2009,7,P_LK98,1277346.66666667
7,2009,7,P_NLP3,927541.333333333
7,2009,7,Input_#3_C_1K,56
7,2009,7,Input_#3_C_LK98,229.666666666667
7,2009,7,Input_#3_C_NLP3,173.666666666667
7,2009,7,Input_#3_D_1K,303280.333333333
7,2009,7,Input_#3_P_LK98,1215825.66666667
7,2009,7,Input_#3_P_NLP3,912545.333333333
8,2009,8,RM Category,10 rm
8,2009,8,C.LK98,260
8,2009,8,P.LK98,1170142
8,2009,8,C.1K,48
8,2009,8,D.1K,236706
8,2009,8,C.NLP3,212
8,2009,8,P.NLP3,933436
8,2009,8,C_1K,62
8,2009,8,C_LK98,262.666666666667
8,2009,8,C_NLP3,200.666666666667
8,2009,8,D_1K,317404.666666667
8,2009,8,P_LK98,1295008
8,2009,8,P_NLP3,977603.333333333
8,2009,8,Input_#3_C_1K,56.6666666666667
8,2009,8,Input_#3_C_LK98,239.666666666667
8,2009,8,Input_#3_C_NLP3,183
8,2009,8,Input_#3_D_1K,301263.666666667
8,2009,8,Input_#3_P_LK98,1233020.33333333
8,2009,8,Input_#3_P_NLP3,931756.666666667
9,2009,9,RM Category,10 rm
9,2009,9,C.LK98,402
9,2009,9,P.LK98,1876124
9,2009,9,C.1K,74
9,2009,9,D.1K,386406
9,2009,9,C.NLP3,328
9,2009,9,P.NLP3,1489718
9,2009,9,C_1K,63.3333333333333
9,2009,9,C_LK98,310.666666666667
9,2009,9,C_NLP3,247.333333333333
9,2009,9,D_1K,322350.666666667
9,2009,9,P_LK98,1468230.66666667
9,2009,9,P_NLP3,1145880
9,2009,9,Input_#3_C_1K,60.3333333333333
9,2009,9,Input_#3_C_LK98,261.333333333333
9,2009,9,Input_#3_C_NLP3,201
9,2009,9,Input_#3_D_1K,318043
9,2009,9,Input_#3_P_LK98,1312414.66666667
9,2009,9,Input_#3_P_NLP3,994371.666666667
10,2009,10,RM Category,10 rm
10,2009,10,C.LK98,234
10,2009,10,P.LK98,1234650
10,2009,10,C.1K,74
10,2009,10,D.1K,370878
10,2009,10,C.NLP3,160
10,2009,10,P.NLP3,863772
10,2009,10,C_1K,65.3333333333333
10,2009,10,C_LK98,298.666666666667
10,2009,10,C_NLP3,233.333333333333
10,2009,10,D_1K,331330
10,2009,10,P_LK98,1426972
10,2009,10,P_NLP3,1095642
10,2009,10,Input_#3_C_1K,65.6666666666667
10,2009,10,Input_#3_C_LK98,270.666666666667
10,2009,10,Input_#3_C_NLP3,205
10,2009,10,Input_#3_D_1K,340567.666666667
10,2009,10,Input_#3_P_LK98,1352159.33333333
10,2009,10,Input_#3_P_NLP3,1011591.66666667
11,2009,11,RM Category,10 rm
11,2009,11,C.LK98,250
11,2009,11,P.LK98,1215374
11,2009,11,C.1K,66
11,2009,11,D.1K,328512
11,2009,11,C.NLP3,184
11,2009,11,P.NLP3,886862
11,2009,11,C_1K,71.3333333333333
11,2009,11,C_LK98,295.333333333333
11,2009,11,C_NLP3,224
11,2009,11,D_1K,361932
11,2009,11,P_LK98,1442049.33333333
11,2009,11,P_NLP3,1080117.33333333
11,2009,11,Input_#3_C_1K,66.6666666666667
11,2009,11,Input_#3_C_LK98,279
11,2009,11,Input_#3_C_NLP3,212.333333333333
11,2009,11,Input_#3_D_1K,339668.333333333
11,2009,11,Input_#3_P_LK98,1368528.66666667
11,2009,11,Input_#3_P_NLP3,1028860.33333333
12,2009,12,RM Category,10 rm
12,2009,12,C.LK98,262
12,2009,12,P.LK98,1459032
12,2009,12,C.1K,80
12,2009,12,D.1K,398090
12,2009,12,C.NLP3,182
12,2009,12,P.NLP3,1060942
12,2009,12,C_1K,73.3333333333333
12,2009,12,C_LK98,248.666666666667
12,2009,12,C_NLP3,175.333333333333
12,2009,12,D_1K,365826.666666667
12,2009,12,P_LK98,1303018.66666667
12,2009,12,P_NLP3,937192
12,2009,12,Input_#3_C_1K,68.3333333333333
12,2009,12,Input_#3_C_LK98,279.666666666667
12,2009,12,Input_#3_C_NLP3,211.333333333333
12,2009,12,Input_#3_D_1K,344088.666666667
12,2009,12,Input_#3_P_LK98,1385624.66666667
12,2009,12,Input_#3_P_NLP3,1041536
13,2010,1,RM Category,10 rm
13,2010,1,C.LK98,184
13,2010,1,P.LK98,1050048
13,2010,1,C.1K,40
13,2010,1,D.1K,201974
13,2010,1,C.NLP3,144
13,2010,1,P.NLP3,848074
13,2010,1,C_1K,62
13,2010,1,C_LK98,232
13,2010,1,C_NLP3,170
13,2010,1,D_1K,309525.333333333
13,2010,1,P_LK98,1241484.66666667
13,2010,1,P_NLP3,931959.333333333
13,2010,1,Input_#3_C_1K,63.6666666666667
13,2010,1,Input_#3_C_LK98,265.333333333333
13,2010,1,Input_#3_C_NLP3,201.666666666667
13,2010,1,Input_#3_D_1K,320427.666666667
13,2010,1,Input_#3_P_LK98,1334228.33333333
13,2010,1,Input_#3_P_NLP3,1013800.66666667
14,2010,2,RM Category,10 rm
14,2010,2,C.LK98,190
14,2010,2,P.LK98,1041078
14,2010,2,C.1K,42
14,2010,2,D.1K,209250
14,2010,2,C.NLP3,148
14,2010,2,P.NLP3,831828
14,2010,2,C_1K,54
14,2010,2,C_LK98,212
14,2010,2,C_NLP3,158
14,2010,2,D_1K,269771.333333333
14,2010,2,P_LK98,1183386
14,2010,2,P_NLP3,913614.666666667
14,2010,2,Input_#3_C_1K,62.6666666666667
14,2010,2,Input_#3_C_LK98,253.666666666667
14,2010,2,Input_#3_C_NLP3,191
14,2010,2,Input_#3_D_1K,315851.666666667
14,2010,2,Input_#3_P_LK98,1312717.66666667
14,2010,2,Input_#3_P_NLP3,996866
15,2010,3,RM Category,10 rm
15,2010,3,C.LK98,312
15,2010,3,P.LK98,1758544
15,2010,3,C.1K,58
15,2010,3,D.1K,306082
15,2010,3,C.NLP3,254
15,2010,3,P.NLP3,1452462
15,2010,3,C_1K,46.6666666666667
15,2010,3,C_LK98,228.666666666667
15,2010,3,C_NLP3,182
15,2010,3,D_1K,239102
15,2010,3,P_LK98,1283223.33333333
15,2010,3,P_NLP3,1044121.33333333
15,2010,3,Input_#3_C_1K,60
15,2010,3,Input_#3_C_LK98,238.666666666667
15,2010,3,Input_#3_C_NLP3,178.666666666667
15,2010,3,Input_#3_D_1K,302464.333333333
15,2010,3,Input_#3_P_LK98,1293121
15,2010,3,Input_#3_P_NLP3,990656.666666667
16,2010,4,RM Category,10 rm
16,2010,4,C.LK98,188
16,2010,4,P.LK98,1054358
16,2010,4,C.1K,50
16,2010,4,D.1K,284852
16,2010,4,C.NLP3,138
16,2010,4,P.NLP3,769506
16,2010,4,C_1K,50
16,2010,4,C_LK98,230
16,2010,4,C_NLP3,180
16,2010,4,D_1K,266728
16,2010,4,P_LK98,1284660
16,2010,4,P_NLP3,1017932
16,2010,4,Input_#3_C_1K,56
16,2010,4,Input_#3_C_LK98,231
16,2010,4,Input_#3_C_NLP3,175
16,2010,4,Input_#3_D_1K,288126.666666667
16,2010,4,Input_#3_P_LK98,1263072.33333333
16,2010,4,Input_#3_P_NLP3,974945.666666667
17,2010,5,RM Category,10 rm
17,2010,5,C.LK98,296
17,2010,5,P.LK98,1268726
17,2010,5,C.1K,54
17,2010,5,D.1K,302220
17,2010,5,C.NLP3,242
17,2010,5,P.NLP3,966506
17,2010,5,C_1K,54
17,2010,5,C_LK98,265.333333333333
17,2010,5,C_NLP3,211.333333333333
17,2010,5,D_1K,297718
17,2010,5,P_LK98,1360542.66666667
17,2010,5,P_NLP3,1062824.66666667
17,2010,5,Input_#3_C_1K,54
17,2010,5,Input_#3_C_LK98,238.666666666667
17,2010,5,Input_#3_C_NLP3,184.666666666667
17,2010,5,Input_#3_D_1K,283744.666666667
17,2010,5,Input_#3_P_LK98,1271964.33333333
17,2010,5,Input_#3_P_NLP3,988219.666666667
18,2010,6,RM Category,10 rm
18,2010,6,C.LK98,346
18,2010,6,P.LK98,1766440
18,2010,6,C.1K,52
18,2010,6,D.1K,273722
18,2010,6,C.NLP3,294
18,2010,6,P.NLP3,1492718
18,2010,6,C_1K,52
18,2010,6,C_LK98,276.666666666667
18,2010,6,C_NLP3,224.666666666667
18,2010,6,D_1K,286931.333333333
18,2010,6,P_LK98,1363174.66666667
18,2010,6,P_NLP3,1076243.33333333
18,2010,6,Input_#3_C_1K,49.3333333333333
18,2010,6,Input_#3_C_LK98,252.666666666667
18,2010,6,Input_#3_C_NLP3,203.333333333333
18,2010,6,Input_#3_D_1K,263016.666666667
18,2010,6,Input_#3_P_LK98,1323199
18,2010,6,Input_#3_P_NLP3,1060182.33333333
19,2010,7,RM Category,10 rm
19,2010,7,C.LK98,330
19,2010,7,P.LK98,1482070
19,2010,7,C.1K,64
19,2010,7,D.1K,324714
19,2010,7,C.NLP3,266
19,2010,7,P.NLP3,1157356
19,2010,7,C_1K,56.6666666666667
19,2010,7,C_LK98,324
19,2010,7,C_NLP3,267.333333333333
19,2010,7,D_1K,300218.666666667
19,2010,7,P_LK98,1505745.33333333
19,2010,7,P_NLP3,1205526.66666667
19,2010,7,Input_#3_C_1K,53.3333333333333
19,2010,7,Input_#3_C_LK98,277
19,2010,7,Input_#3_C_NLP3,223.666666666667
19,2010,7,Input_#3_D_1K,283473.333333333
19,2010,7,Input_#3_P_LK98,1395202.66666667
19,2010,7,Input_#3_P_NLP3,1111729.33333333
20,2010,8,RM Category,10 rm
20,2010,8,C.LK98,342
20,2010,8,P.LK98,1542542
20,2010,8,C.1K,60
20,2010,8,D.1K,304088
20,2010,8,C.NLP3,282
20,2010,8,P.NLP3,1238454
20,2010,8,C_1K,58.6666666666667
20,2010,8,C_LK98,339.333333333333
20,2010,8,C_NLP3,280.666666666667
20,2010,8,D_1K,300841.333333333
20,2010,8,P_LK98,1597017.33333333
20,2010,8,P_NLP3,1296176
20,2010,8,Input_#3_C_1K,56.3333333333333
20,2010,8,Input_#3_C_LK98,302.333333333333
20,2010,8,Input_#3_C_NLP3,246
20,2010,8,Input_#3_D_1K,299279.666666667
20,2010,8,Input_#3_P_LK98,1478780
20,2010,8,Input_#3_P_NLP3,1179500.33333333
21,2010,9,RM Category,10 rm
21,2010,9,C.LK98,452
21,2010,9,P.LK98,1882388
21,2010,9,C.1K,64
21,2010,9,D.1K,328038
21,2010,9,C.NLP3,388
21,2010,9,P.NLP3,1554350
21,2010,9,C_1K,62.6666666666667
21,2010,9,C_LK98,374.666666666667
21,2010,9,C_NLP3,312
21,2010,9,D_1K,318946.666666667
21,2010,9,P_LK98,1635666.66666667
21,2010,9,P_NLP3,1316720
21,2010,9,Input_#3_C_1K,57.3333333333333
21,2010,9,Input_#3_C_LK98,325.666666666667
21,2010,9,Input_#3_C_NLP3,268.333333333333
21,2010,9,Input_#3_D_1K,302939
21,2010,9,Input_#3_P_LK98,1499420.66666667
21,2010,9,Input_#3_P_NLP3,1196481.66666667
22,2010,10,RM Category,10 rm
22,2010,10,C.LK98,258
22,2010,10,P.LK98,1366358
22,2010,10,C.1K,54
22,2010,10,D.1K,279800
22,2010,10,C.NLP3,204
22,2010,10,P.NLP3,1086558
22,2010,10,C_1K,59.3333333333333
22,2010,10,C_LK98,350.666666666667
22,2010,10,C_NLP3,291.333333333333
22,2010,10,D_1K,303975.333333333
22,2010,10,P_LK98,1597096
22,2010,10,P_NLP3,1293120.66666667
22,2010,10,Input_#3_C_1K,58
22,2010,10,Input_#3_C_LK98,337.333333333333
22,2010,10,Input_#3_C_NLP3,279.333333333333
22,2010,10,Input_#3_D_1K,302097
22,2010,10,Input_#3_P_LK98,1551420.66666667
22,2010,10,Input_#3_P_NLP3,1249323.66666667
23,2010,11,RM Category,10 rm
23,2010,11,C.LK98,278
23,2010,11,P.LK98,1505464
23,2010,11,C.1K,66
23,2010,11,D.1K,332336
23,2010,11,C.NLP3,212
23,2010,11,P.NLP3,1173128
23,2010,11,C_1K,61.3333333333333
23,2010,11,C_LK98,329.333333333333
23,2010,11,C_NLP3,268
23,2010,11,D_1K,313391.333333333
23,2010,11,P_LK98,1584736.66666667
23,2010,11,P_NLP3,1271345.33333333
23,2010,11,Input_#3_C_1K,60
23,2010,11,Input_#3_C_LK98,334.333333333333
23,2010,11,Input_#3_C_NLP3,274.333333333333
23,2010,11,Input_#3_D_1K,307116.333333333
23,2010,11,Input_#3_P_LK98,1590877
23,2010,11,Input_#3_P_NLP3,1283760.66666667
24,2010,12,RM Category,10 rm
24,2010,12,C.LK98,388
24,2010,12,P.LK98,1849828
24,2010,12,C.1K,88
24,2010,12,D.1K,427148
24,2010,12,C.NLP3,300
24,2010,12,P.NLP3,1422680
24,2010,12,C_1K,69.3333333333333
24,2010,12,C_LK98,308
24,2010,12,C_NLP3,238.666666666667
24,2010,12,D_1K,346428
24,2010,12,P_LK98,1573883.33333333
24,2010,12,P_NLP3,1227455.33333333
24,2010,12,Input_#3_C_1K,66
24,2010,12,Input_#3_C_LK98,341.333333333333
24,2010,12,Input_#3_C_NLP3,275.333333333333
24,2010,12,Input_#3_D_1K,332687.333333333
24,2010,12,Input_#3_P_LK98,1604775
24,2010,12,Input_#3_P_NLP3,1272087.66666667
25,2011,1,RM Category,10 rm
25,2011,1,C.LK98,226
25,2011,1,P.LK98,1254802
25,2011,1,C.1K,46
25,2011,1,D.1K,229208
25,2011,1,C.NLP3,180
25,2011,1,P.NLP3,1025594
25,2011,1,C_1K,66.6666666666667
25,2011,1,C_LK98,297.333333333333
25,2011,1,C_NLP3,230.666666666667
25,2011,1,D_1K,329564
25,2011,1,P_LK98,1536698
25,2011,1,P_NLP3,1207134
25,2011,1,Input_#3_C_1K,63
25,2011,1,Input_#3_C_LK98,324
25,2011,1,Input_#3_C_NLP3,261
25,2011,1,Input_#3_D_1K,316769.666666667
25,2011,1,Input_#3_P_LK98,1566897
25,2011,1,Input_#3_P_NLP3,1250127.33333333
26,2011,2,RM Category,10 rm
26,2011,2,C.LK98,262
26,2011,2,P.LK98,1391168
26,2011,2,C.1K,46
26,2011,2,D.1K,227958
26,2011,2,C.NLP3,216
26,2011,2,P.NLP3,1163210
26,2011,2,C_1K,60
26,2011,2,C_LK98,292
26,2011,2,C_NLP3,232
26,2011,2,D_1K,294771.333333333
26,2011,2,P_LK98,1498599.33333333
26,2011,2,P_NLP3,1203828
26,2011,2,Input_#3_C_1K,60.6666666666667
26,2011,2,Input_#3_C_LK98,310.666666666667
26,2011,2,Input_#3_C_NLP3,250
26,2011,2,Input_#3_D_1K,304081.333333333
26,2011,2,Input_#3_P_LK98,1541668
26,2011,2,Input_#3_P_NLP3,1237586.66666667
27,2011,3,RM Category,10 rm
27,2011,3,C.LK98,442
27,2011,3,P.LK98,2148814
27,2011,3,C.1K,72
27,2011,3,D.1K,375700
27,2011,3,C.NLP3,370
27,2011,3,P.NLP3,1773114
27,2011,3,C_1K,54.6666666666667
27,2011,3,C_LK98,310
27,2011,3,C_NLP3,255.333333333333
27,2011,3,D_1K,277622
27,2011,3,P_LK98,1598261.33333333
27,2011,3,P_NLP3,1320639.33333333
27,2011,3,Input_#3_C_1K,62
27,2011,3,Input_#3_C_LK98,309
27,2011,3,Input_#3_C_NLP3,247
27,2011,3,Input_#3_D_1K,312025
27,2011,3,Input_#3_P_LK98,1586072.33333333
27,2011,3,Input_#3_P_NLP3,1274047.33333333
28,2011,4,RM Category,10 rm
28,2011,4,C.LK98,294
28,2011,4,P.LK98,1511188
28,2011,4,C.1K,42
28,2011,4,D.1K,206808
28,2011,4,C.NLP3,252
28,2011,4,P.NLP3,1304380
28,2011,4,C_1K,53.3333333333333
28,2011,4,C_LK98,332.666666666667
28,2011,4,C_NLP3,279.333333333333
28,2011,4,D_1K,270155.333333333
28,2011,4,P_LK98,1683723.33333333
28,2011,4,P_NLP3,1413568
28,2011,4,Input_#3_C_1K,60
28,2011,4,Input_#3_C_LK98,315
28,2011,4,Input_#3_C_NLP3,255
28,2011,4,Input_#3_D_1K,299859.666666667
28,2011,4,Input_#3_P_LK98,1610210.66666667
28,2011,4,Input_#3_P_NLP3,1310351
29,2011,5,RM Category,10 rm
29,2011,5,C.LK98,356
29,2011,5,P.LK98,1712444
29,2011,5,C.1K,52
29,2011,5,D.1K,257578
29,2011,5,C.NLP3,304
29,2011,5,P.NLP3,1454866
29,2011,5,C_1K,55.3333333333333
29,2011,5,C_LK98,364
29,2011,5,C_NLP3,308.666666666667
29,2011,5,D_1K,280028.666666667
29,2011,5,P_LK98,1790815.33333333
29,2011,5,P_NLP3,1510786.66666667
29,2011,5,Input_#3_C_1K,57.6666666666667
29,2011,5,Input_#3_C_LK98,328
29,2011,5,Input_#3_C_NLP3,270.333333333333
29,2011,5,Input_#3_D_1K,287400
29,2011,5,Input_#3_P_LK98,1644707.33333333
29,2011,5,Input_#3_P_NLP3,1357307.33333333
30,2011,6,RM Category,10 rm
30,2011,6,C.LK98,554
30,2011,6,P.LK98,2475180
30,2011,6,C.1K,54
30,2011,6,D.1K,268216
30,2011,6,C.NLP3,500
30,2011,6,P.NLP3,2206964
30,2011,6,C_1K,49.3333333333333
30,2011,6,C_LK98,401.333333333333
30,2011,6,C_NLP3,352
30,2011,6,D_1K,244200.666666667
30,2011,6,P_LK98,1899604
30,2011,6,P_NLP3,1655403.33333333
30,2011,6,Input_#3_C_1K,52
30,2011,6,Input_#3_C_LK98,355.666666666667
30,2011,6,Input_#3_C_NLP3,303.666666666667
30,2011,6,Input_#3_D_1K,260911.333333333
30,2011,6,Input_#3_P_LK98,1748932.66666667
30,2011,6,Input_#3_P_NLP3,1488021.33333333
31,2011,7,RM Category,10 rm
31,2011,7,C.LK98,508
31,2011,7,P.LK98,2135256
31,2011,7,C.1K,48
31,2011,7,D.1K,239926
31,2011,7,C.NLP3,460
31,2011,7,P.NLP3,1895330
31,2011,7,C_1K,51.3333333333333
31,2011,7,C_LK98,472.666666666667
31,2011,7,C_NLP3,421.333333333333
31,2011,7,D_1K,255240
31,2011,7,P_LK98,2107626.66666667
31,2011,7,P_NLP3,1852386.66666667
31,2011,7,Input_#3_C_1K,52.3333333333333
31,2011,7,Input_#3_C_LK98,402.666666666667
31,2011,7,Input_#3_C_NLP3,350.333333333333
31,2011,7,Input_#3_D_1K,262697.666666667
31,2011,7,Input_#3_P_LK98,1895675
31,2011,7,Input_#3_P_NLP3,1632977.33333333
32,2011,8,RM Category,10 rm
32,2011,8,C.LK98,486
32,2011,8,P.LK98,2232946
32,2011,8,C.1K,80
32,2011,8,D.1K,417234
32,2011,8,C.NLP3,406
32,2011,8,P.NLP3,1815712
32,2011,8,C_1K,60.6666666666667
32,2011,8,C_LK98,516
32,2011,8,C_NLP3,455.333333333333
32,2011,8,D_1K,308458.666666667
32,2011,8,P_LK98,2281127.33333333
32,2011,8,P_NLP3,1972668.66666667
32,2011,8,Input_#3_C_1K,58
32,2011,8,Input_#3_C_LK98,440
32,2011,8,Input_#3_C_NLP3,382
32,2011,8,Input_#3_D_1K,294243.666666667
32,2011,8,Input_#3_P_LK98,2035971.33333333
32,2011,8,Input_#3_P_NLP3,1741727.66666667
33,2011,9,RM Category,10 rm
33,2011,9,C.LK98,548
33,2011,9,P.LK98,2584980
33,2011,9,C.1K,92
33,2011,9,D.1K,475812
33,2011,9,C.NLP3,456
33,2011,9,P.NLP3,2109168
33,2011,9,C_1K,73.3333333333333
33,2011,9,C_LK98,514
33,2011,9,C_NLP3,440.666666666667
33,2011,9,D_1K,377657.333333333
33,2011,9,P_LK98,2317727.33333333
33,2011,9,P_NLP3,1940070
33,2011,9,Input_#3_C_1K,61.3333333333333
33,2011,9,Input_#3_C_LK98,457.666666666667
33,2011,9,Input_#3_C_NLP3,396.333333333333
33,2011,9,Input_#3_D_1K,310929
33,2011,9,Input_#3_P_LK98,2108665.66666667
33,2011,9,Input_#3_P_NLP3,1797736.66666667
34,2011,10,RM Category,10 rm
34,2011,10,C.LK98,344
34,2011,10,P.LK98,1762892
34,2011,10,C.1K,48
34,2011,10,D.1K,244512
34,2011,10,C.NLP3,296
34,2011,10,P.NLP3,1518380
34,2011,10,C_1K,73.3333333333333
34,2011,10,C_LK98,459.333333333333
34,2011,10,C_NLP3,386
34,2011,10,D_1K,379186
34,2011,10,P_LK98,2193606
34,2011,10,P_NLP3,1814420
34,2011,10,Input_#3_C_1K,62.3333333333333
34,2011,10,Input_#3_C_LK98,466
34,2011,10,Input_#3_C_NLP3,403.666666666667
34,2011,10,Input_#3_D_1K,317213
34,2011,10,Input_#3_P_LK98,2150616.33333333
34,2011,10,Input_#3_P_NLP3,1833403.33333333
35,2011,11,RM Category,10 rm
35,2011,11,C.LK98,320
35,2011,11,P.LK98,1717834
35,2011,11,C.1K,86
35,2011,11,D.1K,399394
35,2011,11,C.NLP3,234
35,2011,11,P.NLP3,1318440
35,2011,11,C_1K,75.3333333333333
35,2011,11,C_LK98,404
35,2011,11,C_NLP3,328.666666666667
35,2011,11,D_1K,373239.333333333
35,2011,11,P_LK98,2021902
35,2011,11,P_NLP3,1648662.66666667
35,2011,11,Input_#3_C_1K,68
35,2011,11,Input_#3_C_LK98,460
35,2011,11,Input_#3_C_NLP3,392
35,2011,11,Input_#3_D_1K,340849
35,2011,11,Input_#3_P_LK98,2151514.66666667
35,2011,11,Input_#3_P_NLP3,1810665.66666667
36,2011,12,RM Category,10 rm
36,2011,12,C.LK98,406
36,2011,12,P.LK98,2273340
36,2011,12,C.1K,86
36,2011,12,D.1K,433412
36,2011,12,C.NLP3,320
36,2011,12,P.NLP3,1839928
36,2011,12,C_1K,73.3333333333333
36,2011,12,C_LK98,356.666666666667
36,2011,12,C_NLP3,283.333333333333
36,2011,12,D_1K,359106
36,2011,12,P_LK98,1918022
36,2011,12,P_NLP3,1558916
36,2011,12,Input_#3_C_1K,73.3333333333333
36,2011,12,Input_#3_C_LK98,435.333333333333
36,2011,12,Input_#3_C_NLP3,362
36,2011,12,Input_#3_D_1K,368381.666666667
36,2011,12,Input_#3_P_LK98,2117874.66666667
36,2011,12,Input_#3_P_NLP3,1749493
37,2012,1,RM Category,10 rm
37,2012,1,C.LK98,290
37,2012,1,P.LK98,1675606
37,2012,1,C.1K,42
37,2012,1,D.1K,209862
37,2012,1,C.NLP3,248
37,2012,1,P.NLP3,1465744
37,2012,1,C_1K,71.3333333333333
37,2012,1,C_LK98,338.666666666667
37,2012,1,C_NLP3,267.333333333333
37,2012,1,D_1K,347556
37,2012,1,P_LK98,1888926.66666667
37,2012,1,P_NLP3,1541370.66666667
37,2012,1,Input_#3_C_1K,72.3333333333333
37,2012,1,Input_#3_C_LK98,399
37,2012,1,Input_#3_C_NLP3,326.666666666667
37,2012,1,Input_#3_D_1K,363371
37,2012,1,Input_#3_P_LK98,2041266.33333333
37,2012,1,Input_#3_P_NLP3,1677895.33333333
38,2012,2,RM Category,10 rm
38,2012,2,C.LK98,398
38,2012,2,P.LK98,2207660
38,2012,2,C.1K,110
38,2012,2,D.1K,540982
38,2012,2,C.NLP3,288
38,2012,2,P.NLP3,1666678
38,2012,2,C_1K,79.3333333333333
38,2012,2,C_LK98,364.666666666667
38,2012,2,C_NLP3,285.333333333333
38,2012,2,D_1K,394752
38,2012,2,P_LK98,2052202
38,2012,2,P_NLP3,1657450
38,2012,2,Input_#3_C_1K,77.3333333333333
38,2012,2,Input_#3_C_LK98,384.333333333333
38,2012,2,Input_#3_C_NLP3,307
38,2012,2,Input_#3_D_1K,383995.666666667
38,2012,2,Input_#3_P_LK98,2037052
38,2012,2,Input_#3_P_NLP3,1653056.33333333
39,2012,3,RM Category,10 rm
39,2012,3,C.LK98,444
39,2012,3,P.LK98,2444242
39,2012,3,C.1K,106
39,2012,3,D.1K,520128
39,2012,3,C.NLP3,338
39,2012,3,P.NLP3,1924114
39,2012,3,C_1K,86
39,2012,3,C_LK98,377.333333333333
39,2012,3,C_NLP3,291.333333333333
39,2012,3,D_1K,423657.333333333
39,2012,3,P_LK98,2109169.33333333
39,2012,3,P_NLP3,1685512
39,2012,3,Input_#3_C_1K,79.6666666666667
39,2012,3,Input_#3_C_LK98,367
39,2012,3,Input_#3_C_NLP3,287.333333333333
39,2012,3,Input_#3_D_1K,391381.666666667
39,2012,3,Input_#3_P_LK98,2013595.66666667
39,2012,3,Input_#3_P_NLP3,1622214
40,2012,4,RM Category,10 rm
40,2012,4,C.LK98,368
40,2012,4,P.LK98,1986294
40,2012,4,C.1K,62
40,2012,4,D.1K,308574
40,2012,4,C.NLP3,306
40,2012,4,P.NLP3,1677720
40,2012,4,C_1K,92.6666666666667
40,2012,4,C_LK98,403.333333333333
40,2012,4,C_NLP3,310.666666666667
40,2012,4,D_1K,456561.333333333
40,2012,4,P_LK98,2212732
40,2012,4,P_NLP3,1756170.66666667
40,2012,4,Input_#3_C_1K,82
40,2012,4,Input_#3_C_LK98,371
40,2012,4,Input_#3_C_NLP3,289
40,2012,4,Input_#3_D_1K,402058.666666667
40,2012,4,Input_#3_P_LK98,2050829.33333333
40,2012,4,Input_#3_P_NLP3,1648770.66666667
41,2012,5,RM Category,10 rm
41,2012,5,C.LK98,482
41,2012,5,P.LK98,2287008
41,2012,5,C.1K,74
41,2012,5,D.1K,378636
41,2012,5,C.NLP3,408
41,2012,5,P.NLP3,1908372
41,2012,5,C_1K,80.6666666666667
41,2012,5,C_LK98,431.333333333333
41,2012,5,C_NLP3,350.666666666667
41,2012,5,D_1K,402446
41,2012,5,P_LK98,2239181.33333333
41,2012,5,P_NLP3,1836735.33333333
41,2012,5,Input_#3_C_1K,80
41,2012,5,Input_#3_C_LK98,398
41,2012,5,Input_#3_C_NLP3,318
41,2012,5,Input_#3_D_1K,398599
41,2012,5,Input_#3_P_LK98,2145691.66666667
41,2012,5,Input_#3_P_NLP3,1747092.66666667
42,2012,6,RM Category,10 rm
42,2012,6,C.LK98,428
42,2012,6,P.LK98,2288512
42,2012,6,C.1K,72
42,2012,6,D.1K,353272
42,2012,6,C.NLP3,356
42,2012,6,P.NLP3,1935240
42,2012,6,C_1K,69.3333333333333
42,2012,6,C_LK98,426
42,2012,6,C_NLP3,356.666666666667
42,2012,6,D_1K,346827.333333333
42,2012,6,P_LK98,2187271.33333333
42,2012,6,P_NLP3,1840444
42,2012,6,Input_#3_C_1K,77.6666666666667
42,2012,6,Input_#3_C_LK98,401.666666666667
42,2012,6,Input_#3_C_NLP3,324
42,2012,6,Input_#3_D_1K,385242.333333333
42,2012,6,Input_#3_P_LK98,2148220.33333333
42,2012,6,Input_#3_P_NLP3,1762978
43,2012,7,RM Category,10 rm
43,2012,7,C.LK98,416
43,2012,7,P.LK98,2307460
43,2012,7,C.1K,98
43,2012,7,D.1K,507560
43,2012,7,C.NLP3,318
43,2012,7,P.NLP3,1799900
43,2012,7,C_1K,81.3333333333333
43,2012,7,C_LK98,442
43,2012,7,C_NLP3,360.666666666667
43,2012,7,D_1K,413156
43,2012,7,P_LK98,2294326.66666667
43,2012,7,P_NLP3,1881170.66666667
43,2012,7,Input_#3_C_1K,87
43,2012,7,Input_#3_C_LK98,422.666666666667
43,2012,7,Input_#3_C_NLP3,335.666666666667
43,2012,7,Input_#3_D_1K,434858.666666667
43,2012,7,Input_#3_P_LK98,2253529.33333333
43,2012,7,Input_#3_P_NLP3,1818670.66666667
44,2012,8,RM Category,10 rm
44,2012,8,C.LK98,420
44,2012,8,P.LK98,2054136
44,2012,8,C.1K,76
44,2012,8,D.1K,390636
44,2012,8,C.NLP3,344
44,2012,8,P.NLP3,1663500
44,2012,8,C_1K,82
44,2012,8,C_LK98,421.333333333333
44,2012,8,C_NLP3,339.333333333333
44,2012,8,D_1K,417156
44,2012,8,P_LK98,2216702.66666667
44,2012,8,P_NLP3,1799546.66666667
44,2012,8,Input_#3_C_1K,81.3333333333333
44,2012,8,Input_#3_C_LK98,426.333333333333
44,2012,8,Input_#3_C_NLP3,345
44,2012,8,Input_#3_D_1K,409801
44,2012,8,Input_#3_P_LK98,2227942
44,2012,8,Input_#3_P_NLP3,1818141
45,2012,9,RM Category,10 rm
45,2012,9,C.LK98,402
45,2012,9,P.LK98,2103286
45,2012,9,C.1K,52
45,2012,9,D.1K,267290
45,2012,9,C.NLP3,350
45,2012,9,P.NLP3,1835996
45,2012,9,C_1K,75.3333333333333
45,2012,9,C_LK98,412.666666666667
45,2012,9,C_NLP3,337.333333333333
45,2012,9,D_1K,388495.333333333
45,2012,9,P_LK98,2154960.66666667
45,2012,9,P_NLP3,1766465.33333333
45,2012,9,Input_#3_C_1K,72.3333333333333
45,2012,9,Input_#3_C_LK98,419.333333333333
45,2012,9,Input_#3_C_NLP3,347
45,2012,9,Input_#3_D_1K,367661.333333333
45,2012,9,Input_#3_P_LK98,2171116
45,2012,9,Input_#3_P_NLP3,1803454.66666667
46,2012,10,RM Category,10 rm
46,2012,10,C.LK98,400
46,2012,10,P.LK98,2161064
46,2012,10,C.1K,62
46,2012,10,D.1K,337252
46,2012,10,C.NLP3,338
46,2012,10,P.NLP3,1823812
46,2012,10,C_1K,63.3333333333333
46,2012,10,C_LK98,407.333333333333
46,2012,10,C_NLP3,344
46,2012,10,D_1K,331726
46,2012,10,P_LK98,2106162
46,2012,10,P_NLP3,1774436
46,2012,10,Input_#3_C_1K,72.3333333333333
46,2012,10,Input_#3_C_LK98,424.666666666667
46,2012,10,Input_#3_C_NLP3,352.333333333333
46,2012,10,Input_#3_D_1K,372441
46,2012,10,Input_#3_P_LK98,2200244.33333333
46,2012,10,Input_#3_P_NLP3,1827803.33333333
47,2012,11,RM Category,10 rm
47,2012,11,C.LK98,388
47,2012,11,P.LK98,2206844
47,2012,11,C.1K,92
47,2012,11,D.1K,498488
47,2012,11,C.NLP3,296
47,2012,11,P.NLP3,1708356
47,2012,11,C_1K,68.6666666666667
47,2012,11,C_LK98,396.666666666667
47,2012,11,C_NLP3,328
47,2012,11,D_1K,367676.666666667
47,2012,11,P_LK98,2157064.66666667
47,2012,11,P_NLP3,1789388
47,2012,11,Input_#3_C_1K,75.3333333333333
47,2012,11,Input_#3_C_LK98,409
47,2012,11,Input_#3_C_NLP3,333.666666666667
47,2012,11,Input_#3_D_1K,392416.333333333
47,2012,11,Input_#3_P_LK98,2186883.66666667
47,2012,11,Input_#3_P_NLP3,1794467.33333333
48,2012,12,RM Category,10 rm
48,2012,12,C.LK98,394
48,2012,12,P.LK98,2260564
48,2012,12,C.1K,104
48,2012,12,D.1K,550204
48,2012,12,C.NLP3,290
48,2012,12,P.NLP3,1710360
48,2012,12,C_1K,86
48,2012,12,C_LK98,394
48,2012,12,C_NLP3,308
48,2012,12,D_1K,461981.333333333
48,2012,12,P_LK98,2209490.66666667
48,2012,12,P_NLP3,1747509.33333333
48,2012,12,Input_#3_C_1K,80.6666666666667
48,2012,12,Input_#3_C_LK98,403.333333333333
48,2012,12,Input_#3_C_NLP3,322.666666666667
48,2012,12,Input_#3_D_1K,425238.333333333
48,2012,12,Input_#3_P_LK98,2182225.66666667
48,2012,12,Input_#3_P_NLP3,1756987.33333333
49,2013,1,RM Category,10 rm
49,2013,1,C.LK98,358
49,2013,1,P.LK98,2064074
49,2013,1,C.1K,76
49,2013,1,D.1K,399630
49,2013,1,C.NLP3,282
49,2013,1,P.NLP3,1664444
49,2013,1,C_1K,90.6666666666667
49,2013,1,C_LK98,380
49,2013,1,C_NLP3,289.333333333333
49,2013,1,D_1K,482774
49,2013,1,P_LK98,2177160.66666667
49,2013,1,P_NLP3,1694386.66666667
49,2013,1,Input_#3_C_1K,77
49,2013,1,Input_#3_C_LK98,393.666666666667
49,2013,1,Input_#3_C_NLP3,316.666666666667
49,2013,1,Input_#3_D_1K,407250
49,2013,1,Input_#3_P_LK98,2141661.33333333
49,2013,1,Input_#3_P_NLP3,1734411.33333333
50,2013,2,RM Category,10 rm
50,2013,2,C.LK98,406
50,2013,2,P.LK98,2293626
50,2013,2,C.1K,112
50,2013,2,D.1K,587162
50,2013,2,C.NLP3,294
50,2013,2,P.NLP3,1706464
50,2013,2,C_1K,97.3333333333333
50,2013,2,C_LK98,386
50,2013,2,C_NLP3,288.666666666667
50,2013,2,D_1K,512332
50,2013,2,P_LK98,2206088
50,2013,2,P_NLP3,1693756
50,2013,2,Input_#3_C_1K,83
50,2013,2,Input_#3_C_LK98,391.333333333333
50,2013,2,Input_#3_C_NLP3,308.333333333333
50,2013,2,Input_#3_D_1K,440004.333333333
50,2013,2,Input_#3_P_LK98,2181576.33333333
50,2013,2,Input_#3_P_NLP3,1741572
51,2013,3,RM Category,10 rm
51,2013,3,C.LK98,392
51,2013,3,P.LK98,2169230
51,2013,3,C.1K,82
51,2013,3,D.1K,415354
51,2013,3,C.NLP3,310
51,2013,3,P.NLP3,1753876
51,2013,3,C_1K,90
51,2013,3,C_LK98,385.333333333333
51,2013,3,C_NLP3,295.333333333333
51,2013,3,D_1K,467382
51,2013,3,P_LK98,2175643.33333333
51,2013,3,P_NLP3,1708261.33333333
51,2013,3,Input_#3_C_1K,88
51,2013,3,Input_#3_C_LK98,389.666666666667
51,2013,3,Input_#3_C_NLP3,301.666666666667
51,2013,3,Input_#3_D_1K,464681.666666667
51,2013,3,Input_#3_P_LK98,2192567
51,2013,3,Input_#3_P_NLP3,1727885.33333333
52,2013,4,RM Category,10 rm
52,2013,4,C.LK98,474
52,2013,4,P.LK98,2468444
52,2013,4,C.1K,100
52,2013,4,D.1K,531614
52,2013,4,C.NLP3,374
52,2013,4,P.NLP3,1936830
52,2013,4,C_1K,98
52,2013,4,C_LK98,424
52,2013,4,C_NLP3,326
52,2013,4,D_1K,511376.666666667
52,2013,4,P_LK98,2310433.33333333
52,2013,4,P_NLP3,1799056.66666667
52,2013,4,Input_#3_C_1K,94.3333333333333
52,2013,4,Input_#3_C_LK98,402
52,2013,4,Input_#3_C_NLP3,307.666666666667
52,2013,4,Input_#3_D_1K,497075.333333333
52,2013,4,Input_#3_P_LK98,2243797
52,2013,4,Input_#3_P_NLP3,1746721.66666667
53,2013,5,RM Category,10 rm
53,2013,5,C.LK98,490
53,2013,5,P.LK98,2566232
53,2013,5,C.1K,104
53,2013,5,D.1K,565160
53,2013,5,C.NLP3,386
53,2013,5,P.NLP3,2001072
53,2013,5,C_1K,95.3333333333333
53,2013,5,C_LK98,452
53,2013,5,C_NLP3,356.666666666667
53,2013,5,D_1K,504042.666666667
53,2013,5,P_LK98,2401302
53,2013,5,P_NLP3,1897259.33333333
53,2013,5,Input_#3_C_1K,96.3333333333333
53,2013,5,Input_#3_C_LK98,419
53,2013,5,Input_#3_C_NLP3,322.666666666667
53,2013,5,Input_#3_D_1K,508187.333333333
53,2013,5,Input_#3_P_LK98,2303695
53,2013,5,Input_#3_P_NLP3,1795507.66666667
54,2013,6,RM Category,10 rm
54,2013,6,C.LK98,464
54,2013,6,P.LK98,2350834
54,2013,6,C.1K,86
54,2013,6,D.1K,444386
54,2013,6,C.NLP3,378
54,2013,6,P.NLP3,1906448
54,2013,6,C_1K,96.6666666666667
54,2013,6,C_LK98,476
54,2013,6,C_NLP3,379.333333333333
54,2013,6,D_1K,513720
54,2013,6,P_LK98,2461836.66666667
54,2013,6,P_NLP3,1948116.66666667
54,2013,6,Input_#3_C_1K,93.3333333333333
54,2013,6,Input_#3_C_LK98,430.666666666667
54,2013,6,Input_#3_C_NLP3,337.333333333333
54,2013,6,Input_#3_D_1K,490551
54,2013,6,Input_#3_P_LK98,2318740
54,2013,6,Input_#3_P_NLP3,1828189
55,2013,7,RM Category,10 rm
55,2013,7,C.LK98,368
55,2013,7,P.LK98,2025940
55,2013,7,C.1K,92
55,2013,7,D.1K,491792
55,2013,7,C.NLP3,276
55,2013,7,P.NLP3,1534148
55,2013,7,C_1K,94
55,2013,7,C_LK98,440.666666666667
55,2013,7,C_NLP3,346.666666666667
55,2013,7,D_1K,500446
55,2013,7,P_LK98,2314335.33333333
55,2013,7,P_NLP3,1813889.33333333
55,2013,7,Input_#3_C_1K,96
55,2013,7,Input_#3_C_LK98,432.333333333333
55,2013,7,Input_#3_C_NLP3,336.333333333333
55,2013,7,Input_#3_D_1K,505911.333333333
55,2013,7,Input_#3_P_LK98,2312384.33333333
55,2013,7,Input_#3_P_NLP3,1806473
56,2013,8,RM Category,10 rm
56,2013,8,C.LK98,482
56,2013,8,P.LK98,2592014
56,2013,8,C.1K,94
56,2013,8,D.1K,521744
56,2013,8,C.NLP3,388
56,2013,8,P.NLP3,2070270
56,2013,8,C_1K,90.6666666666667
56,2013,8,C_LK98,438
56,2013,8,C_NLP3,347.333333333333
56,2013,8,D_1K,485974
56,2013,8,P_LK98,2322929.33333333
56,2013,8,P_NLP3,1836955.33333333
56,2013,8,Input_#3_C_1K,93
56,2013,8,Input_#3_C_LK98,445
56,2013,8,Input_#3_C_NLP3,352
56,2013,8,Input_#3_D_1K,495008.333333333
56,2013,8,Input_#3_P_LK98,2362115.66666667
56,2013,8,Input_#3_P_NLP3,1867107.33333333
57,2013,9,RM Category,10 rm
57,2013,9,C.LK98,460
57,2013,9,P.LK98,2389344
57,2013,9,C.1K,96
57,2013,9,D.1K,464814
57,2013,9,C.NLP3,364
57,2013,9,P.NLP3,1924530
57,2013,9,C_1K,94
57,2013,9,C_LK98,436.666666666667
57,2013,9,C_NLP3,342.666666666667
57,2013,9,D_1K,492783.333333333
57,2013,9,P_LK98,2335766
57,2013,9,P_NLP3,1842982.66666667
57,2013,9,Input_#3_C_1K,95.3333333333333
57,2013,9,Input_#3_C_LK98,456.333333333333
57,2013,9,Input_#3_C_NLP3,361
57,2013,9,Input_#3_D_1K,503251.666666667
57,2013,9,Input_#3_P_LK98,2398801.33333333
57,2013,9,Input_#3_P_NLP3,1895549.66666667
58,2013,10,RM Category,10 rm
58,2013,10,C.LK98,396
58,2013,10,P.LK98,2205798
58,2013,10,C.1K,76
58,2013,10,D.1K,423022
58,2013,10,C.NLP3,320
58,2013,10,P.NLP3,1782776
58,2013,10,C_1K,88.6666666666667
58,2013,10,C_LK98,446
58,2013,10,C_NLP3,357.333333333333
58,2013,10,D_1K,469860
58,2013,10,P_LK98,2395718.66666667
58,2013,10,P_NLP3,1925858.66666667
58,2013,10,Input_#3_C_1K,91.3333333333333
58,2013,10,Input_#3_C_LK98,443.333333333333
58,2013,10,Input_#3_C_NLP3,352
58,2013,10,Input_#3_D_1K,485153
58,2013,10,Input_#3_P_LK98,2355027
58,2013,10,Input_#3_P_NLP3,1869874
59,2013,11,RM Category,10 rm
59,2013,11,C.LK98,470
59,2013,11,P.LK98,2722910
59,2013,11,C.1K,92
59,2013,11,D.1K,494082
59,2013,11,C.NLP3,378
59,2013,11,P.NLP3,2228828
59,2013,11,C_1K,88
59,2013,11,C_LK98,442
59,2013,11,C_NLP3,354
59,2013,11,D_1K,460639.333333333
59,2013,11,P_LK98,2439350.66666667
59,2013,11,P_NLP3,1978711.33333333
59,2013,11,Input_#3_C_1K,89.3333333333333
59,2013,11,Input_#3_C_LK98,440
59,2013,11,Input_#3_C_NLP3,350.666666666667
59,2013,11,Input_#3_D_1K,473306.666666667
59,2013,11,Input_#3_P_LK98,2381140
59,2013,11,Input_#3_P_NLP3,1907833.33333333
60,2013,12,RM Category,10 rm
60,2013,12,C.LK98,484
60,2013,12,P.LK98,2723290
60,2013,12,C.1K,100
60,2013,12,D.1K,533702
60,2013,12,C.NLP3,384
60,2013,12,P.NLP3,2189588
60,2013,12,C_1K,89.3333333333333
60,2013,12,C_LK98,450
60,2013,12,C_NLP3,360.666666666667
60,2013,12,D_1K,483602
60,2013,12,P_LK98,2550666
60,2013,12,P_NLP3,2067064
60,2013,12,Input_#3_C_1K,91.6666666666667
60,2013,12,Input_#3_C_LK98,443.333333333333
60,2013,12,Input_#3_C_NLP3,351.666666666667
60,2013,12,Input_#3_D_1K,488192.666666667
60,2013,12,Input_#3_P_LK98,2443216
60,2013,12,Input_#3_P_NLP3,1955023.33333333
61,2014,1,RM Category,10 rm
61,2014,1,C.LK98,406
61,2014,1,P.LK98,2507608
61,2014,1,C.1K,110
61,2014,1,D.1K,606268
61,2014,1,C.NLP3,296
61,2014,1,P.NLP3,1901340
61,2014,1,C_1K,100.666666666667
61,2014,1,C_LK98,453.333333333333
61,2014,1,C_NLP3,352.666666666667
61,2014,1,D_1K,544684
61,2014,1,P_LK98,2651269.33333333
61,2014,1,P_NLP3,2106585.33333333
61,2014,1,Input_#3_C_1K,94.6666666666667
61,2014,1,Input_#3_C_LK98,449.666666666667
61,2014,1,Input_#3_C_NLP3,355
61,2014,1,Input_#3_D_1K,507272
61,2014,1,Input_#3_P_LK98,2523494
61,2014,1,Input_#3_P_NLP3,2016222
62,2014,2,RM Category,10 rm
62,2014,2,C.LK98,376
62,2014,2,P.LK98,2154678
62,2014,2,C.1K,94
62,2014,2,D.1K,500526
62,2014,2,C.NLP3,282
62,2014,2,P.NLP3,1654152
62,2014,2,C_1K,101.333333333333
62,2014,2,C_LK98,422
62,2014,2,C_NLP3,320.666666666667
62,2014,2,D_1K,546832
62,2014,2,P_LK98,2461858.66666667
62,2014,2,P_NLP3,1915026.66666667
62,2014,2,Input_#3_C_1K,94.6666666666667
62,2014,2,Input_#3_C_LK98,432
62,2014,2,Input_#3_C_NLP3,337.333333333333
62,2014,2,Input_#3_D_1K,503735.666666667
62,2014,2,Input_#3_P_LK98,2450604.66666667
62,2014,2,Input_#3_P_NLP3,1946869
63,2014,3,RM Category,10 rm
63,2014,3,C.LK98,404
63,2014,3,P.LK98,2413078
63,2014,3,C.1K,86
63,2014,3,D.1K,473120
63,2014,3,C.NLP3,318
63,2014,3,P.NLP3,1939958
63,2014,3,C_1K,96.6666666666667
63,2014,3,C_LK98,395.333333333333
63,2014,3,C_NLP3,298.666666666667
63,2014,3,D_1K,526638
63,2014,3,P_LK98,2358454.66666667
63,2014,3,P_NLP3,1831816.66666667
63,2014,3,Input_#3_C_1K,93
63,2014,3,Input_#3_C_LK98,422.666666666667
63,2014,3,Input_#3_C_NLP3,329.666666666667
63,2014,3,Input_#3_D_1K,505120
63,2014,3,Input_#3_P_LK98,2454560.33333333
63,2014,3,Input_#3_P_NLP3,1949440.33333333
64,2014,4,RM Category,10 rm
64,2014,4,C.LK98,568
64,2014,4,P.LK98,2973512
64,2014,4,C.1K,104
64,2014,4,D.1K,552410
64,2014,4,C.NLP3,464
64,2014,4,P.NLP3,2421102
64,2014,4,C_1K,94.6666666666667
64,2014,4,C_LK98,449.333333333333
64,2014,4,C_NLP3,354.666666666667
64,2014,4,D_1K,508685.333333333
64,2014,4,P_LK98,2513756
64,2014,4,P_NLP3,2005070.66666667
64,2014,4,Input_#3_C_1K,97.6666666666667
64,2014,4,Input_#3_C_LK98,451.333333333333
64,2014,4,Input_#3_C_NLP3,353.666666666667
64,2014,4,Input_#3_D_1K,526684.666666667
64,2014,4,Input_#3_P_LK98,2582512.66666667
64,2014,4,Input_#3_P_NLP3,2055828
65,2014,5,RM Category,10 rm
65,2014,5,C.LK98,205
65,2014,5,P.LK98,1118660
65,2014,5,C.1K,92
65,2014,5,D.1K,501449.4
65,2014,5,C.NLP3,159
65,2014,5,P.NLP3,867935.3
65,2014,5,C_1K,94
65,2014,5,C_LK98,392.333333333333
65,2014,5,C_NLP3,313.666666666667
65,2014,5,D_1K,508993.133333333
65,2014,5,P_LK98,2168416.66666667
65,2014,5,P_NLP3,1742998.43333333
65,2014,5,Input_#3_C_1K,97.6666666666667
65,2014,5,Input_#3_C_LK98,407.166666666667
65,2014,5,Input_#3_C_NLP3,317.166666666667
65,2014,5,Input_#3_D_1K,527912.566666667
65,2014,5,Input_#3_P_LK98,2315137.66666667
65,2014,5,Input_#3_P_NLP3,1829012.55
66,2014,6,RM Category,10 rm
66,2014,6,C.LK98,634
66,2014,6,P.LK98,3069538
66,2014,6,C.1K,118
66,2014,6,D.1K,662806.24
66,2014,6,C.NLP3,516
66,2014,6,P.NLP3,2406731.76
66,2014,6,C_1K,104.666666666667
66,2014,6,C_LK98,469
66,2014,6,C_NLP3,379.666666666667
66,2014,6,D_1K,572221.88
66,2014,6,P_LK98,2387236.66666667
66,2014,6,P_NLP3,1898589.68666667
66,2014,6,Input_#3_C_1K,100.666666666667
66,2014,6,Input_#3_C_LK98,432.166666666667
66,2014,6,Input_#3_C_NLP3,339.166666666667
66,2014,6,Input_#3_D_1K,549429.94
66,2014,6,Input_#3_P_LK98,2372845.66666667
66,2014,6,Input_#3_P_NLP3,1865203.17666667
67,2014,7,RM Category,10 rm
67,2014,7,C.LK98,
67,2014,7,P.LK98,
67,2014,7,C.1K,
67,2014,7,D.1K,
67,2014,7,C.NLP3,
67,2014,7,P.NLP3,
67,2014,7,C_1K,70
67,2014,7,C_LK98,279.666666666667
67,2014,7,C_NLP3,225
67,2014,7,D_1K,388085.213333333
67,2014,7,P_LK98,1396066
67,2014,7,P_NLP3,1091555.68666667
67,2014,7,Input_#3_C_1K,82.3333333333333
67,2014,7,Input_#3_C_LK98,364.5
67,2014,7,Input_#3_C_NLP3,289.833333333333
67,2014,7,Input_#3_D_1K,448385.273333333
67,2014,7,Input_#3_P_LK98,1954911
67,2014,7,Input_#3_P_NLP3,1548313.17666667
68,2014,8,RM Category,10 rm
68,2014,8,C.LK98,
68,2014,8,P.LK98,
68,2014,8,C.1K,
68,2014,8,D.1K,
68,2014,8,C.NLP3,
68,2014,8,P.NLP3,
68,2014,8,C_1K,39.3333333333333
68,2014,8,C_LK98,211.333333333333
68,2014,8,C_NLP3,172
68,2014,8,D_1K,220935.413333333
68,2014,8,P_LK98,1023179.33333333
68,2014,8,P_NLP3,802243.92
68,2014,8,Input_#3_C_1K,66.6666666666667
68,2014,8,Input_#3_C_LK98,301.833333333333
68,2014,8,Input_#3_C_NLP3,242.833333333333
68,2014,8,Input_#3_D_1K,364964.273333333
68,2014,8,Input_#3_P_LK98,1595798
68,2014,8,Input_#3_P_NLP3,1272621.17666667
69,2014,9,RM Category,10 rm
69,2014,9,C.LK98,
69,2014,9,P.LK98,
69,2014,9,C.1K,
69,2014,9,D.1K,
69,2014,9,C.NLP3,
69,2014,9,P.NLP3,
69,2014,9,C_1K,0
69,2014,9,C_LK98,0
69,2014,9,C_NLP3,0
69,2014,9,D_1K,0
69,2014,9,P_LK98,0
69,2014,9,P_NLP3,0
69,2014,9,Input_#3_C_1K,52.3333333333333
69,2014,9,Input_#3_C_LK98,234.5
69,2014,9,Input_#3_C_NLP3,189.833333333333
69,2014,9,Input_#3_D_1K,286110.94
69,2014,9,Input_#3_P_LK98,1193618.33333333
69,2014,9,Input_#3_P_NLP3,949294.843333333
70,2014,10,RM Category,10 rm
70,2014,10,C.LK98,
70,2014,10,P.LK98,
70,2014,10,C.1K,
70,2014,10,D.1K,
70,2014,10,C.NLP3,
70,2014,10,P.NLP3,
70,2014,10,C_1K,0
70,2014,10,C_LK98,0
70,2014,10,C_NLP3,0
70,2014,10,D_1K,0
70,2014,10,P_LK98,0
70,2014,10,P_NLP3,0
70,2014,10,Input_#3_C_1K,35
70,2014,10,Input_#3_C_LK98,139.833333333333
70,2014,10,Input_#3_C_NLP3,112.5
70,2014,10,Input_#3_D_1K,194042.606666667
70,2014,10,Input_#3_P_LK98,698033
70,2014,10,Input_#3_P_NLP3,545777.843333333
71,2014,11,RM Category,10 rm
71,2014,11,C.LK98,
71,2014,11,P.LK98,
71,2014,11,C.1K,
71,2014,11,D.1K,
71,2014,11,C.NLP3,
71,2014,11,P.NLP3,
71,2014,11,C_1K,0
71,2014,11,C_LK98,0
71,2014,11,C_NLP3,0
71,2014,11,D_1K,0
71,2014,11,P_LK98,0
71,2014,11,P_NLP3,0
71,2014,11,Input_#3_C_1K,19.6666666666667
71,2014,11,Input_#3_C_LK98,105.666666666667
71,2014,11,Input_#3_C_NLP3,86
71,2014,11,Input_#3_D_1K,110467.706666667
71,2014,11,Input_#3_P_LK98,511589.666666667
71,2014,11,Input_#3_P_NLP3,401121.96
72,2014,12,RM Category,10 rm
72,2014,12,C.LK98,
72,2014,12,P.LK98,
72,2014,12,C.1K,
72,2014,12,D.1K,
72,2014,12,C.NLP3,
72,2014,12,P.NLP3,
72,2014,12,C_1K,0
72,2014,12,C_LK98,0
72,2014,12,C_NLP3,0
72,2014,12,D_1K,0
72,2014,12,P_LK98,0
72,2014,12,P_NLP3,0
72,2014,12,Input_#3_C_1K,0
72,2014,12,Input_#3_C_LK98,0
72,2014,12,Input_#3_C_NLP3,0
72,2014,12,Input_#3_D_1K,0
72,2014,12,Input_#3_P_LK98,0
72,2014,12,Input_#3_P_NLP3,0
73,2009,1,RM Category,100 rm
73,2009,1,C.LK98,128
73,2009,1,P.LK98,3400652
73,2009,1,C.1K,42
73,2009,1,D.1K,1098086
73,2009,1,C.NLP3,86
73,2009,1,P.NLP3,2302566
73,2009,1,C_1K,42
73,2009,1,C_LK98,128
73,2009,1,C_NLP3,86
73,2009,1,D_1K,1098086
73,2009,1,P_LK98,3400652
73,2009,1,P_NLP3,2302566
73,2009,1,Input_#3_C_1K,7
73,2009,1,Input_#3_C_LK98,21.3333333333333
73,2009,1,Input_#3_C_NLP3,14.3333333333333
73,2009,1,Input_#3_D_1K,183014.333333333
73,2009,1,Input_#3_P_LK98,566775.333333333
73,2009,1,Input_#3_P_NLP3,383761
74,2009,2,RM Category,100 rm
74,2009,2,C.LK98,114
74,2009,2,P.LK98,3081156
74,2009,2,C.1K,24
74,2009,2,D.1K,645742
74,2009,2,C.NLP3,90
74,2009,2,P.NLP3,2435414
74,2009,2,C_1K,36
74,2009,2,C_LK98,123.333333333333
74,2009,2,C_NLP3,87.3333333333333
74,2009,2,D_1K,947304.666666667
74,2009,2,P_LK98,3294153.33333333
74,2009,2,P_NLP3,2346848.66666667
74,2009,2,Input_#3_C_1K,11
74,2009,2,Input_#3_C_LK98,40.3333333333333
74,2009,2,Input_#3_C_NLP3,29.3333333333333
74,2009,2,Input_#3_D_1K,290638
74,2009,2,Input_#3_P_LK98,1080301.33333333
74,2009,2,Input_#3_P_NLP3,789663.333333333
75,2009,3,RM Category,100 rm
75,2009,3,C.LK98,120
75,2009,3,P.LK98,3335262
75,2009,3,C.1K,40
75,2009,3,D.1K,1131892
75,2009,3,C.NLP3,80
75,2009,3,P.NLP3,2203370
75,2009,3,C_1K,35.3333333333333
75,2009,3,C_LK98,120.666666666667
75,2009,3,C_NLP3,85.3333333333333
75,2009,3,D_1K,958573.333333333
75,2009,3,P_LK98,3272356.66666667
75,2009,3,P_NLP3,2313783.33333333
75,2009,3,Input_#3_C_1K,17.6666666666667
75,2009,3,Input_#3_C_LK98,60.3333333333333
75,2009,3,Input_#3_C_NLP3,42.6666666666667
75,2009,3,Input_#3_D_1K,479286.666666667
75,2009,3,Input_#3_P_LK98,1636178.33333333
75,2009,3,Input_#3_P_NLP3,1156891.66666667
76,2009,4,RM Category,100 rm
76,2009,4,C.LK98,112
76,2009,4,P.LK98,2992632
76,2009,4,C.1K,36
76,2009,4,D.1K,924794
76,2009,4,C.NLP3,76
76,2009,4,P.NLP3,2067838
76,2009,4,C_1K,33.3333333333333
76,2009,4,C_LK98,115.333333333333
76,2009,4,C_NLP3,82
76,2009,4,D_1K,900809.333333333
76,2009,4,P_LK98,3136350
76,2009,4,P_NLP3,2235540.66666667
76,2009,4,Input_#3_C_1K,23.6666666666667
76,2009,4,Input_#3_C_LK98,79
76,2009,4,Input_#3_C_NLP3,55.3333333333333
76,2009,4,Input_#3_D_1K,633419
76,2009,4,Input_#3_P_LK98,2134950.33333333
76,2009,4,Input_#3_P_NLP3,1501531.33333333
77,2009,5,RM Category,100 rm
77,2009,5,C.LK98,78
77,2009,5,P.LK98,2153802
77,2009,5,C.1K,26
77,2009,5,D.1K,735656
77,2009,5,C.NLP3,52
77,2009,5,P.NLP3,1418146
77,2009,5,C_1K,34
77,2009,5,C_LK98,103.333333333333
77,2009,5,C_NLP3,69.3333333333333
77,2009,5,D_1K,930780.666666667
77,2009,5,P_LK98,2827232
77,2009,5,P_NLP3,1896451.33333333
77,2009,5,Input_#3_C_1K,28
77,2009,5,Input_#3_C_LK98,92
77,2009,5,Input_#3_C_NLP3,64
77,2009,5,Input_#3_D_1K,756028.333333333
77,2009,5,Input_#3_P_LK98,2493917.33333333
77,2009,5,Input_#3_P_NLP3,1737889
78,2009,6,RM Category,100 rm
78,2009,6,C.LK98,156
78,2009,6,P.LK98,4179414
78,2009,6,C.1K,50
78,2009,6,D.1K,1262718
78,2009,6,C.NLP3,106
78,2009,6,P.NLP3,2916696
78,2009,6,C_1K,37.3333333333333
78,2009,6,C_LK98,115.333333333333
78,2009,6,C_NLP3,78
78,2009,6,D_1K,974389.333333333
78,2009,6,P_LK98,3108616
78,2009,6,P_NLP3,2134226.66666667
78,2009,6,Input_#3_C_1K,36.3333333333333
78,2009,6,Input_#3_C_LK98,118
78,2009,6,Input_#3_C_NLP3,81.6666666666667
78,2009,6,Input_#3_D_1K,966481.333333333
78,2009,6,Input_#3_P_LK98,3190486.33333333
78,2009,6,Input_#3_P_NLP3,2224005
79,2009,7,RM Category,100 rm
79,2009,7,C.LK98,100
79,2009,7,P.LK98,2851080
79,2009,7,C.1K,22
79,2009,7,D.1K,624996
79,2009,7,C.NLP3,78
79,2009,7,P.NLP3,2226084
79,2009,7,C_1K,32.6666666666667
79,2009,7,C_LK98,111.333333333333
79,2009,7,C_NLP3,78.6666666666667
79,2009,7,D_1K,874456.666666667
79,2009,7,P_LK98,3061432
79,2009,7,P_NLP3,2186975.33333333
79,2009,7,Input_#3_C_1K,33
79,2009,7,Input_#3_C_LK98,113.333333333333
79,2009,7,Input_#3_C_NLP3,80.3333333333333
79,2009,7,Input_#3_D_1K,887633
79,2009,7,Input_#3_P_LK98,3098891
79,2009,7,Input_#3_P_NLP3,2211258
80,2009,8,RM Category,100 rm
80,2009,8,C.LK98,134
80,2009,8,P.LK98,3925488
80,2009,8,C.1K,38
80,2009,8,D.1K,994744
80,2009,8,C.NLP3,96
80,2009,8,P.NLP3,2930744
80,2009,8,C_1K,36.6666666666667
80,2009,8,C_LK98,130
80,2009,8,C_NLP3,93.3333333333333
80,2009,8,D_1K,960819.333333333
80,2009,8,P_LK98,3651994
80,2009,8,P_NLP3,2691174.66666667
80,2009,8,Input_#3_C_1K,35.3333333333333
80,2009,8,Input_#3_C_LK98,116.666666666667
80,2009,8,Input_#3_C_NLP3,81.3333333333333
80,2009,8,Input_#3_D_1K,945800
80,2009,8,Input_#3_P_LK98,3239613
80,2009,8,Input_#3_P_NLP3,2293813
81,2009,9,RM Category,100 rm
81,2009,9,C.LK98,126
81,2009,9,P.LK98,3589132
81,2009,9,C.1K,24
81,2009,9,D.1K,630340
81,2009,9,C.NLP3,102
81,2009,9,P.NLP3,2958792
81,2009,9,C_1K,28
81,2009,9,C_LK98,120
81,2009,9,C_NLP3,92
81,2009,9,D_1K,750026.666666667
81,2009,9,P_LK98,3455233.33333333
81,2009,9,P_NLP3,2705206.66666667
81,2009,9,Input_#3_C_1K,32.6666666666667
81,2009,9,Input_#3_C_LK98,117.666666666667
81,2009,9,Input_#3_C_NLP3,85
81,2009,9,Input_#3_D_1K,862208
81,2009,9,Input_#3_P_LK98,3281924.66666667
81,2009,9,Input_#3_P_NLP3,2419716.66666667
82,2009,10,RM Category,100 rm
82,2009,10,C.LK98,120
82,2009,10,P.LK98,3162878
82,2009,10,C.1K,34
82,2009,10,D.1K,889908
82,2009,10,C.NLP3,86
82,2009,10,P.NLP3,2272970
82,2009,10,C_1K,32
82,2009,10,C_LK98,126.666666666667
82,2009,10,C_NLP3,94.6666666666667
82,2009,10,D_1K,838330.666666667
82,2009,10,P_LK98,3559166
82,2009,10,P_NLP3,2720835.33333333
82,2009,10,Input_#3_C_1K,32.3333333333333
82,2009,10,Input_#3_C_LK98,119
82,2009,10,Input_#3_C_NLP3,86.6666666666667
82,2009,10,Input_#3_D_1K,856393.666666667
82,2009,10,Input_#3_P_LK98,3310299
82,2009,10,Input_#3_P_NLP3,2453905.33333333
83,2009,11,RM Category,100 rm
83,2009,11,C.LK98,134
83,2009,11,P.LK98,3570258
83,2009,11,C.1K,26
83,2009,11,D.1K,698312
83,2009,11,C.NLP3,108
83,2009,11,P.NLP3,2871946
83,2009,11,C_1K,28
83,2009,11,C_LK98,126.666666666667
83,2009,11,C_NLP3,98.6666666666667
83,2009,11,D_1K,739520
83,2009,11,P_LK98,3440756
83,2009,11,P_NLP3,2701236
83,2009,11,Input_#3_C_1K,32.3333333333333
83,2009,11,Input_#3_C_LK98,128.333333333333
83,2009,11,Input_#3_C_NLP3,96
83,2009,11,Input_#3_D_1K,850169.666666667
83,2009,11,Input_#3_P_LK98,3546375
83,2009,11,Input_#3_P_NLP3,2696205.33333333
84,2009,12,RM Category,100 rm
84,2009,12,C.LK98,186
84,2009,12,P.LK98,5311434
84,2009,12,C.1K,26
84,2009,12,D.1K,743884
84,2009,12,C.NLP3,160
84,2009,12,P.NLP3,4567550
84,2009,12,C_1K,28.6666666666667
84,2009,12,C_LK98,146.666666666667
84,2009,12,C_NLP3,118
84,2009,12,D_1K,777368
84,2009,12,P_LK98,4014856.66666667
84,2009,12,P_NLP3,3237488.66666667
84,2009,12,Input_#3_C_1K,28.3333333333333
84,2009,12,Input_#3_C_LK98,133.333333333333
84,2009,12,Input_#3_C_NLP3,105
84,2009,12,Input_#3_D_1K,763697.333333333
84,2009,12,Input_#3_P_LK98,3735045
84,2009,12,Input_#3_P_NLP3,2971347.66666667
85,2010,1,RM Category,100 rm
85,2010,1,C.LK98,114
85,2010,1,P.LK98,2997528
85,2010,1,C.1K,14
85,2010,1,D.1K,354210
85,2010,1,C.NLP3,100
85,2010,1,P.NLP3,2643318
85,2010,1,C_1K,22
85,2010,1,C_LK98,144.666666666667
85,2010,1,C_NLP3,122.666666666667
85,2010,1,D_1K,598802
85,2010,1,P_LK98,3959740
85,2010,1,P_NLP3,3360938
85,2010,1,Input_#3_C_1K,27
85,2010,1,Input_#3_C_LK98,135.666666666667
85,2010,1,Input_#3_C_NLP3,108.666666666667
85,2010,1,Input_#3_D_1K,718566.333333333
85,2010,1,Input_#3_P_LK98,3759453
85,2010,1,Input_#3_P_NLP3,3040886.66666667
86,2010,2,RM Category,100 rm
86,2010,2,C.LK98,152
86,2010,2,P.LK98,4072330
86,2010,2,C.1K,50
86,2010,2,D.1K,1235366
86,2010,2,C.NLP3,102
86,2010,2,P.NLP3,2836964
86,2010,2,C_1K,30
86,2010,2,C_LK98,150.666666666667
86,2010,2,C_NLP3,120.666666666667
86,2010,2,D_1K,777820
86,2010,2,P_LK98,4127097.33333333
86,2010,2,P_NLP3,3349277.33333333
86,2010,2,Input_#3_C_1K,29
86,2010,2,Input_#3_C_LK98,138.666666666667
86,2010,2,Input_#3_C_NLP3,109.666666666667
86,2010,2,Input_#3_D_1K,758670
86,2010,2,Input_#3_P_LK98,3783926.66666667
86,2010,2,Input_#3_P_NLP3,3025256.66666667
87,2010,3,RM Category,100 rm
87,2010,3,C.LK98,186
87,2010,3,P.LK98,4959436
87,2010,3,C.1K,52
87,2010,3,D.1K,1262144
87,2010,3,C.NLP3,134
87,2010,3,P.NLP3,3697292
87,2010,3,C_1K,38.6666666666667
87,2010,3,C_LK98,150.666666666667
87,2010,3,C_NLP3,112
87,2010,3,D_1K,950573.333333333
87,2010,3,P_LK98,4009764.66666667
87,2010,3,P_NLP3,3059191.33333333
87,2010,3,Input_#3_C_1K,33.6666666666667
87,2010,3,Input_#3_C_LK98,148.666666666667
87,2010,3,Input_#3_C_NLP3,115
87,2010,3,Input_#3_D_1K,863970.666666667
87,2010,3,Input_#3_P_LK98,4012310.66666667
87,2010,3,Input_#3_P_NLP3,3148340
88,2010,4,RM Category,100 rm
88,2010,4,C.LK98,132
88,2010,4,P.LK98,3584350
88,2010,4,C.1K,46
88,2010,4,D.1K,1204880
88,2010,4,C.NLP3,86
88,2010,4,P.NLP3,2379470
88,2010,4,C_1K,49.3333333333333
88,2010,4,C_LK98,156.666666666667
88,2010,4,C_NLP3,107.333333333333
88,2010,4,D_1K,1234130
88,2010,4,P_LK98,4205372
88,2010,4,P_NLP3,2971242
88,2010,4,Input_#3_C_1K,35.6666666666667
88,2010,4,Input_#3_C_LK98,150.666666666667
88,2010,4,Input_#3_C_NLP3,115
88,2010,4,Input_#3_D_1K,916466
88,2010,4,Input_#3_P_LK98,4082556
88,2010,4,Input_#3_P_NLP3,3166090
89,2010,5,RM Category,100 rm
89,2010,5,C.LK98,174
89,2010,5,P.LK98,4833424
89,2010,5,C.1K,46
89,2010,5,D.1K,1227894
89,2010,5,C.NLP3,128
89,2010,5,P.NLP3,3605530
89,2010,5,C_1K,48
89,2010,5,C_LK98,164
89,2010,5,C_NLP3,116
89,2010,5,D_1K,1231639.33333333
89,2010,5,P_LK98,4459070
89,2010,5,P_NLP3,3227430.66666667
89,2010,5,Input_#3_C_1K,39
89,2010,5,Input_#3_C_LK98,157.333333333333
89,2010,5,Input_#3_C_NLP3,118.333333333333
89,2010,5,Input_#3_D_1K,1004729.66666667
89,2010,5,Input_#3_P_LK98,4293083.66666667
89,2010,5,Input_#3_P_NLP3,3288354
90,2010,6,RM Category,100 rm
90,2010,6,C.LK98,178
90,2010,6,P.LK98,5171994
90,2010,6,C.1K,40
90,2010,6,D.1K,1107878
90,2010,6,C.NLP3,138
90,2010,6,P.NLP3,4064116
90,2010,6,C_1K,44
90,2010,6,C_LK98,161.333333333333
90,2010,6,C_NLP3,117.333333333333
90,2010,6,D_1K,1180217.33333333
90,2010,6,P_LK98,4529922.66666667
90,2010,6,P_NLP3,3349705.33333333
90,2010,6,Input_#3_C_1K,41.3333333333333
90,2010,6,Input_#3_C_LK98,156
90,2010,6,Input_#3_C_NLP3,114.666666666667
90,2010,6,Input_#3_D_1K,1065395.33333333
90,2010,6,Input_#3_P_LK98,4269843.66666667
90,2010,6,Input_#3_P_NLP3,3204448.33333333
91,2010,7,RM Category,100 rm
91,2010,7,C.LK98,132
91,2010,7,P.LK98,3468982
91,2010,7,C.1K,34
91,2010,7,D.1K,790248
91,2010,7,C.NLP3,98
91,2010,7,P.NLP3,2678734
91,2010,7,C_1K,40
91,2010,7,C_LK98,161.333333333333
91,2010,7,C_NLP3,121.333333333333
91,2010,7,D_1K,1042006.66666667
91,2010,7,P_LK98,4491466.66666667
91,2010,7,P_NLP3,3449460
91,2010,7,Input_#3_C_1K,44.6666666666667
91,2010,7,Input_#3_C_LK98,159
91,2010,7,Input_#3_C_NLP3,114.333333333333
91,2010,7,Input_#3_D_1K,1138068.33333333
91,2010,7,Input_#3_P_LK98,4348419.33333333
91,2010,7,Input_#3_P_NLP3,3210351
92,2010,8,RM Category,100 rm
92,2010,8,C.LK98,166
92,2010,8,P.LK98,4538430
92,2010,8,C.1K,42
92,2010,8,D.1K,969978
92,2010,8,C.NLP3,124
92,2010,8,P.NLP3,3568452
92,2010,8,C_1K,38.6666666666667
92,2010,8,C_LK98,158.666666666667
92,2010,8,C_NLP3,120
92,2010,8,D_1K,956034.666666667
92,2010,8,P_LK98,4393135.33333333
92,2010,8,P_NLP3,3437100.66666667
92,2010,8,Input_#3_C_1K,43.3333333333333
92,2010,8,Input_#3_C_LK98,161.333333333333
92,2010,8,Input_#3_C_NLP3,118
92,2010,8,Input_#3_D_1K,1093837
92,2010,8,Input_#3_P_LK98,4426102.66666667
92,2010,8,Input_#3_P_NLP3,3332265.66666667
93,2010,9,RM Category,100 rm
93,2010,9,C.LK98,198
93,2010,9,P.LK98,5453238
93,2010,9,C.1K,84
93,2010,9,D.1K,2281318
93,2010,9,C.NLP3,114
93,2010,9,P.NLP3,3171920
93,2010,9,C_1K,53.3333333333333
93,2010,9,C_LK98,165.333333333333
93,2010,9,C_NLP3,112
93,2010,9,D_1K,1347181.33333333
93,2010,9,P_LK98,4486883.33333333
93,2010,9,P_NLP3,3139702
93,2010,9,Input_#3_C_1K,48.6666666666667
93,2010,9,Input_#3_C_LK98,163.333333333333
93,2010,9,Input_#3_C_NLP3,114.666666666667
93,2010,9,Input_#3_D_1K,1263699.33333333
93,2010,9,Input_#3_P_LK98,4508403
93,2010,9,Input_#3_P_NLP3,3244703.66666667
94,2010,10,RM Category,100 rm
94,2010,10,C.LK98,204
94,2010,10,P.LK98,5622776
94,2010,10,C.1K,52
94,2010,10,D.1K,1409266
94,2010,10,C.NLP3,152
94,2010,10,P.NLP3,4213510
94,2010,10,C_1K,59.3333333333333
94,2010,10,C_LK98,189.333333333333
94,2010,10,C_NLP3,130
94,2010,10,D_1K,1553520.66666667
94,2010,10,P_LK98,5204814.66666667
94,2010,10,P_NLP3,3651294
94,2010,10,Input_#3_C_1K,49.6666666666667
94,2010,10,Input_#3_C_LK98,175.333333333333
94,2010,10,Input_#3_C_NLP3,125.666666666667
94,2010,10,Input_#3_D_1K,1297763.66666667
94,2010,10,Input_#3_P_LK98,4848140.66666667
94,2010,10,Input_#3_P_NLP3,3550377
95,2010,11,RM Category,100 rm
95,2010,11,C.LK98,204
95,2010,11,P.LK98,5675712
95,2010,11,C.1K,44
95,2010,11,D.1K,1207576
95,2010,11,C.NLP3,160
95,2010,11,P.NLP3,4468136
95,2010,11,C_1K,60
95,2010,11,C_LK98,202
95,2010,11,C_NLP3,142
95,2010,11,D_1K,1632720
95,2010,11,P_LK98,5583908.66666667
95,2010,11,P_NLP3,3951188.66666667
95,2010,11,Input_#3_C_1K,49.3333333333333
95,2010,11,Input_#3_C_LK98,180.333333333333
95,2010,11,Input_#3_C_NLP3,131
95,2010,11,Input_#3_D_1K,1294377.33333333
95,2010,11,Input_#3_P_LK98,4988522
95,2010,11,Input_#3_P_NLP3,3694144.66666667
96,2010,12,RM Category,100 rm
96,2010,12,C.LK98,254
96,2010,12,P.LK98,6911458
96,2010,12,C.1K,74
96,2010,12,D.1K,1958542
96,2010,12,C.NLP3,180
96,2010,12,P.NLP3,4952916
96,2010,12,C_1K,56.6666666666667
96,2010,12,C_LK98,220.666666666667
96,2010,12,C_NLP3,164
96,2010,12,D_1K,1525128
96,2010,12,P_LK98,6069982
96,2010,12,P_NLP3,4544854
96,2010,12,Input_#3_C_1K,55
96,2010,12,Input_#3_C_LK98,193
96,2010,12,Input_#3_C_NLP3,138
96,2010,12,Input_#3_D_1K,1436154.66666667
96,2010,12,Input_#3_P_LK98,5278432.66666667
96,2010,12,Input_#3_P_NLP3,3842278
97,2011,1,RM Category,100 rm
97,2011,1,C.LK98,162
97,2011,1,P.LK98,4428332
97,2011,1,C.1K,30
97,2011,1,D.1K,779462
97,2011,1,C.NLP3,132
97,2011,1,P.NLP3,3648870
97,2011,1,C_1K,49.3333333333333
97,2011,1,C_LK98,206.666666666667
97,2011,1,C_NLP3,157.333333333333
97,2011,1,D_1K,1315193.33333333
97,2011,1,P_LK98,5671834
97,2011,1,P_NLP3,4356640.66666667
97,2011,1,Input_#3_C_1K,54.3333333333333
97,2011,1,Input_#3_C_LK98,198
97,2011,1,Input_#3_C_NLP3,143.666666666667
97,2011,1,Input_#3_D_1K,1434357
97,2011,1,Input_#3_P_LK98,5438324.33333333
97,2011,1,Input_#3_P_NLP3,4003967.33333333
98,2011,2,RM Category,100 rm
98,2011,2,C.LK98,200
98,2011,2,P.LK98,5277422
98,2011,2,C.1K,56
98,2011,2,D.1K,1359860
98,2011,2,C.NLP3,144
98,2011,2,P.NLP3,3917562
98,2011,2,C_1K,53.3333333333333
98,2011,2,C_LK98,205.333333333333
98,2011,2,C_NLP3,152
98,2011,2,D_1K,1365954.66666667
98,2011,2,P_LK98,5539070.66666667
98,2011,2,P_NLP3,4173116
98,2011,2,Input_#3_C_1K,56.6666666666667
98,2011,2,Input_#3_C_LK98,203.666666666667
98,2011,2,Input_#3_C_NLP3,147
98,2011,2,Input_#3_D_1K,1499337.33333333
98,2011,2,Input_#3_P_LK98,5561489.66666667
98,2011,2,Input_#3_P_NLP3,4062152.33333333
99,2011,3,RM Category,100 rm
99,2011,3,C.LK98,234
99,2011,3,P.LK98,6671824
99,2011,3,C.1K,62
99,2011,3,D.1K,1724744
99,2011,3,C.NLP3,172
99,2011,3,P.NLP3,4947080
99,2011,3,C_1K,49.3333333333333
99,2011,3,C_LK98,198.666666666667
99,2011,3,C_NLP3,149.333333333333
99,2011,3,D_1K,1288022
99,2011,3,P_LK98,5459192.66666667
99,2011,3,P_NLP3,4171170.66666667
99,2011,3,Input_#3_C_1K,53
99,2011,3,Input_#3_C_LK98,209.666666666667
99,2011,3,Input_#3_C_NLP3,156.666666666667
99,2011,3,Input_#3_D_1K,1406575
99,2011,3,Input_#3_P_LK98,5764587.33333333
99,2011,3,Input_#3_P_NLP3,4358012.33333333
100,2011,4,RM Category,100 rm
100,2011,4,C.LK98,206
100,2011,4,P.LK98,5623768
100,2011,4,C.1K,50
100,2011,4,D.1K,1475470
100,2011,4,C.NLP3,156
100,2011,4,P.NLP3,4148298
100,2011,4,C_1K,56
100,2011,4,C_LK98,213.333333333333
100,2011,4,C_NLP3,157.333333333333
100,2011,4,D_1K,1520024.66666667
100,2011,4,P_LK98,5857671.33333333
100,2011,4,P_NLP3,4337646.66666667
100,2011,4,Input_#3_C_1K,52.6666666666667
100,2011,4,Input_#3_C_LK98,210
100,2011,4,Input_#3_C_NLP3,157.333333333333
100,2011,4,Input_#3_D_1K,1417609
100,2011,4,Input_#3_P_LK98,5764752.66666667
100,2011,4,Input_#3_P_NLP3,4347143.66666667
101,2011,5,RM Category,100 rm
101,2011,5,C.LK98,216
101,2011,5,P.LK98,6347220
101,2011,5,C.1K,46
101,2011,5,D.1K,1360616
101,2011,5,C.NLP3,170
101,2011,5,P.NLP3,4986604
101,2011,5,C_1K,52.6666666666667
101,2011,5,C_LK98,218.666666666667
101,2011,5,C_NLP3,166
101,2011,5,D_1K,1520276.66666667
101,2011,5,P_LK98,6214270.66666667
101,2011,5,P_NLP3,4693994
101,2011,5,Input_#3_C_1K,53
101,2011,5,Input_#3_C_LK98,212
101,2011,5,Input_#3_C_NLP3,159
101,2011,5,Input_#3_D_1K,1443115.66666667
101,2011,5,Input_#3_P_LK98,5876670.66666667
101,2011,5,Input_#3_P_NLP3,4433555
102,2011,6,RM Category,100 rm
102,2011,6,C.LK98,246
102,2011,6,P.LK98,6731618
102,2011,6,C.1K,52
102,2011,6,D.1K,1436186
102,2011,6,C.NLP3,194
102,2011,6,P.NLP3,5295432
102,2011,6,C_1K,49.3333333333333
102,2011,6,C_LK98,222.666666666667
102,2011,6,C_NLP3,173.333333333333
102,2011,6,D_1K,1424090.66666667
102,2011,6,P_LK98,6234202
102,2011,6,P_NLP3,4810111.33333333
102,2011,6,Input_#3_C_1K,49.3333333333333
102,2011,6,Input_#3_C_LK98,210.666666666667
102,2011,6,Input_#3_C_NLP3,161.333333333333
102,2011,6,Input_#3_D_1K,1356056.33333333
102,2011,6,Input_#3_P_LK98,5846697.33333333
102,2011,6,Input_#3_P_NLP3,4490641
103,2011,7,RM Category,100 rm
103,2011,7,C.LK98,206
103,2011,7,P.LK98,5944414
103,2011,7,C.1K,44
103,2011,7,D.1K,1213580
103,2011,7,C.NLP3,162
103,2011,7,P.NLP3,4730834
103,2011,7,C_1K,47.3333333333333
103,2011,7,C_LK98,222.666666666667
103,2011,7,C_NLP3,175.333333333333
103,2011,7,D_1K,1336794
103,2011,7,P_LK98,6341084
103,2011,7,P_NLP3,5004290
103,2011,7,Input_#3_C_1K,51.6666666666667
103,2011,7,Input_#3_C_LK98,218
103,2011,7,Input_#3_C_NLP3,166.333333333333
103,2011,7,Input_#3_D_1K,1428409.33333333
103,2011,7,Input_#3_P_LK98,6099377.66666667
103,2011,7,Input_#3_P_NLP3,4670968.33333333
104,2011,8,RM Category,100 rm
104,2011,8,C.LK98,260
104,2011,8,P.LK98,7645462
104,2011,8,C.1K,52
104,2011,8,D.1K,1430134
104,2011,8,C.NLP3,208
104,2011,8,P.NLP3,6215328
104,2011,8,C_1K,49.3333333333333
104,2011,8,C_LK98,237.333333333333
104,2011,8,C_NLP3,188
104,2011,8,D_1K,1359966.66666667
104,2011,8,P_LK98,6773831.33333333
104,2011,8,P_NLP3,5413864.66666667
104,2011,8,Input_#3_C_1K,51
104,2011,8,Input_#3_C_LK98,228
104,2011,8,Input_#3_C_NLP3,177
104,2011,8,Input_#3_D_1K,1440121.66666667
104,2011,8,Input_#3_P_LK98,6494051
104,2011,8,Input_#3_P_NLP3,5053929.33333333
105,2011,9,RM Category,100 rm
105,2011,9,C.LK98,252
105,2011,9,P.LK98,7323270
105,2011,9,C.1K,66
105,2011,9,D.1K,1947898
105,2011,9,C.NLP3,186
105,2011,9,P.NLP3,5375372
105,2011,9,C_1K,54
105,2011,9,C_LK98,239.333333333333
105,2011,9,C_NLP3,185.333333333333
105,2011,9,D_1K,1530537.33333333
105,2011,9,P_LK98,6971048.66666667
105,2011,9,P_NLP3,5440511.33333333
105,2011,9,Input_#3_C_1K,51.6666666666667
105,2011,9,Input_#3_C_LK98,231
105,2011,9,Input_#3_C_NLP3,179.333333333333
105,2011,9,Input_#3_D_1K,1477314
105,2011,9,Input_#3_P_LK98,6602625.33333333
105,2011,9,Input_#3_P_NLP3,5125311.33333333
106,2011,10,RM Category,100 rm
106,2011,10,C.LK98,278
106,2011,10,P.LK98,8412016
106,2011,10,C.1K,106
106,2011,10,D.1K,3066842
106,2011,10,C.NLP3,172
106,2011,10,P.NLP3,5345174
106,2011,10,C_1K,74.6666666666667
106,2011,10,C_LK98,263.333333333333
106,2011,10,C_NLP3,188.666666666667
106,2011,10,D_1K,2148291.33333333
106,2011,10,P_LK98,7793582.66666667
106,2011,10,P_NLP3,5645291.33333333
106,2011,10,Input_#3_C_1K,61
106,2011,10,Input_#3_C_LK98,243
106,2011,10,Input_#3_C_NLP3,182
106,2011,10,Input_#3_D_1K,1742542.66666667
106,2011,10,Input_#3_P_LK98,7067333.33333333
106,2011,10,Input_#3_P_NLP3,5324790.66666667
107,2011,11,RM Category,100 rm
107,2011,11,C.LK98,236
107,2011,11,P.LK98,6834174
107,2011,11,C.1K,70
107,2011,11,D.1K,1924944
107,2011,11,C.NLP3,166
107,2011,11,P.NLP3,4909230
107,2011,11,C_1K,80.6666666666667
107,2011,11,C_LK98,255.333333333333
107,2011,11,C_NLP3,174.666666666667
107,2011,11,D_1K,2313228
107,2011,11,P_LK98,7523153.33333333
107,2011,11,P_NLP3,5209925.33333333
107,2011,11,Input_#3_C_1K,65
107,2011,11,Input_#3_C_LK98,246.333333333333
107,2011,11,Input_#3_C_NLP3,181.333333333333
107,2011,11,Input_#3_D_1K,1836597.33333333
107,2011,11,Input_#3_P_LK98,7148492.33333333
107,2011,11,Input_#3_P_NLP3,5311895
108,2011,12,RM Category,100 rm
108,2011,12,C.LK98,306
108,2011,12,P.LK98,9081612
108,2011,12,C.1K,82
108,2011,12,D.1K,2451008
108,2011,12,C.NLP3,224
108,2011,12,P.NLP3,6630604
108,2011,12,C_1K,86
108,2011,12,C_LK98,273.333333333333
108,2011,12,C_NLP3,187.333333333333
108,2011,12,D_1K,2480931.33333333
108,2011,12,P_LK98,8109267.33333333
108,2011,12,P_NLP3,5628336
108,2011,12,Input_#3_C_1K,70
108,2011,12,Input_#3_C_LK98,256.333333333333
108,2011,12,Input_#3_C_NLP3,186.333333333333
108,2011,12,Input_#3_D_1K,2005734.33333333
108,2011,12,Input_#3_P_LK98,7540158
108,2011,12,Input_#3_P_NLP3,5534423.66666667
109,2012,1,RM Category,100 rm
109,2012,1,C.LK98,192
109,2012,1,P.LK98,5581532
109,2012,1,C.1K,26
109,2012,1,D.1K,803660
109,2012,1,C.NLP3,166
109,2012,1,P.NLP3,4777872
109,2012,1,C_1K,59.3333333333333
109,2012,1,C_LK98,244.666666666667
109,2012,1,C_NLP3,185.333333333333
109,2012,1,D_1K,1726537.33333333
109,2012,1,P_LK98,7165772.66666667
109,2012,1,P_NLP3,5439235.33333333
109,2012,1,Input_#3_C_1K,67
109,2012,1,Input_#3_C_LK98,254
109,2012,1,Input_#3_C_NLP3,187
109,2012,1,Input_#3_D_1K,1937414.33333333
109,2012,1,Input_#3_P_LK98,7479677.66666667
109,2012,1,Input_#3_P_NLP3,5542263.33333333
110,2012,2,RM Category,100 rm
110,2012,2,C.LK98,260
110,2012,2,P.LK98,7732100
110,2012,2,C.1K,58
110,2012,2,D.1K,1678606
110,2012,2,C.NLP3,202
110,2012,2,P.NLP3,6053494
110,2012,2,C_1K,55.3333333333333
110,2012,2,C_LK98,252.666666666667
110,2012,2,C_NLP3,197.333333333333
110,2012,2,D_1K,1644424.66666667
110,2012,2,P_LK98,7465081.33333333
110,2012,2,P_NLP3,5820656.66666667
110,2012,2,Input_#3_C_1K,68
110,2012,2,Input_#3_C_LK98,254
110,2012,2,Input_#3_C_NLP3,186
110,2012,2,Input_#3_D_1K,1978826.33333333
110,2012,2,Input_#3_P_LK98,7494117.33333333
110,2012,2,Input_#3_P_NLP3,5515291
111,2012,3,RM Category,100 rm
111,2012,3,C.LK98,264
111,2012,3,P.LK98,8080110
111,2012,3,C.1K,48
111,2012,3,D.1K,1470718
111,2012,3,C.NLP3,216
111,2012,3,P.NLP3,6609392
111,2012,3,C_1K,44
111,2012,3,C_LK98,238.666666666667
111,2012,3,C_NLP3,194.666666666667
111,2012,3,D_1K,1317661.33333333
111,2012,3,P_LK98,7131247.33333333
111,2012,3,P_NLP3,5813586
111,2012,3,Input_#3_C_1K,65
111,2012,3,Input_#3_C_LK98,256
111,2012,3,Input_#3_C_NLP3,191
111,2012,3,Input_#3_D_1K,1899296.33333333
111,2012,3,Input_#3_P_LK98,7620257.33333333
111,2012,3,Input_#3_P_NLP3,5720961
112,2012,4,RM Category,100 rm
112,2012,4,C.LK98,332
112,2012,4,P.LK98,9876564
112,2012,4,C.1K,88
112,2012,4,D.1K,2642414
112,2012,4,C.NLP3,244
112,2012,4,P.NLP3,7234150
112,2012,4,C_1K,64.6666666666667
112,2012,4,C_LK98,285.333333333333
112,2012,4,C_NLP3,220.666666666667
112,2012,4,D_1K,1930579.33333333
112,2012,4,P_LK98,8562924.66666667
112,2012,4,P_NLP3,6632345.33333333
112,2012,4,Input_#3_C_1K,62
112,2012,4,Input_#3_C_LK98,265
112,2012,4,Input_#3_C_NLP3,203
112,2012,4,Input_#3_D_1K,1828558.33333333
112,2012,4,Input_#3_P_LK98,7864348.66666667
112,2012,4,Input_#3_P_NLP3,6035790.33333333
113,2012,5,RM Category,100 rm
113,2012,5,C.LK98,254
113,2012,5,P.LK98,7785138
113,2012,5,C.1K,84
113,2012,5,D.1K,2680500
113,2012,5,C.NLP3,170
113,2012,5,P.NLP3,5104638
113,2012,5,C_1K,73.3333333333333
113,2012,5,C_LK98,283.333333333333
113,2012,5,C_NLP3,210
113,2012,5,D_1K,2264544
113,2012,5,P_LK98,8580604
113,2012,5,P_NLP3,6316060
113,2012,5,Input_#3_C_1K,64.3333333333333
113,2012,5,Input_#3_C_LK98,268
113,2012,5,Input_#3_C_NLP3,203.666666666667
113,2012,5,Input_#3_D_1K,1954484.33333333
113,2012,5,Input_#3_P_LK98,8022842.66666667
113,2012,5,Input_#3_P_NLP3,6068358.33333333
114,2012,6,RM Category,100 rm
114,2012,6,C.LK98,294
114,2012,6,P.LK98,8715312
114,2012,6,C.1K,90
114,2012,6,D.1K,2716414
114,2012,6,C.NLP3,204
114,2012,6,P.NLP3,5998898
114,2012,6,C_1K,87.3333333333333
114,2012,6,C_LK98,293.333333333333
114,2012,6,C_NLP3,206
114,2012,6,D_1K,2679776
114,2012,6,P_LK98,8792338
114,2012,6,P_NLP3,6112562
114,2012,6,Input_#3_C_1K,65.6666666666667
114,2012,6,Input_#3_C_LK98,266
114,2012,6,Input_#3_C_NLP3,200.333333333333
114,2012,6,Input_#3_D_1K,1998718.66666667
114,2012,6,Input_#3_P_LK98,7961792.66666667
114,2012,6,Input_#3_P_NLP3,5963074
115,2012,7,RM Category,100 rm
115,2012,7,C.LK98,220
115,2012,7,P.LK98,6384892
115,2012,7,C.1K,52
115,2012,7,D.1K,1510894
115,2012,7,C.NLP3,168
115,2012,7,P.NLP3,4873998
115,2012,7,C_1K,75.3333333333333
115,2012,7,C_LK98,256
115,2012,7,C_NLP3,180.666666666667
115,2012,7,D_1K,2302602.66666667
115,2012,7,P_LK98,7628447.33333333
115,2012,7,P_NLP3,5325844.66666667
115,2012,7,Input_#3_C_1K,70
115,2012,7,Input_#3_C_LK98,270.666666666667
115,2012,7,Input_#3_C_NLP3,200.666666666667
115,2012,7,Input_#3_D_1K,2116591
115,2012,7,Input_#3_P_LK98,8095686
115,2012,7,Input_#3_P_NLP3,5979095
116,2012,8,RM Category,100 rm
116,2012,8,C.LK98,280
116,2012,8,P.LK98,8416518
116,2012,8,C.1K,58
116,2012,8,D.1K,1716104
116,2012,8,C.NLP3,222
116,2012,8,P.NLP3,6700414
116,2012,8,C_1K,66.6666666666667
116,2012,8,C_LK98,264.666666666667
116,2012,8,C_NLP3,198
116,2012,8,D_1K,1981137.33333333
116,2012,8,P_LK98,7838907.33333333
116,2012,8,P_NLP3,5857770
116,2012,8,Input_#3_C_1K,70
116,2012,8,Input_#3_C_LK98,274
116,2012,8,Input_#3_C_NLP3,204
116,2012,8,Input_#3_D_1K,2122840.66666667
116,2012,8,Input_#3_P_LK98,8209755.66666667
116,2012,8,Input_#3_P_NLP3,6086915
117,2012,9,RM Category,100 rm
117,2012,9,C.LK98,276
117,2012,9,P.LK98,7989642
117,2012,9,C.1K,56
117,2012,9,D.1K,1650708
117,2012,9,C.NLP3,220
117,2012,9,P.NLP3,6338934
117,2012,9,C_1K,55.3333333333333
117,2012,9,C_LK98,258.666666666667
117,2012,9,C_NLP3,203.333333333333
117,2012,9,D_1K,1625902
117,2012,9,P_LK98,7597017.33333333
117,2012,9,P_NLP3,5971115.33333333
117,2012,9,Input_#3_C_1K,71.3333333333333
117,2012,9,Input_#3_C_LK98,276
117,2012,9,Input_#3_C_NLP3,204.666666666667
117,2012,9,Input_#3_D_1K,2152839
117,2012,9,Input_#3_P_LK98,8194677.66666667
117,2012,9,Input_#3_P_NLP3,6041838.66666667
118,2012,10,RM Category,100 rm
118,2012,10,C.LK98,308
118,2012,10,P.LK98,8949428
118,2012,10,C.1K,78
118,2012,10,D.1K,2131532
118,2012,10,C.NLP3,230
118,2012,10,P.NLP3,6817896
118,2012,10,C_1K,64
118,2012,10,C_LK98,288
118,2012,10,C_NLP3,224
118,2012,10,D_1K,1832781.33333333
118,2012,10,P_LK98,8451862.66666667
118,2012,10,P_NLP3,6619081.33333333
118,2012,10,Input_#3_C_1K,69.6666666666667
118,2012,10,Input_#3_C_LK98,272
118,2012,10,Input_#3_C_NLP3,202.333333333333
118,2012,10,Input_#3_D_1K,2067692
118,2012,10,Input_#3_P_LK98,8040155
118,2012,10,Input_#3_P_NLP3,5972463
119,2012,11,RM Category,100 rm
119,2012,11,C.LK98,322
119,2012,11,P.LK98,9803404
119,2012,11,C.1K,84
119,2012,11,D.1K,2500876
119,2012,11,C.NLP3,238
119,2012,11,P.NLP3,7302528
119,2012,11,C_1K,72.6666666666667
119,2012,11,C_LK98,302
119,2012,11,C_NLP3,229.333333333333
119,2012,11,D_1K,2094372
119,2012,11,P_LK98,8914158
119,2012,11,P_NLP3,6819786
119,2012,11,Input_#3_C_1K,69.6666666666667
119,2012,11,Input_#3_C_LK98,283.333333333333
119,2012,11,Input_#3_C_NLP3,213.666666666667
119,2012,11,Input_#3_D_1K,2037754.66666667
119,2012,11,Input_#3_P_LK98,8376532.66666667
119,2012,11,Input_#3_P_NLP3,6338778
120,2012,12,RM Category,100 rm
120,2012,12,C.LK98,328
120,2012,12,P.LK98,10449006
120,2012,12,C.1K,96
120,2012,12,D.1K,2287590
120,2012,12,C.NLP3,232
120,2012,12,P.NLP3,8161416
120,2012,12,C_1K,86
120,2012,12,C_LK98,319.333333333333
120,2012,12,C_NLP3,233.333333333333
120,2012,12,D_1K,2306666
120,2012,12,P_LK98,9733946
120,2012,12,P_NLP3,7427280
120,2012,12,Input_#3_C_1K,70.6666666666667
120,2012,12,Input_#3_C_LK98,289
120,2012,12,Input_#3_C_NLP3,218.333333333333
120,2012,12,Input_#3_D_1K,1966284
120,2012,12,Input_#3_P_LK98,8665481.66666667
120,2012,12,Input_#3_P_NLP3,6699197.66666667
121,2013,1,RM Category,100 rm
121,2013,1,C.LK98,216
121,2013,1,P.LK98,6818172
121,2013,1,C.1K,48
121,2013,1,D.1K,1599208
121,2013,1,C.NLP3,168
121,2013,1,P.NLP3,5218964
121,2013,1,C_1K,76
121,2013,1,C_LK98,288.666666666667
121,2013,1,C_NLP3,212.666666666667
121,2013,1,D_1K,2129224.66666667
121,2013,1,P_LK98,9023527.33333333
121,2013,1,P_NLP3,6894302.66666667
121,2013,1,Input_#3_C_1K,70
121,2013,1,Input_#3_C_LK98,288.333333333333
121,2013,1,Input_#3_C_NLP3,218.333333333333
121,2013,1,Input_#3_D_1K,1981003
121,2013,1,Input_#3_P_LK98,8737695
121,2013,1,Input_#3_P_NLP3,6756692
122,2013,2,RM Category,100 rm
122,2013,2,C.LK98,274
122,2013,2,P.LK98,8408008
122,2013,2,C.1K,54
122,2013,2,D.1K,1646792
122,2013,2,C.NLP3,220
122,2013,2,P.NLP3,6761216
122,2013,2,C_1K,66
122,2013,2,C_LK98,272.666666666667
122,2013,2,C_NLP3,206.666666666667
122,2013,2,D_1K,1844530
122,2013,2,P_LK98,8558395.33333333
122,2013,2,P_NLP3,6713865.33333333
122,2013,2,Input_#3_C_1K,69.3333333333333
122,2013,2,Input_#3_C_LK98,287.333333333333
122,2013,2,Input_#3_C_NLP3,218
122,2013,2,Input_#3_D_1K,1969451
122,2013,2,Input_#3_P_LK98,8736276.66666667
122,2013,2,Input_#3_P_NLP3,6766825.66666667
123,2013,3,RM Category,100 rm
123,2013,3,C.LK98,310
123,2013,3,P.LK98,9280884
123,2013,3,C.1K,70
123,2013,3,D.1K,2161424
123,2013,3,C.NLP3,240
123,2013,3,P.NLP3,7119460
123,2013,3,C_1K,57.3333333333333
123,2013,3,C_LK98,266.666666666667
123,2013,3,C_NLP3,209.333333333333
123,2013,3,D_1K,1802474.66666667
123,2013,3,P_LK98,8169021.33333333
123,2013,3,P_NLP3,6366546.66666667
123,2013,3,Input_#3_C_1K,71.6666666666667
123,2013,3,Input_#3_C_LK98,293
123,2013,3,Input_#3_C_NLP3,221.333333333333
123,2013,3,Input_#3_D_1K,2054570.33333333
123,2013,3,Input_#3_P_LK98,8951483.66666667
123,2013,3,Input_#3_P_NLP3,6896913.33333333
124,2013,4,RM Category,100 rm
124,2013,4,C.LK98,272
124,2013,4,P.LK98,8061274
124,2013,4,C.1K,78
124,2013,4,D.1K,2340622
124,2013,4,C.NLP3,194
124,2013,4,P.NLP3,5720652
124,2013,4,C_1K,67.3333333333333
124,2013,4,C_LK98,285.333333333333
124,2013,4,C_NLP3,218
124,2013,4,D_1K,2049612.66666667
124,2013,4,P_LK98,8583388.66666667
124,2013,4,P_NLP3,6533776
124,2013,4,Input_#3_C_1K,71.6666666666667
124,2013,4,Input_#3_C_LK98,287
124,2013,4,Input_#3_C_NLP3,215.333333333333
124,2013,4,Input_#3_D_1K,2089418.66666667
124,2013,4,Input_#3_P_LK98,8803458
124,2013,4,Input_#3_P_NLP3,6714039.33333333
125,2013,5,RM Category,100 rm
125,2013,5,C.LK98,258
125,2013,5,P.LK98,7867114
125,2013,5,C.1K,70
125,2013,5,D.1K,2203744
125,2013,5,C.NLP3,188
125,2013,5,P.NLP3,5663370
125,2013,5,C_1K,72.6666666666667
125,2013,5,C_LK98,280
125,2013,5,C_NLP3,207.333333333333
125,2013,5,D_1K,2235263.33333333
125,2013,5,P_LK98,8403090.66666667
125,2013,5,P_NLP3,6167827.33333333
125,2013,5,Input_#3_C_1K,69.3333333333333
125,2013,5,Input_#3_C_LK98,276.333333333333
125,2013,5,Input_#3_C_NLP3,207
125,2013,5,Input_#3_D_1K,2039896.66666667
125,2013,5,Input_#3_P_LK98,8480743
125,2013,5,Input_#3_P_NLP3,6440846.33333333
126,2013,6,RM Category,100 rm
126,2013,6,C.LK98,332
126,2013,6,P.LK98,10338154
126,2013,6,C.1K,104
126,2013,6,D.1K,3383116
126,2013,6,C.NLP3,228
126,2013,6,P.NLP3,6955038
126,2013,6,C_1K,84
126,2013,6,C_LK98,287.333333333333
126,2013,6,C_NLP3,203.333333333333
126,2013,6,D_1K,2642494
126,2013,6,P_LK98,8755514
126,2013,6,P_NLP3,6113020
126,2013,6,Input_#3_C_1K,70.6666666666667
126,2013,6,Input_#3_C_LK98,277
126,2013,6,Input_#3_C_NLP3,206.333333333333
126,2013,6,Input_#3_D_1K,2222484.33333333
126,2013,6,Input_#3_P_LK98,8462267.66666667
126,2013,6,Input_#3_P_NLP3,6239783.33333333
127,2013,7,RM Category,100 rm
127,2013,7,C.LK98,276
127,2013,7,P.LK98,8462966
127,2013,7,C.1K,90
127,2013,7,D.1K,2646306
127,2013,7,C.NLP3,186
127,2013,7,P.NLP3,5816660
127,2013,7,C_1K,88
127,2013,7,C_LK98,288.666666666667
127,2013,7,C_NLP3,200.666666666667
127,2013,7,D_1K,2744388.66666667
127,2013,7,P_LK98,8889411.33333333
127,2013,7,P_NLP3,6145022.66666667
127,2013,7,Input_#3_C_1K,77.6666666666667
127,2013,7,Input_#3_C_LK98,287
127,2013,7,Input_#3_C_NLP3,209.333333333333
127,2013,7,Input_#3_D_1K,2397000.66666667
127,2013,7,Input_#3_P_LK98,8736400
127,2013,7,Input_#3_P_NLP3,6339399.33333333
128,2013,8,RM Category,100 rm
128,2013,8,C.LK98,302
128,2013,8,P.LK98,9369708
128,2013,8,C.1K,82
128,2013,8,D.1K,2597896
128,2013,8,C.NLP3,220
128,2013,8,P.NLP3,6771812
128,2013,8,C_1K,92
128,2013,8,C_LK98,303.333333333333
128,2013,8,C_NLP3,211.333333333333
128,2013,8,D_1K,2875772.66666667
128,2013,8,P_LK98,9390276
128,2013,8,P_NLP3,6514503.33333333
128,2013,8,Input_#3_C_1K,82.3333333333333
128,2013,8,Input_#3_C_LK98,291.666666666667
128,2013,8,Input_#3_C_NLP3,209.333333333333
128,2013,8,Input_#3_D_1K,2555518
128,2013,8,Input_#3_P_LK98,8896683.33333333
128,2013,8,Input_#3_P_NLP3,6341165.33333333
129,2013,9,RM Category,100 rm
129,2013,9,C.LK98,314
129,2013,9,P.LK98,9599568
129,2013,9,C.1K,86
129,2013,9,D.1K,2557116
129,2013,9,C.NLP3,228
129,2013,9,P.NLP3,7042452
129,2013,9,C_1K,86
129,2013,9,C_LK98,297.333333333333
129,2013,9,C_NLP3,211.333333333333
129,2013,9,D_1K,2600439.33333333
129,2013,9,P_LK98,9144080.66666667
129,2013,9,P_NLP3,6543641.33333333
129,2013,9,Input_#3_C_1K,85
129,2013,9,Input_#3_C_LK98,292.333333333333
129,2013,9,Input_#3_C_NLP3,207.333333333333
129,2013,9,Input_#3_D_1K,2621466.66666667
129,2013,9,Input_#3_P_LK98,8949797.33333333
129,2013,9,Input_#3_P_NLP3,6328330.66666667
130,2013,10,RM Category,100 rm
130,2013,10,C.LK98,260
130,2013,10,P.LK98,7972988
130,2013,10,C.1K,68
130,2013,10,D.1K,2063752
130,2013,10,C.NLP3,192
130,2013,10,P.NLP3,5909236
130,2013,10,C_1K,78.6666666666667
130,2013,10,C_LK98,292
130,2013,10,C_NLP3,213.333333333333
130,2013,10,D_1K,2406254.66666667
130,2013,10,P_LK98,8980754.66666667
130,2013,10,P_NLP3,6574500
130,2013,10,Input_#3_C_1K,83.3333333333333
130,2013,10,Input_#3_C_LK98,290.333333333333
130,2013,10,Input_#3_C_NLP3,207
130,2013,10,Input_#3_D_1K,2575321.66666667
130,2013,10,Input_#3_P_LK98,8935083
130,2013,10,Input_#3_P_NLP3,6359761.33333333
131,2013,11,RM Category,100 rm
131,2013,11,C.LK98,262
131,2013,11,P.LK98,7922588
131,2013,11,C.1K,70
131,2013,11,D.1K,2202190
131,2013,11,C.NLP3,192
131,2013,11,P.NLP3,5720398
131,2013,11,C_1K,74.6666666666667
131,2013,11,C_LK98,278.666666666667
131,2013,11,C_NLP3,204
131,2013,11,D_1K,2274352.66666667
131,2013,11,P_LK98,8498381.33333333
131,2013,11,P_NLP3,6224028.66666667
131,2013,11,Input_#3_C_1K,83.3333333333333
131,2013,11,Input_#3_C_LK98,291
131,2013,11,Input_#3_C_NLP3,207.666666666667
131,2013,11,Input_#3_D_1K,2575062.66666667
131,2013,11,Input_#3_P_LK98,8944328.66666667
131,2013,11,Input_#3_P_NLP3,6369266
132,2013,12,RM Category,100 rm
132,2013,12,C.LK98,306
132,2013,12,P.LK98,9572772
132,2013,12,C.1K,80
132,2013,12,D.1K,2670894
132,2013,12,C.NLP3,226
132,2013,12,P.NLP3,6901878
132,2013,12,C_1K,72.6666666666667
132,2013,12,C_LK98,276
132,2013,12,C_NLP3,203.333333333333
132,2013,12,D_1K,2312278.66666667
132,2013,12,P_LK98,8489449.33333333
132,2013,12,P_NLP3,6177170.66666667
132,2013,12,Input_#3_C_1K,79.3333333333333
132,2013,12,Input_#3_C_LK98,286.666666666667
132,2013,12,Input_#3_C_NLP3,207.333333333333
132,2013,12,Input_#3_D_1K,2456359
132,2013,12,Input_#3_P_LK98,8816765
132,2013,12,Input_#3_P_NLP3,6360406
133,2014,1,RM Category,100 rm
133,2014,1,C.LK98,260
133,2014,1,P.LK98,8009204
133,2014,1,C.1K,40
133,2014,1,D.1K,1107498
133,2014,1,C.NLP3,220
133,2014,1,P.NLP3,6901706
133,2014,1,C_1K,63.3333333333333
133,2014,1,C_LK98,276
133,2014,1,C_NLP3,212.666666666667
133,2014,1,D_1K,1993527.33333333
133,2014,1,P_LK98,8501521.33333333
133,2014,1,P_NLP3,6507994
133,2014,1,Input_#3_C_1K,71
133,2014,1,Input_#3_C_LK98,284
133,2014,1,Input_#3_C_NLP3,213
133,2014,1,Input_#3_D_1K,2199891
133,2014,1,Input_#3_P_LK98,8741138
133,2014,1,Input_#3_P_NLP3,6541247
134,2014,2,RM Category,100 rm
134,2014,2,C.LK98,270
134,2014,2,P.LK98,8397186
134,2014,2,C.1K,42
134,2014,2,D.1K,1391564
134,2014,2,C.NLP3,228
134,2014,2,P.NLP3,7005622
134,2014,2,C_1K,54
134,2014,2,C_LK98,278.666666666667
134,2014,2,C_NLP3,224.666666666667
134,2014,2,D_1K,1723318.66666667
134,2014,2,P_LK98,8659720.66666667
134,2014,2,P_NLP3,6936402
134,2014,2,Input_#3_C_1K,64.3333333333333
134,2014,2,Input_#3_C_LK98,278.666666666667
134,2014,2,Input_#3_C_NLP3,214.333333333333
134,2014,2,Input_#3_D_1K,1998835.66666667
134,2014,2,Input_#3_P_LK98,8579051
134,2014,2,Input_#3_P_NLP3,6580215.33333333
135,2014,3,RM Category,100 rm
135,2014,3,C.LK98,278
135,2014,3,P.LK98,8184772
135,2014,3,C.1K,66
135,2014,3,D.1K,1934454
135,2014,3,C.NLP3,212
135,2014,3,P.NLP3,6250318
135,2014,3,C_1K,49.3333333333333
135,2014,3,C_LK98,269.333333333333
135,2014,3,C_NLP3,220
135,2014,3,D_1K,1477838.66666667
135,2014,3,P_LK98,8197054
135,2014,3,P_NLP3,6719215.33333333
135,2014,3,Input_#3_C_1K,61
135,2014,3,Input_#3_C_LK98,272.666666666667
135,2014,3,Input_#3_C_NLP3,211.666666666667
135,2014,3,Input_#3_D_1K,1895058.66666667
135,2014,3,Input_#3_P_LK98,8343251.66666667
135,2014,3,Input_#3_P_NLP3,6448193
136,2014,4,RM Category,100 rm
136,2014,4,C.LK98,224
136,2014,4,P.LK98,6720750
136,2014,4,C.1K,62
136,2014,4,D.1K,1865100
136,2014,4,C.NLP3,162
136,2014,4,P.NLP3,4855650
136,2014,4,C_1K,56.6666666666667
136,2014,4,C_LK98,257.333333333333
136,2014,4,C_NLP3,200.666666666667
136,2014,4,D_1K,1730372.66666667
136,2014,4,P_LK98,7767569.33333333
136,2014,4,P_NLP3,6037196.66666667
136,2014,4,Input_#3_C_1K,60
136,2014,4,Input_#3_C_LK98,266.666666666667
136,2014,4,Input_#3_C_NLP3,206.666666666667
136,2014,4,Input_#3_D_1K,1861950
136,2014,4,Input_#3_P_LK98,8134545.33333333
136,2014,4,Input_#3_P_NLP3,6272595.33333333
137,2014,5,RM Category,100 rm
137,2014,5,C.LK98,234
137,2014,5,P.LK98,7116218
137,2014,5,C.1K,54
137,2014,5,D.1K,1728575.4
137,2014,5,C.NLP3,180
137,2014,5,P.NLP3,5387642.6
137,2014,5,C_1K,60.6666666666667
137,2014,5,C_LK98,245.333333333333
137,2014,5,C_NLP3,184.666666666667
137,2014,5,D_1K,1842709.8
137,2014,5,P_LK98,7340580
137,2014,5,P_NLP3,5497870.2
137,2014,5,Input_#3_C_1K,57.3333333333333
137,2014,5,Input_#3_C_LK98,262
137,2014,5,Input_#3_C_NLP3,204.666666666667
137,2014,5,Input_#3_D_1K,1783014.23333333
137,2014,5,Input_#3_P_LK98,8000150.33333333
137,2014,5,Input_#3_P_NLP3,6217136.1
138,2014,6,RM Category,100 rm
138,2014,6,C.LK98,318
138,2014,6,P.LK98,9727880
138,2014,6,C.1K,106
138,2014,6,D.1K,3373669.68
138,2014,6,C.NLP3,212
138,2014,6,P.NLP3,6354210.32
138,2014,6,C_1K,74
138,2014,6,C_LK98,258.666666666667
138,2014,6,C_NLP3,184.666666666667
138,2014,6,D_1K,2322448.36
138,2014,6,P_LK98,7854949.33333333
138,2014,6,P_NLP3,5532500.97333333
138,2014,6,Input_#3_C_1K,61.6666666666667
138,2014,6,Input_#3_C_LK98,264
138,2014,6,Input_#3_C_NLP3,202.333333333333
138,2014,6,Input_#3_D_1K,1900143.51333333
138,2014,6,Input_#3_P_LK98,8026001.66666667
138,2014,6,Input_#3_P_NLP3,6125858.15333333
139,2014,7,RM Category,100 rm
139,2014,7,C.LK98,
139,2014,7,P.LK98,
139,2014,7,C.1K,
139,2014,7,D.1K,
139,2014,7,C.NLP3,
139,2014,7,P.NLP3,
139,2014,7,C_1K,53.3333333333333
139,2014,7,C_LK98,184
139,2014,7,C_NLP3,130.666666666667
139,2014,7,D_1K,1700748.36
139,2014,7,P_LK98,5614699.33333333
139,2014,7,P_NLP3,3913950.97333333
139,2014,7,Input_#3_C_1K,55
139,2014,7,Input_#3_C_LK98,220.666666666667
139,2014,7,Input_#3_C_NLP3,165.666666666667
139,2014,7,Input_#3_D_1K,1715560.51333333
139,2014,7,Input_#3_P_LK98,6691134.33333333
139,2014,7,Input_#3_P_NLP3,4975573.82
140,2014,8,RM Category,100 rm
140,2014,8,C.LK98,
140,2014,8,P.LK98,
140,2014,8,C.1K,
140,2014,8,D.1K,
140,2014,8,C.NLP3,
140,2014,8,P.NLP3,
140,2014,8,C_1K,35.3333333333333
140,2014,8,C_LK98,106
140,2014,8,C_NLP3,70.6666666666667
140,2014,8,D_1K,1124556.56
140,2014,8,P_LK98,3242626.66666667
140,2014,8,P_NLP3,2118070.10666667
140,2014,8,Input_#3_C_1K,48
140,2014,8,Input_#3_C_LK98,175.666666666667
140,2014,8,Input_#3_C_NLP3,127.666666666667
140,2014,8,Input_#3_D_1K,1483633.18
140,2014,8,Input_#3_P_LK98,5291603.33333333
140,2014,8,Input_#3_P_NLP3,3807970.15333333
141,2014,9,RM Category,100 rm
141,2014,9,C.LK98,
141,2014,9,P.LK98,
141,2014,9,C.1K,
141,2014,9,D.1K,
141,2014,9,C.NLP3,
141,2014,9,P.NLP3,
141,2014,9,C_1K,0
141,2014,9,C_LK98,0
141,2014,9,C_NLP3,0
141,2014,9,D_1K,0
141,2014,9,P_LK98,0
141,2014,9,P_NLP3,0
141,2014,9,Input_#3_C_1K,37
141,2014,9,Input_#3_C_LK98,129.333333333333
141,2014,9,Input_#3_C_NLP3,92.3333333333333
141,2014,9,Input_#3_D_1K,1161224.18
141,2014,9,Input_#3_P_LK98,3927474.66666667
141,2014,9,Input_#3_P_NLP3,2766250.48666667
142,2014,10,RM Category,100 rm
142,2014,10,C.LK98,
142,2014,10,P.LK98,
142,2014,10,C.1K,
142,2014,10,D.1K,
142,2014,10,C.NLP3,
142,2014,10,P.NLP3,
142,2014,10,C_1K,0
142,2014,10,C_LK98,0
142,2014,10,C_NLP3,0
142,2014,10,D_1K,0
142,2014,10,P_LK98,0
142,2014,10,P_NLP3,0
142,2014,10,Input_#3_C_1K,26.6666666666667
142,2014,10,Input_#3_C_LK98,92
142,2014,10,Input_#3_C_NLP3,65.3333333333333
142,2014,10,Input_#3_D_1K,850374.18
142,2014,10,Input_#3_P_LK98,2807349.66666667
142,2014,10,Input_#3_P_NLP3,1956975.48666667
143,2014,11,RM Category,100 rm
143,2014,11,C.LK98,
143,2014,11,P.LK98,
143,2014,11,C.1K,
143,2014,11,D.1K,
143,2014,11,C.NLP3,
143,2014,11,P.NLP3,
143,2014,11,C_1K,0
143,2014,11,C_LK98,0
143,2014,11,C_NLP3,0
143,2014,11,D_1K,0
143,2014,11,P_LK98,0
143,2014,11,P_NLP3,0
143,2014,11,Input_#3_C_1K,17.6666666666667
143,2014,11,Input_#3_C_LK98,53
143,2014,11,Input_#3_C_NLP3,35.3333333333333
143,2014,11,Input_#3_D_1K,562278.28
143,2014,11,Input_#3_P_LK98,1621313.33333333
143,2014,11,Input_#3_P_NLP3,1059035.05333333
144,2014,12,RM Category,100 rm
144,2014,12,C.LK98,
144,2014,12,P.LK98,
144,2014,12,C.1K,
144,2014,12,D.1K,
144,2014,12,C.NLP3,
144,2014,12,P.NLP3,
144,2014,12,C_1K,0
144,2014,12,C_LK98,0
144,2014,12,C_NLP3,0
144,2014,12,D_1K,0
144,2014,12,P_LK98,0
144,2014,12,P_NLP3,0
144,2014,12,Input_#3_C_1K,0
144,2014,12,Input_#3_C_LK98,0
144,2014,12,Input_#3_C_NLP3,0
144,2014,12,Input_#3_D_1K,0
144,2014,12,Input_#3_P_LK98,0
144,2014,12,Input_#3_P_NLP3,0
145,2009,1,RM Category,125 rm
145,2009,1,C.LK98,52
145,2009,1,P.LK98,1908424
145,2009,1,C.1K,8
145,2009,1,D.1K,333934
145,2009,1,C.NLP3,44
145,2009,1,P.NLP3,1574490
145,2009,1,C_1K,8
145,2009,1,C_LK98,52
145,2009,1,C_NLP3,44
145,2009,1,D_1K,333934
145,2009,1,P_LK98,1908424
145,2009,1,P_NLP3,1574490
145,2009,1,Input_#3_C_1K,1.33333333333333
145,2009,1,Input_#3_C_LK98,8.66666666666667
145,2009,1,Input_#3_C_NLP3,7.33333333333333
145,2009,1,Input_#3_D_1K,55655.6666666667
145,2009,1,Input_#3_P_LK98,318070.666666667
145,2009,1,Input_#3_P_NLP3,262415
146,2009,2,RM Category,125 rm
146,2009,2,C.LK98,42
146,2009,2,P.LK98,1488740
146,2009,2,C.1K,16
146,2009,2,D.1K,575844
146,2009,2,C.NLP3,26
146,2009,2,P.NLP3,912896
146,2009,2,C_1K,10.6666666666667
146,2009,2,C_LK98,48.6666666666667
146,2009,2,C_NLP3,38
146,2009,2,D_1K,414570.666666667
146,2009,2,P_LK98,1768529.33333333
146,2009,2,P_NLP3,1353958.66666667
146,2009,2,Input_#3_C_1K,4
146,2009,2,Input_#3_C_LK98,15.6666666666667
146,2009,2,Input_#3_C_NLP3,11.6666666666667
146,2009,2,Input_#3_D_1K,151629.666666667
146,2009,2,Input_#3_P_LK98,566194
146,2009,2,Input_#3_P_NLP3,414564.333333333
147,2009,3,RM Category,125 rm
147,2009,3,C.LK98,62
147,2009,3,P.LK98,2137018
147,2009,3,C.1K,20
147,2009,3,D.1K,757516
147,2009,3,C.NLP3,42
147,2009,3,P.NLP3,1379502
147,2009,3,C_1K,14.6666666666667
147,2009,3,C_LK98,52
147,2009,3,C_NLP3,37.3333333333333
147,2009,3,D_1K,555764.666666667
147,2009,3,P_LK98,1844727.33333333
147,2009,3,P_NLP3,1288962.66666667
147,2009,3,Input_#3_C_1K,7.33333333333333
147,2009,3,Input_#3_C_LK98,26
147,2009,3,Input_#3_C_NLP3,18.6666666666667
147,2009,3,Input_#3_D_1K,277882.333333333
147,2009,3,Input_#3_P_LK98,922363.666666667
147,2009,3,Input_#3_P_NLP3,644481.333333333
148,2009,4,RM Category,125 rm
148,2009,4,C.LK98,42
148,2009,4,P.LK98,1524134
148,2009,4,C.1K,12
148,2009,4,D.1K,437042
148,2009,4,C.NLP3,30
148,2009,4,P.NLP3,1087092
148,2009,4,C_1K,16
148,2009,4,C_LK98,48.6666666666667
148,2009,4,C_NLP3,32.6666666666667
148,2009,4,D_1K,590134
148,2009,4,P_LK98,1716630.66666667
148,2009,4,P_NLP3,1126496.66666667
148,2009,4,Input_#3_C_1K,9.33333333333333
148,2009,4,Input_#3_C_LK98,33
148,2009,4,Input_#3_C_NLP3,23.6666666666667
148,2009,4,Input_#3_D_1K,350722.666666667
148,2009,4,Input_#3_P_LK98,1176386
148,2009,4,Input_#3_P_NLP3,825663.333333333
149,2009,5,RM Category,125 rm
149,2009,5,C.LK98,40
149,2009,5,P.LK98,1527488
149,2009,5,C.1K,16
149,2009,5,D.1K,647046
149,2009,5,C.NLP3,24
149,2009,5,P.NLP3,880442
149,2009,5,C_1K,16
149,2009,5,C_LK98,48
149,2009,5,C_NLP3,32
149,2009,5,D_1K,613868
149,2009,5,P_LK98,1729546.66666667
149,2009,5,P_NLP3,1115678.66666667
149,2009,5,Input_#3_C_1K,12
149,2009,5,Input_#3_C_LK98,39.6666666666667
149,2009,5,Input_#3_C_NLP3,27.6666666666667
149,2009,5,Input_#3_D_1K,458563.666666667
149,2009,5,Input_#3_P_LK98,1430967.33333333
149,2009,5,Input_#3_P_NLP3,972403.666666667
150,2009,6,RM Category,125 rm
150,2009,6,C.LK98,38
150,2009,6,P.LK98,1413000
150,2009,6,C.1K,8
150,2009,6,D.1K,349962
150,2009,6,C.NLP3,30
150,2009,6,P.NLP3,1063038
150,2009,6,C_1K,12
150,2009,6,C_LK98,40
150,2009,6,C_NLP3,28
150,2009,6,D_1K,478016.666666667
150,2009,6,P_LK98,1488207.33333333
150,2009,6,P_NLP3,1010190.66666667
150,2009,6,Input_#3_C_1K,13.3333333333333
150,2009,6,Input_#3_C_LK98,46
150,2009,6,Input_#3_C_NLP3,32.6666666666667
150,2009,6,Input_#3_D_1K,516890.666666667
150,2009,6,Input_#3_P_LK98,1666467.33333333
150,2009,6,Input_#3_P_NLP3,1149576.66666667
151,2009,7,RM Category,125 rm
151,2009,7,C.LK98,54
151,2009,7,P.LK98,2001506
151,2009,7,C.1K,20
151,2009,7,D.1K,804304
151,2009,7,C.NLP3,34
151,2009,7,P.NLP3,1197202
151,2009,7,C_1K,14.6666666666667
151,2009,7,C_LK98,44
151,2009,7,C_NLP3,29.3333333333333
151,2009,7,D_1K,600437.333333333
151,2009,7,P_LK98,1647331.33333333
151,2009,7,P_NLP3,1046894
151,2009,7,Input_#3_C_1K,15.3333333333333
151,2009,7,Input_#3_C_LK98,46.3333333333333
151,2009,7,Input_#3_C_NLP3,31
151,2009,7,Input_#3_D_1K,595285.666666667
151,2009,7,Input_#3_P_LK98,1681981
151,2009,7,Input_#3_P_NLP3,1086695.33333333
152,2009,8,RM Category,125 rm
152,2009,8,C.LK98,26
152,2009,8,P.LK98,980302
152,2009,8,C.1K,4
152,2009,8,D.1K,122560
152,2009,8,C.NLP3,22
152,2009,8,P.NLP3,857742
152,2009,8,C_1K,10.6666666666667
152,2009,8,C_LK98,39.3333333333333
152,2009,8,C_NLP3,28.6666666666667
152,2009,8,D_1K,425608.666666667
152,2009,8,P_LK98,1464936
152,2009,8,P_NLP3,1039327.33333333
152,2009,8,Input_#3_C_1K,13.3333333333333
152,2009,8,Input_#3_C_LK98,43.6666666666667
152,2009,8,Input_#3_C_NLP3,30.3333333333333
152,2009,8,Input_#3_D_1K,519738.333333333
152,2009,8,Input_#3_P_LK98,1597241.33333333
152,2009,8,Input_#3_P_NLP3,1077503
153,2009,9,RM Category,125 rm
153,2009,9,C.LK98,66
153,2009,9,P.LK98,2343246
153,2009,9,C.1K,16
153,2009,9,D.1K,639524
153,2009,9,C.NLP3,50
153,2009,9,P.NLP3,1703722
153,2009,9,C_1K,13.3333333333333
153,2009,9,C_LK98,48.6666666666667
153,2009,9,C_NLP3,35.3333333333333
153,2009,9,D_1K,522129.333333333
153,2009,9,P_LK98,1775018
153,2009,9,P_NLP3,1252888.66666667
153,2009,9,Input_#3_C_1K,12.6666666666667
153,2009,9,Input_#3_C_LK98,44.3333333333333
153,2009,9,Input_#3_C_NLP3,31.6666666666667
153,2009,9,Input_#3_D_1K,500073
153,2009,9,Input_#3_P_LK98,1631612.66666667
153,2009,9,Input_#3_P_NLP3,1131539.66666667
154,2009,10,RM Category,125 rm
154,2009,10,C.LK98,46
154,2009,10,P.LK98,1645066
154,2009,10,C.1K,10
154,2009,10,D.1K,418736
154,2009,10,C.NLP3,36
154,2009,10,P.NLP3,1226330
154,2009,10,C_1K,10
154,2009,10,C_LK98,46
154,2009,10,C_NLP3,36
154,2009,10,D_1K,393606.666666667
154,2009,10,P_LK98,1656204.66666667
154,2009,10,P_NLP3,1262598
154,2009,10,Input_#3_C_1K,12.3333333333333
154,2009,10,Input_#3_C_LK98,45
154,2009,10,Input_#3_C_NLP3,32.6666666666667
154,2009,10,Input_#3_D_1K,497022
154,2009,10,Input_#3_P_LK98,1651768
154,2009,10,Input_#3_P_NLP3,1154746
155,2009,11,RM Category,125 rm
155,2009,11,C.LK98,44
155,2009,11,P.LK98,1536118
155,2009,11,C.1K,14
155,2009,11,D.1K,497588
155,2009,11,C.NLP3,30
155,2009,11,P.NLP3,1038530
155,2009,11,C_1K,13.3333333333333
155,2009,11,C_LK98,52
155,2009,11,C_NLP3,38.6666666666667
155,2009,11,D_1K,518616
155,2009,11,P_LK98,1841476.66666667
155,2009,11,P_NLP3,1322860.66666667
155,2009,11,Input_#3_C_1K,12
155,2009,11,Input_#3_C_LK98,45.6666666666667
155,2009,11,Input_#3_C_NLP3,33.6666666666667
155,2009,11,Input_#3_D_1K,472112.333333333
155,2009,11,Input_#3_P_LK98,1653206.33333333
155,2009,11,Input_#3_P_NLP3,1181094
156,2009,12,RM Category,125 rm
156,2009,12,C.LK98,62
156,2009,12,P.LK98,2275654
156,2009,12,C.1K,18
156,2009,12,D.1K,724224
156,2009,12,C.NLP3,44
156,2009,12,P.NLP3,1551430
156,2009,12,C_1K,14
156,2009,12,C_LK98,50.6666666666667
156,2009,12,C_NLP3,36.6666666666667
156,2009,12,D_1K,546849.333333333
156,2009,12,P_LK98,1818946
156,2009,12,P_NLP3,1272096.66666667
156,2009,12,Input_#3_C_1K,13.6666666666667
156,2009,12,Input_#3_C_LK98,49.6666666666667
156,2009,12,Input_#3_C_NLP3,36
156,2009,12,Input_#3_D_1K,534489.333333333
156,2009,12,Input_#3_P_LK98,1796982
156,2009,12,Input_#3_P_NLP3,1262492.66666667
157,2010,1,RM Category,125 rm
157,2010,1,C.LK98,30
157,2010,1,P.LK98,953108
157,2010,1,C.1K,14
157,2010,1,D.1K,376106
157,2010,1,C.NLP3,16
157,2010,1,P.NLP3,577002
157,2010,1,C_1K,15.3333333333333
157,2010,1,C_LK98,45.3333333333333
157,2010,1,C_NLP3,30
157,2010,1,D_1K,532639.333333333
157,2010,1,P_LK98,1588293.33333333
157,2010,1,P_NLP3,1055654
157,2010,1,Input_#3_C_1K,12.6666666666667
157,2010,1,Input_#3_C_LK98,45.6666666666667
157,2010,1,Input_#3_C_NLP3,33
157,2010,1,Input_#3_D_1K,463123
157,2010,1,Input_#3_P_LK98,1622249
157,2010,1,Input_#3_P_NLP3,1159126
158,2010,2,RM Category,125 rm
158,2010,2,C.LK98,46
158,2010,2,P.LK98,1586854
158,2010,2,C.1K,10
158,2010,2,D.1K,370642
158,2010,2,C.NLP3,36
158,2010,2,P.NLP3,1216212
158,2010,2,C_1K,14
158,2010,2,C_LK98,46
158,2010,2,C_NLP3,32
158,2010,2,D_1K,490324
158,2010,2,P_LK98,1605205.33333333
158,2010,2,P_NLP3,1114881.33333333
158,2010,2,Input_#3_C_1K,13.6666666666667
158,2010,2,Input_#3_C_LK98,49
158,2010,2,Input_#3_C_NLP3,35.3333333333333
158,2010,2,Input_#3_D_1K,504470
158,2010,2,Input_#3_P_LK98,1723341
158,2010,2,Input_#3_P_NLP3,1218871
159,2010,3,RM Category,125 rm
159,2010,3,C.LK98,46
159,2010,3,P.LK98,1617728
159,2010,3,C.1K,6
159,2010,3,D.1K,221522
159,2010,3,C.NLP3,40
159,2010,3,P.NLP3,1396206
159,2010,3,C_1K,10
159,2010,3,C_LK98,40.6666666666667
159,2010,3,C_NLP3,30.6666666666667
159,2010,3,D_1K,322756.666666667
159,2010,3,P_LK98,1385896.66666667
159,2010,3,P_NLP3,1063140
159,2010,3,Input_#3_C_1K,12
159,2010,3,Input_#3_C_LK98,45.6666666666667
159,2010,3,Input_#3_C_NLP3,33.6666666666667
159,2010,3,Input_#3_D_1K,434803
159,2010,3,Input_#3_P_LK98,1602421.33333333
159,2010,3,Input_#3_P_NLP3,1167618.33333333
160,2010,4,RM Category,125 rm
160,2010,4,C.LK98,46
160,2010,4,P.LK98,1881158
160,2010,4,C.1K,14
160,2010,4,D.1K,553998
160,2010,4,C.NLP3,32
160,2010,4,P.NLP3,1327160
160,2010,4,C_1K,10
160,2010,4,C_LK98,46
160,2010,4,C_NLP3,36
160,2010,4,D_1K,382054
160,2010,4,P_LK98,1695246.66666667
160,2010,4,P_NLP3,1313192.66666667
160,2010,4,Input_#3_C_1K,12.6666666666667
160,2010,4,Input_#3_C_LK98,45.6666666666667
160,2010,4,Input_#3_C_NLP3,33
160,2010,4,Input_#3_D_1K,457346.666666667
160,2010,4,Input_#3_P_LK98,1641770
160,2010,4,Input_#3_P_NLP3,1184423.33333333
161,2010,5,RM Category,125 rm
161,2010,5,C.LK98,44
161,2010,5,P.LK98,1565212
161,2010,5,C.1K,8
161,2010,5,D.1K,306936
161,2010,5,C.NLP3,36
161,2010,5,P.NLP3,1258276
161,2010,5,C_1K,9.33333333333333
161,2010,5,C_LK98,45.3333333333333
161,2010,5,C_NLP3,36
161,2010,5,D_1K,360818.666666667
161,2010,5,P_LK98,1688032.66666667
161,2010,5,P_NLP3,1327214
161,2010,5,Input_#3_C_1K,11.6666666666667
161,2010,5,Input_#3_C_LK98,45.6666666666667
161,2010,5,Input_#3_C_NLP3,34
161,2010,5,Input_#3_D_1K,425571.333333333
161,2010,5,Input_#3_P_LK98,1646619
161,2010,5,Input_#3_P_NLP3,1221047.66666667
162,2010,6,RM Category,125 rm
162,2010,6,C.LK98,48
162,2010,6,P.LK98,1800338
162,2010,6,C.1K,4
162,2010,6,D.1K,175244
162,2010,6,C.NLP3,44
162,2010,6,P.NLP3,1625094
162,2010,6,C_1K,8.66666666666667
162,2010,6,C_LK98,46
162,2010,6,C_NLP3,37.3333333333333
162,2010,6,D_1K,345392.666666667
162,2010,6,P_LK98,1748902.66666667
162,2010,6,P_NLP3,1403510
162,2010,6,Input_#3_C_1K,9.33333333333333
162,2010,6,Input_#3_C_LK98,43.3333333333333
162,2010,6,Input_#3_C_NLP3,34
162,2010,6,Input_#3_D_1K,334074.666666667
162,2010,6,Input_#3_P_LK98,1567399.66666667
162,2010,6,Input_#3_P_NLP3,1233325
163,2010,7,RM Category,125 rm
163,2010,7,C.LK98,80
163,2010,7,P.LK98,2931772
163,2010,7,C.1K,12
163,2010,7,D.1K,483274
163,2010,7,C.NLP3,68
163,2010,7,P.NLP3,2448498
163,2010,7,C_1K,8
163,2010,7,C_LK98,57.3333333333333
163,2010,7,C_NLP3,49.3333333333333
163,2010,7,D_1K,321818
163,2010,7,P_LK98,2099107.33333333
163,2010,7,P_NLP3,1777289.33333333
163,2010,7,Input_#3_C_1K,9
163,2010,7,Input_#3_C_LK98,51.6666666666667
163,2010,7,Input_#3_C_NLP3,42.6666666666667
163,2010,7,Input_#3_D_1K,351936
163,2010,7,Input_#3_P_LK98,1897177
163,2010,7,Input_#3_P_NLP3,1545241
164,2010,8,RM Category,125 rm
164,2010,8,C.LK98,40
164,2010,8,P.LK98,1426686
164,2010,8,C.1K,4
164,2010,8,D.1K,165042
164,2010,8,C.NLP3,36
164,2010,8,P.NLP3,1261644
164,2010,8,C_1K,6.66666666666667
164,2010,8,C_LK98,56
164,2010,8,C_NLP3,49.3333333333333
164,2010,8,D_1K,274520
164,2010,8,P_LK98,2052932
164,2010,8,P_NLP3,1778412
164,2010,8,Input_#3_C_1K,8
164,2010,8,Input_#3_C_LK98,50.6666666666667
164,2010,8,Input_#3_C_NLP3,42.6666666666667
164,2010,8,Input_#3_D_1K,317669.333333333
164,2010,8,Input_#3_P_LK98,1870482.33333333
164,2010,8,Input_#3_P_NLP3,1552813
165,2010,9,RM Category,125 rm
165,2010,9,C.LK98,52
165,2010,9,P.LK98,2049712
165,2010,9,C.1K,4
165,2010,9,D.1K,160490
165,2010,9,C.NLP3,48
165,2010,9,P.NLP3,1889222
165,2010,9,C_1K,6.66666666666667
165,2010,9,C_LK98,57.3333333333333
165,2010,9,C_NLP3,50.6666666666667
165,2010,9,D_1K,269602
165,2010,9,P_LK98,2136056.66666667
165,2010,9,P_NLP3,1866454.66666667
165,2010,9,Input_#3_C_1K,7.66666666666667
165,2010,9,Input_#3_C_LK98,51.6666666666667
165,2010,9,Input_#3_C_NLP3,44
165,2010,9,Input_#3_D_1K,307497.333333333
165,2010,9,Input_#3_P_LK98,1942479.66666667
165,2010,9,Input_#3_P_NLP3,1634982.33333333
166,2010,10,RM Category,125 rm
166,2010,10,C.LK98,70
166,2010,10,P.LK98,2628126
166,2010,10,C.1K,22
166,2010,10,D.1K,814466
166,2010,10,C.NLP3,48
166,2010,10,P.NLP3,1813660
166,2010,10,C_1K,10
166,2010,10,C_LK98,54
166,2010,10,C_NLP3,44
166,2010,10,D_1K,379999.333333333
166,2010,10,P_LK98,2034841.33333333
166,2010,10,P_NLP3,1654842
166,2010,10,Input_#3_C_1K,9
166,2010,10,Input_#3_C_LK98,55.6666666666667
166,2010,10,Input_#3_C_NLP3,46.6666666666667
166,2010,10,Input_#3_D_1K,350908.666666667
166,2010,10,Input_#3_P_LK98,2066974.33333333
166,2010,10,Input_#3_P_NLP3,1716065.66666667
167,2010,11,RM Category,125 rm
167,2010,11,C.LK98,58
167,2010,11,P.LK98,2334336
167,2010,11,C.1K,26
167,2010,11,D.1K,1138242
167,2010,11,C.NLP3,32
167,2010,11,P.NLP3,1196094
167,2010,11,C_1K,17.3333333333333
167,2010,11,C_LK98,60
167,2010,11,C_NLP3,42.6666666666667
167,2010,11,D_1K,704399.333333333
167,2010,11,P_LK98,2337391.33333333
167,2010,11,P_NLP3,1632992
167,2010,11,Input_#3_C_1K,12
167,2010,11,Input_#3_C_LK98,58
167,2010,11,Input_#3_C_NLP3,46
167,2010,11,Input_#3_D_1K,489459.666666667
167,2010,11,Input_#3_P_LK98,2195161.66666667
167,2010,11,Input_#3_P_NLP3,1705702
168,2010,12,RM Category,125 rm
168,2010,12,C.LK98,70
168,2010,12,P.LK98,2764620
168,2010,12,C.1K,30
168,2010,12,D.1K,1320712
168,2010,12,C.NLP3,40
168,2010,12,P.NLP3,1443908
168,2010,12,C_1K,26
168,2010,12,C_LK98,66
168,2010,12,C_NLP3,40
168,2010,12,D_1K,1091140
168,2010,12,P_LK98,2575694
168,2010,12,P_NLP3,1484554
168,2010,12,Input_#3_C_1K,16.3333333333333
168,2010,12,Input_#3_C_LK98,61.6666666666667
168,2010,12,Input_#3_C_NLP3,45.3333333333333
168,2010,12,Input_#3_D_1K,680371
168,2010,12,Input_#3_P_LK98,2355875.33333333
168,2010,12,Input_#3_P_NLP3,1675504.33333333
169,2011,1,RM Category,125 rm
169,2011,1,C.LK98,60
169,2011,1,P.LK98,2294280
169,2011,1,C.1K,6
169,2011,1,D.1K,224340
169,2011,1,C.NLP3,54
169,2011,1,P.NLP3,2069940
169,2011,1,C_1K,20.6666666666667
169,2011,1,C_LK98,62.6666666666667
169,2011,1,C_NLP3,42
169,2011,1,D_1K,894431.333333333
169,2011,1,P_LK98,2464412
169,2011,1,P_NLP3,1569980.66666667
169,2011,1,Input_#3_C_1K,15.3333333333333
169,2011,1,Input_#3_C_LK98,58.3333333333333
169,2011,1,Input_#3_C_NLP3,43
169,2011,1,Input_#3_D_1K,637215.333333333
169,2011,1,Input_#3_P_LK98,2249626.66666667
169,2011,1,Input_#3_P_NLP3,1612411.33333333
170,2011,2,RM Category,125 rm
170,2011,2,C.LK98,70
170,2011,2,P.LK98,2776218
170,2011,2,C.1K,16
170,2011,2,D.1K,700812
170,2011,2,C.NLP3,54
170,2011,2,P.NLP3,2075406
170,2011,2,C_1K,17.3333333333333
170,2011,2,C_LK98,66.6666666666667
170,2011,2,C_NLP3,49.3333333333333
170,2011,2,D_1K,748621.333333333
170,2011,2,P_LK98,2611706
170,2011,2,P_NLP3,1863084.66666667
170,2011,2,Input_#3_C_1K,17.3333333333333
170,2011,2,Input_#3_C_LK98,63.3333333333333
170,2011,2,Input_#3_C_NLP3,46
170,2011,2,Input_#3_D_1K,726510.333333333
170,2011,2,Input_#3_P_LK98,2474548.66666667
170,2011,2,Input_#3_P_NLP3,1748038.33333333
171,2011,3,RM Category,125 rm
171,2011,3,C.LK98,74
171,2011,3,P.LK98,2570600
171,2011,3,C.1K,8
171,2011,3,D.1K,306236
171,2011,3,C.NLP3,66
171,2011,3,P.NLP3,2264364
171,2011,3,C_1K,10
171,2011,3,C_LK98,68
171,2011,3,C_NLP3,58
171,2011,3,D_1K,410462.666666667
171,2011,3,P_LK98,2547032.66666667
171,2011,3,P_NLP3,2136570
171,2011,3,Input_#3_C_1K,18
171,2011,3,Input_#3_C_LK98,67
171,2011,3,Input_#3_C_NLP3,49
171,2011,3,Input_#3_D_1K,750801.333333333
171,2011,3,Input_#3_P_LK98,2561363.33333333
171,2011,3,Input_#3_P_NLP3,1810562
172,2011,4,RM Category,125 rm
172,2011,4,C.LK98,60
172,2011,4,P.LK98,2073816
172,2011,4,C.1K,22
172,2011,4,D.1K,726590
172,2011,4,C.NLP3,38
172,2011,4,P.NLP3,1347226
172,2011,4,C_1K,15.3333333333333
172,2011,4,C_LK98,68
172,2011,4,C_NLP3,52.6666666666667
172,2011,4,D_1K,577879.333333333
172,2011,4,P_LK98,2473544.66666667
172,2011,4,P_NLP3,1895665.33333333
172,2011,4,Input_#3_C_1K,18
172,2011,4,Input_#3_C_LK98,65.3333333333333
172,2011,4,Input_#3_C_NLP3,47.3333333333333
172,2011,4,Input_#3_D_1K,736155.333333333
172,2011,4,Input_#3_P_LK98,2468978.33333333
172,2011,4,Input_#3_P_NLP3,1732823
173,2011,5,RM Category,125 rm
173,2011,5,C.LK98,60
173,2011,5,P.LK98,2450776
173,2011,5,C.1K,8
173,2011,5,D.1K,318854
173,2011,5,C.NLP3,52
173,2011,5,P.NLP3,2131922
173,2011,5,C_1K,12.6666666666667
173,2011,5,C_LK98,64.6666666666667
173,2011,5,C_NLP3,52
173,2011,5,D_1K,450560
173,2011,5,P_LK98,2365064
173,2011,5,P_NLP3,1914504
173,2011,5,Input_#3_C_1K,15
173,2011,5,Input_#3_C_LK98,65.6666666666667
173,2011,5,Input_#3_C_NLP3,50.6666666666667
173,2011,5,Input_#3_D_1K,599590.666666667
173,2011,5,Input_#3_P_LK98,2488385
173,2011,5,Input_#3_P_NLP3,1888794.33333333
174,2011,6,RM Category,125 rm
174,2011,6,C.LK98,48
174,2011,6,P.LK98,1886002
174,2011,6,C.1K,16
174,2011,6,D.1K,600818
174,2011,6,C.NLP3,32
174,2011,6,P.NLP3,1285184
174,2011,6,C_1K,15.3333333333333
174,2011,6,C_LK98,56
174,2011,6,C_NLP3,40.6666666666667
174,2011,6,D_1K,548754
174,2011,6,P_LK98,2136864.66666667
174,2011,6,P_NLP3,1588110.66666667
174,2011,6,Input_#3_C_1K,12.6666666666667
174,2011,6,Input_#3_C_LK98,62
174,2011,6,Input_#3_C_NLP3,49.3333333333333
174,2011,6,Input_#3_D_1K,479608.333333333
174,2011,6,Input_#3_P_LK98,2341948.66666667
174,2011,6,Input_#3_P_NLP3,1862340.33333333
175,2011,7,RM Category,125 rm
175,2011,7,C.LK98,46
175,2011,7,P.LK98,1740102
175,2011,7,C.1K,10
175,2011,7,D.1K,339760
175,2011,7,C.NLP3,36
175,2011,7,P.NLP3,1400342
175,2011,7,C_1K,11.3333333333333
175,2011,7,C_LK98,51.3333333333333
175,2011,7,C_NLP3,40
175,2011,7,D_1K,419810.666666667
175,2011,7,P_LK98,2025626.66666667
175,2011,7,P_NLP3,1605816
175,2011,7,Input_#3_C_1K,13.3333333333333
175,2011,7,Input_#3_C_LK98,59.6666666666667
175,2011,7,Input_#3_C_NLP3,46.3333333333333
175,2011,7,Input_#3_D_1K,498845
175,2011,7,Input_#3_P_LK98,2249585.66666667
175,2011,7,Input_#3_P_NLP3,1750740.66666667
176,2011,8,RM Category,125 rm
176,2011,8,C.LK98,72
176,2011,8,P.LK98,2914276
176,2011,8,C.1K,18
176,2011,8,D.1K,788522
176,2011,8,C.NLP3,54
176,2011,8,P.NLP3,2125754
176,2011,8,C_1K,14.6666666666667
176,2011,8,C_LK98,55.3333333333333
176,2011,8,C_NLP3,40.6666666666667
176,2011,8,D_1K,576366.666666667
176,2011,8,P_LK98,2180126.66666667
176,2011,8,P_NLP3,1603760
176,2011,8,Input_#3_C_1K,13.6666666666667
176,2011,8,Input_#3_C_LK98,60
176,2011,8,Input_#3_C_NLP3,46.3333333333333
176,2011,8,Input_#3_D_1K,513463.333333333
176,2011,8,Input_#3_P_LK98,2272595.33333333
176,2011,8,Input_#3_P_NLP3,1759132
177,2011,9,RM Category,125 rm
177,2011,9,C.LK98,80
177,2011,9,P.LK98,3115272
177,2011,9,C.1K,22
177,2011,9,D.1K,1007388
177,2011,9,C.NLP3,58
177,2011,9,P.NLP3,2107884
177,2011,9,C_1K,16.6666666666667
177,2011,9,C_LK98,66
177,2011,9,C_NLP3,49.3333333333333
177,2011,9,D_1K,711890
177,2011,9,P_LK98,2589883.33333333
177,2011,9,P_NLP3,1877993.33333333
177,2011,9,Input_#3_C_1K,16
177,2011,9,Input_#3_C_LK98,61
177,2011,9,Input_#3_C_NLP3,45
177,2011,9,Input_#3_D_1K,630322
177,2011,9,Input_#3_P_LK98,2363374
177,2011,9,Input_#3_P_NLP3,1733052
178,2011,10,RM Category,125 rm
178,2011,10,C.LK98,68
178,2011,10,P.LK98,2773752
178,2011,10,C.1K,20
178,2011,10,D.1K,816950
178,2011,10,C.NLP3,48
178,2011,10,P.NLP3,1956802
178,2011,10,C_1K,20
178,2011,10,C_LK98,73.3333333333333
178,2011,10,C_NLP3,53.3333333333333
178,2011,10,D_1K,870953.333333333
178,2011,10,P_LK98,2934433.33333333
178,2011,10,P_NLP3,2063480
178,2011,10,Input_#3_C_1K,15.6666666666667
178,2011,10,Input_#3_C_LK98,62.3333333333333
178,2011,10,Input_#3_C_NLP3,46.6666666666667
178,2011,10,Input_#3_D_1K,645382
178,2011,10,Input_#3_P_LK98,2480030
178,2011,10,Input_#3_P_NLP3,1834648
179,2011,11,RM Category,125 rm
179,2011,11,C.LK98,96
179,2011,11,P.LK98,3812242
179,2011,11,C.1K,32
179,2011,11,D.1K,1285916
179,2011,11,C.NLP3,64
179,2011,11,P.NLP3,2526326
179,2011,11,C_1K,24.6666666666667
179,2011,11,C_LK98,81.3333333333333
179,2011,11,C_NLP3,56.6666666666667
179,2011,11,D_1K,1036751.33333333
179,2011,11,P_LK98,3233755.33333333
179,2011,11,P_NLP3,2197004
179,2011,11,Input_#3_C_1K,19.6666666666667
179,2011,11,Input_#3_C_LK98,68.3333333333333
179,2011,11,Input_#3_C_NLP3,48.6666666666667
179,2011,11,Input_#3_D_1K,806559
179,2011,11,Input_#3_P_LK98,2706941
179,2011,11,Input_#3_P_NLP3,1900382
180,2011,12,RM Category,125 rm
180,2011,12,C.LK98,98
180,2011,12,P.LK98,4042446
180,2011,12,C.1K,30
180,2011,12,D.1K,1299736
180,2011,12,C.NLP3,68
180,2011,12,P.NLP3,2742710
180,2011,12,C_1K,27.3333333333333
180,2011,12,C_LK98,87.3333333333333
180,2011,12,C_NLP3,60
180,2011,12,D_1K,1134200.66666667
180,2011,12,P_LK98,3542813.33333333
180,2011,12,P_NLP3,2408612.66666667
180,2011,12,Input_#3_C_1K,22
180,2011,12,Input_#3_C_LK98,76.6666666666667
180,2011,12,Input_#3_C_NLP3,54.6666666666667
180,2011,12,Input_#3_D_1K,923045.333333333
180,2011,12,Input_#3_P_LK98,3066348.33333333
180,2011,12,Input_#3_P_NLP3,2143303
181,2012,1,RM Category,125 rm
181,2012,1,C.LK98,52
181,2012,1,P.LK98,2007042
181,2012,1,C.1K,12
181,2012,1,D.1K,520630
181,2012,1,C.NLP3,40
181,2012,1,P.NLP3,1486412
181,2012,1,C_1K,24.6666666666667
181,2012,1,C_LK98,82
181,2012,1,C_NLP3,57.3333333333333
181,2012,1,D_1K,1035427.33333333
181,2012,1,P_LK98,3287243.33333333
181,2012,1,P_NLP3,2251816
181,2012,1,Input_#3_C_1K,22.3333333333333
181,2012,1,Input_#3_C_LK98,77.6666666666667
181,2012,1,Input_#3_C_NLP3,55.3333333333333
181,2012,1,Input_#3_D_1K,953190.333333333
181,2012,1,Input_#3_P_LK98,3110838.33333333
181,2012,1,Input_#3_P_NLP3,2157648
182,2012,2,RM Category,125 rm
182,2012,2,C.LK98,42
182,2012,2,P.LK98,1699216
182,2012,2,C.1K,10
182,2012,2,D.1K,463924
182,2012,2,C.NLP3,32
182,2012,2,P.NLP3,1235292
182,2012,2,C_1K,17.3333333333333
182,2012,2,C_LK98,64
182,2012,2,C_NLP3,46.6666666666667
182,2012,2,D_1K,761430
182,2012,2,P_LK98,2582901.33333333
182,2012,2,P_NLP3,1821471.33333333
182,2012,2,Input_#3_C_1K,21
182,2012,2,Input_#3_C_LK98,72.6666666666667
182,2012,2,Input_#3_C_NLP3,51.6666666666667
182,2012,2,Input_#3_D_1K,899090.666666667
182,2012,2,Input_#3_P_LK98,2908328.33333333
182,2012,2,Input_#3_P_NLP3,2009237.66666667
183,2012,3,RM Category,125 rm
183,2012,3,C.LK98,82
183,2012,3,P.LK98,3096390
183,2012,3,C.1K,30
183,2012,3,D.1K,1008344
183,2012,3,C.NLP3,52
183,2012,3,P.NLP3,2088046
183,2012,3,C_1K,17.3333333333333
183,2012,3,C_LK98,58.6666666666667
183,2012,3,C_NLP3,41.3333333333333
183,2012,3,D_1K,664299.333333333
183,2012,3,P_LK98,2267549.33333333
183,2012,3,P_NLP3,1603250
183,2012,3,Input_#3_C_1K,22.3333333333333
183,2012,3,Input_#3_C_LK98,73
183,2012,3,Input_#3_C_NLP3,50.6666666666667
183,2012,3,Input_#3_D_1K,899250
183,2012,3,Input_#3_P_LK98,2905181.33333333
183,2012,3,Input_#3_P_NLP3,2005931.33333333
184,2012,4,RM Category,125 rm
184,2012,4,C.LK98,72
184,2012,4,P.LK98,2867524
184,2012,4,C.1K,18
184,2012,4,D.1K,719608
184,2012,4,C.NLP3,54
184,2012,4,P.NLP3,2147916
184,2012,4,C_1K,19.3333333333333
184,2012,4,C_LK98,65.3333333333333
184,2012,4,C_NLP3,46
184,2012,4,D_1K,730625.333333333
184,2012,4,P_LK98,2554376.66666667
184,2012,4,P_NLP3,1823751.33333333
184,2012,4,Input_#3_C_1K,22
184,2012,4,Input_#3_C_LK98,73.6666666666667
184,2012,4,Input_#3_C_NLP3,51.6666666666667
184,2012,4,Input_#3_D_1K,883026.333333333
184,2012,4,Input_#3_P_LK98,2920810
184,2012,4,Input_#3_P_NLP3,2037783.66666667
185,2012,5,RM Category,125 rm
185,2012,5,C.LK98,80
185,2012,5,P.LK98,3282528
185,2012,5,C.1K,12
185,2012,5,D.1K,564140
185,2012,5,C.NLP3,68
185,2012,5,P.NLP3,2718388
185,2012,5,C_1K,20
185,2012,5,C_LK98,78
185,2012,5,C_NLP3,58
185,2012,5,D_1K,764030.666666667
185,2012,5,P_LK98,3082147.33333333
185,2012,5,P_NLP3,2318116.66666667
185,2012,5,Input_#3_C_1K,18.6666666666667
185,2012,5,Input_#3_C_LK98,71
185,2012,5,Input_#3_C_NLP3,52.3333333333333
185,2012,5,Input_#3_D_1K,762730.333333333
185,2012,5,Input_#3_P_LK98,2832524.33333333
185,2012,5,Input_#3_P_NLP3,2069794
186,2012,6,RM Category,125 rm
186,2012,6,C.LK98,74
186,2012,6,P.LK98,2962526
186,2012,6,C.1K,20
186,2012,6,D.1K,922452
186,2012,6,C.NLP3,54
186,2012,6,P.NLP3,2040074
186,2012,6,C_1K,16.6666666666667
186,2012,6,C_LK98,75.3333333333333
186,2012,6,C_NLP3,58.6666666666667
186,2012,6,D_1K,735400
186,2012,6,P_LK98,3037526
186,2012,6,P_NLP3,2302126
186,2012,6,Input_#3_C_1K,17
186,2012,6,Input_#3_C_LK98,67
186,2012,6,Input_#3_C_NLP3,50
186,2012,6,Input_#3_D_1K,699849.666666667
186,2012,6,Input_#3_P_LK98,2652537.66666667
186,2012,6,Input_#3_P_NLP3,1952688
187,2012,7,RM Category,125 rm
187,2012,7,C.LK98,64
187,2012,7,P.LK98,2493398
187,2012,7,C.1K,14
187,2012,7,D.1K,535988
187,2012,7,C.NLP3,50
187,2012,7,P.NLP3,1957410
187,2012,7,C_1K,15.3333333333333
187,2012,7,C_LK98,72.6666666666667
187,2012,7,C_NLP3,57.3333333333333
187,2012,7,D_1K,674193.333333333
187,2012,7,P_LK98,2912817.33333333
187,2012,7,P_NLP3,2238624
187,2012,7,Input_#3_C_1K,17.3333333333333
187,2012,7,Input_#3_C_LK98,69
187,2012,7,Input_#3_C_NLP3,51.6666666666667
187,2012,7,Input_#3_D_1K,702409.333333333
187,2012,7,Input_#3_P_LK98,2733597
187,2012,7,Input_#3_P_NLP3,2031187.66666667
188,2012,8,RM Category,125 rm
188,2012,8,C.LK98,68
188,2012,8,P.LK98,2826834
188,2012,8,C.1K,12
188,2012,8,D.1K,574546
188,2012,8,C.NLP3,56
188,2012,8,P.NLP3,2252288
188,2012,8,C_1K,15.3333333333333
188,2012,8,C_LK98,68.6666666666667
188,2012,8,C_NLP3,53.3333333333333
188,2012,8,D_1K,677662
188,2012,8,P_LK98,2760919.33333333
188,2012,8,P_NLP3,2083257.33333333
188,2012,8,Input_#3_C_1K,17.6666666666667
188,2012,8,Input_#3_C_LK98,73.3333333333333
188,2012,8,Input_#3_C_NLP3,55.6666666666667
188,2012,8,Input_#3_D_1K,720846.333333333
188,2012,8,Input_#3_P_LK98,2921533.33333333
188,2012,8,Input_#3_P_NLP3,2200687
189,2012,9,RM Category,125 rm
189,2012,9,C.LK98,76
189,2012,9,P.LK98,3434814
189,2012,9,C.1K,12
189,2012,9,D.1K,518456
189,2012,9,C.NLP3,64
189,2012,9,P.NLP3,2916358
189,2012,9,C_1K,12.6666666666667
189,2012,9,C_LK98,69.3333333333333
189,2012,9,C_NLP3,56.6666666666667
189,2012,9,D_1K,542996.666666667
189,2012,9,P_LK98,2918348.66666667
189,2012,9,P_NLP3,2375352
189,2012,9,Input_#3_C_1K,14.6666666666667
189,2012,9,Input_#3_C_LK98,72.3333333333333
189,2012,9,Input_#3_C_NLP3,57.6666666666667
189,2012,9,Input_#3_D_1K,639198.333333333
189,2012,9,Input_#3_P_LK98,2977937.33333333
189,2012,9,Input_#3_P_NLP3,2338739
190,2012,10,RM Category,125 rm
190,2012,10,C.LK98,92
190,2012,10,P.LK98,3474240
190,2012,10,C.1K,12
190,2012,10,D.1K,492526
190,2012,10,C.NLP3,80
190,2012,10,P.NLP3,2981714
190,2012,10,C_1K,12
190,2012,10,C_LK98,78.6666666666667
190,2012,10,C_NLP3,66.6666666666667
190,2012,10,D_1K,528509.333333333
190,2012,10,P_LK98,3245296
190,2012,10,P_NLP3,2716786.66666667
190,2012,10,Input_#3_C_1K,13.6666666666667
190,2012,10,Input_#3_C_LK98,75.6666666666667
190,2012,10,Input_#3_C_NLP3,62
190,2012,10,Input_#3_D_1K,601351.333333333
190,2012,10,Input_#3_P_LK98,3079056.66666667
190,2012,10,Input_#3_P_NLP3,2477705.33333333
191,2012,11,RM Category,125 rm
191,2012,11,C.LK98,70
191,2012,11,P.LK98,2792306
191,2012,11,C.1K,28
191,2012,11,D.1K,1139488
191,2012,11,C.NLP3,42
191,2012,11,P.NLP3,1652818
191,2012,11,C_1K,17.3333333333333
191,2012,11,C_LK98,79.3333333333333
191,2012,11,C_NLP3,62
191,2012,11,D_1K,716823.333333333
191,2012,11,P_LK98,3233786.66666667
191,2012,11,P_NLP3,2516963.33333333
191,2012,11,Input_#3_C_1K,16.3333333333333
191,2012,11,Input_#3_C_LK98,74
191,2012,11,Input_#3_C_NLP3,57.6666666666667
191,2012,11,Input_#3_D_1K,697242.666666667
191,2012,11,Input_#3_P_LK98,2997353
191,2012,11,Input_#3_P_NLP3,2300110.33333333
192,2012,12,RM Category,125 rm
192,2012,12,C.LK98,86
192,2012,12,P.LK98,3556450
192,2012,12,C.1K,20
192,2012,12,D.1K,877932
192,2012,12,C.NLP3,66
192,2012,12,P.NLP3,2678518
192,2012,12,C_1K,20
192,2012,12,C_LK98,82.6666666666667
192,2012,12,C_NLP3,62.6666666666667
192,2012,12,D_1K,836648.666666667
192,2012,12,P_LK98,3274332
192,2012,12,P_NLP3,2437683.33333333
192,2012,12,Input_#3_C_1K,16.3333333333333
192,2012,12,Input_#3_C_LK98,76
192,2012,12,Input_#3_C_NLP3,59.6666666666667
192,2012,12,Input_#3_D_1K,689822.666666667
192,2012,12,Input_#3_P_LK98,3096340.33333333
192,2012,12,Input_#3_P_NLP3,2406517.66666667
193,2013,1,RM Category,125 rm
193,2013,1,C.LK98,52
193,2013,1,P.LK98,2425130
193,2013,1,C.1K,12
193,2013,1,D.1K,567632
193,2013,1,C.NLP3,40
193,2013,1,P.NLP3,1857498
193,2013,1,C_1K,20
193,2013,1,C_LK98,69.3333333333333
193,2013,1,C_NLP3,49.3333333333333
193,2013,1,D_1K,861684
193,2013,1,P_LK98,2924628.66666667
193,2013,1,P_NLP3,2062944.66666667
193,2013,1,Input_#3_C_1K,16
193,2013,1,Input_#3_C_LK98,74
193,2013,1,Input_#3_C_NLP3,58
193,2013,1,Input_#3_D_1K,695096.666666667
193,2013,1,Input_#3_P_LK98,3084962.33333333
193,2013,1,Input_#3_P_NLP3,2389865.66666667
194,2013,2,RM Category,125 rm
194,2013,2,C.LK98,78
194,2013,2,P.LK98,3042742
194,2013,2,C.1K,16
194,2013,2,D.1K,629170
194,2013,2,C.NLP3,62
194,2013,2,P.NLP3,2413572
194,2013,2,C_1K,16
194,2013,2,C_LK98,72
194,2013,2,C_NLP3,56
194,2013,2,D_1K,691578
194,2013,2,P_LK98,3008107.33333333
194,2013,2,P_NLP3,2316529.33333333
194,2013,2,Input_#3_C_1K,16.6666666666667
194,2013,2,Input_#3_C_LK98,75.6666666666667
194,2013,2,Input_#3_C_NLP3,59
194,2013,2,Input_#3_D_1K,704200.666666667
194,2013,2,Input_#3_P_LK98,3120947
194,2013,2,Input_#3_P_NLP3,2416746.33333333
195,2013,3,RM Category,125 rm
195,2013,3,C.LK98,52
195,2013,3,P.LK98,2143632
195,2013,3,C.1K,16
195,2013,3,D.1K,646176
195,2013,3,C.NLP3,36
195,2013,3,P.NLP3,1497456
195,2013,3,C_1K,14.6666666666667
195,2013,3,C_LK98,60.6666666666667
195,2013,3,C_NLP3,46
195,2013,3,D_1K,614326
195,2013,3,P_LK98,2537168
195,2013,3,P_NLP3,1922842
195,2013,3,Input_#3_C_1K,17.3333333333333
195,2013,3,Input_#3_C_LK98,71.6666666666667
195,2013,3,Input_#3_C_NLP3,54.3333333333333
195,2013,3,Input_#3_D_1K,725487.333333333
195,2013,3,Input_#3_P_LK98,2905750
195,2013,3,Input_#3_P_NLP3,2180262.66666667
196,2013,4,RM Category,125 rm
196,2013,4,C.LK98,36
196,2013,4,P.LK98,1334460
196,2013,4,C.1K,10
196,2013,4,D.1K,376986
196,2013,4,C.NLP3,26
196,2013,4,P.NLP3,957474
196,2013,4,C_1K,14
196,2013,4,C_LK98,55.3333333333333
196,2013,4,C_NLP3,41.3333333333333
196,2013,4,D_1K,550777.333333333
196,2013,4,P_LK98,2173611.33333333
196,2013,4,P_NLP3,1622834
196,2013,4,Input_#3_C_1K,17
196,2013,4,Input_#3_C_LK98,62.3333333333333
196,2013,4,Input_#3_C_NLP3,45.3333333333333
196,2013,4,Input_#3_D_1K,706230.666666667
196,2013,4,Input_#3_P_LK98,2549120
196,2013,4,Input_#3_P_NLP3,1842889.33333333
197,2013,5,RM Category,125 rm
197,2013,5,C.LK98,80
197,2013,5,P.LK98,3221888
197,2013,5,C.1K,12
197,2013,5,D.1K,486178
197,2013,5,C.NLP3,68
197,2013,5,P.NLP3,2735710
197,2013,5,C_1K,12.6666666666667
197,2013,5,C_LK98,56
197,2013,5,C_NLP3,43.3333333333333
197,2013,5,D_1K,503113.333333333
197,2013,5,P_LK98,2233326.66666667
197,2013,5,P_NLP3,1730213.33333333
197,2013,5,Input_#3_C_1K,14.3333333333333
197,2013,5,Input_#3_C_LK98,64
197,2013,5,Input_#3_C_NLP3,49.6666666666667
197,2013,5,Input_#3_D_1K,597345.666666667
197,2013,5,Input_#3_P_LK98,2620717
197,2013,5,Input_#3_P_NLP3,2023371.33333333
198,2013,6,RM Category,125 rm
198,2013,6,C.LK98,96
198,2013,6,P.LK98,3905914
198,2013,6,C.1K,12
198,2013,6,D.1K,515158
198,2013,6,C.NLP3,84
198,2013,6,P.NLP3,3390756
198,2013,6,C_1K,11.3333333333333
198,2013,6,C_LK98,70.6666666666667
198,2013,6,C_NLP3,59.3333333333333
198,2013,6,D_1K,459440.666666667
198,2013,6,P_LK98,2820754
198,2013,6,P_NLP3,2361313.33333333
198,2013,6,Input_#3_C_1K,13
198,2013,6,Input_#3_C_LK98,65.6666666666667
198,2013,6,Input_#3_C_NLP3,52.6666666666667
198,2013,6,Input_#3_D_1K,536883.333333333
198,2013,6,Input_#3_P_LK98,2678961
198,2013,6,Input_#3_P_NLP3,2142077.66666667
199,2013,7,RM Category,125 rm
199,2013,7,C.LK98,64
199,2013,7,P.LK98,2636952
199,2013,7,C.1K,18
199,2013,7,D.1K,805826
199,2013,7,C.NLP3,46
199,2013,7,P.NLP3,1831126
199,2013,7,C_1K,14
199,2013,7,C_LK98,80
199,2013,7,C_NLP3,66
199,2013,7,D_1K,602387.333333333
199,2013,7,P_LK98,3254918
199,2013,7,P_NLP3,2652530.66666667
199,2013,7,Input_#3_C_1K,14
199,2013,7,Input_#3_C_LK98,67.6666666666667
199,2013,7,Input_#3_C_NLP3,53.6666666666667
199,2013,7,Input_#3_D_1K,576582.333333333
199,2013,7,Input_#3_P_LK98,2714264.66666667
199,2013,7,Input_#3_P_NLP3,2137682.33333333
200,2013,8,RM Category,125 rm
200,2013,8,C.LK98,68
200,2013,8,P.LK98,2520086
200,2013,8,C.1K,6
200,2013,8,D.1K,261256
200,2013,8,C.NLP3,62
200,2013,8,P.NLP3,2258830
200,2013,8,C_1K,12
200,2013,8,C_LK98,76
200,2013,8,C_NLP3,64
200,2013,8,D_1K,527413.333333333
200,2013,8,P_LK98,3020984
200,2013,8,P_NLP3,2493570.66666667
200,2013,8,Input_#3_C_1K,12.3333333333333
200,2013,8,Input_#3_C_LK98,66
200,2013,8,Input_#3_C_NLP3,53.6666666666667
200,2013,8,Input_#3_D_1K,515263.333333333
200,2013,8,Input_#3_P_LK98,2627155.33333333
200,2013,8,Input_#3_P_NLP3,2111892
201,2013,9,RM Category,125 rm
201,2013,9,C.LK98,78
201,2013,9,P.LK98,3351500
201,2013,9,C.1K,18
201,2013,9,D.1K,788120
201,2013,9,C.NLP3,60
201,2013,9,P.NLP3,2563380
201,2013,9,C_1K,14
201,2013,9,C_LK98,70
201,2013,9,C_NLP3,56
201,2013,9,D_1K,618400.666666667
201,2013,9,P_LK98,2836179.33333333
201,2013,9,P_NLP3,2217778.66666667
201,2013,9,Input_#3_C_1K,12.6666666666667
201,2013,9,Input_#3_C_LK98,70.3333333333333
201,2013,9,Input_#3_C_NLP3,57.6666666666667
201,2013,9,Input_#3_D_1K,538920.666666667
201,2013,9,Input_#3_P_LK98,2828466.66666667
201,2013,9,Input_#3_P_NLP3,2289546
202,2013,10,RM Category,125 rm
202,2013,10,C.LK98,74
202,2013,10,P.LK98,3109404
202,2013,10,C.1K,14
202,2013,10,D.1K,568146
202,2013,10,C.NLP3,60
202,2013,10,P.NLP3,2541258
202,2013,10,C_1K,12.6666666666667
202,2013,10,C_LK98,73.3333333333333
202,2013,10,C_NLP3,60.6666666666667
202,2013,10,D_1K,539174
202,2013,10,P_LK98,2993663.33333333
202,2013,10,P_NLP3,2454489.33333333
202,2013,10,Input_#3_C_1K,13.3333333333333
202,2013,10,Input_#3_C_LK98,76.6666666666667
202,2013,10,Input_#3_C_NLP3,63.3333333333333
202,2013,10,Input_#3_D_1K,570780.666666667
202,2013,10,Input_#3_P_LK98,3124290.66666667
202,2013,10,Input_#3_P_NLP3,2553510
203,2013,11,RM Category,125 rm
203,2013,11,C.LK98,76
203,2013,11,P.LK98,2946312
203,2013,11,C.1K,10
203,2013,11,D.1K,448772
203,2013,11,C.NLP3,66
203,2013,11,P.NLP3,2497540
203,2013,11,C_1K,14
203,2013,11,C_LK98,76
203,2013,11,C_NLP3,62
203,2013,11,D_1K,601679.333333333
203,2013,11,P_LK98,3135738.66666667
203,2013,11,P_NLP3,2534059.33333333
203,2013,11,Input_#3_C_1K,13
203,2013,11,Input_#3_C_LK98,76
203,2013,11,Input_#3_C_NLP3,63
203,2013,11,Input_#3_D_1K,564546.333333333
203,2013,11,Input_#3_P_LK98,3078361.33333333
203,2013,11,Input_#3_P_NLP3,2513815
204,2013,12,RM Category,125 rm
204,2013,12,C.LK98,104
204,2013,12,P.LK98,4234088
204,2013,12,C.1K,14
204,2013,12,D.1K,508966
204,2013,12,C.NLP3,90
204,2013,12,P.NLP3,3725122
204,2013,12,C_1K,12.6666666666667
204,2013,12,C_LK98,84.6666666666667
204,2013,12,C_NLP3,72
204,2013,12,D_1K,508628
204,2013,12,P_LK98,3429934.66666667
204,2013,12,P_NLP3,2921306.66666667
204,2013,12,Input_#3_C_1K,13.3333333333333
204,2013,12,Input_#3_C_LK98,77.3333333333333
204,2013,12,Input_#3_C_NLP3,64
204,2013,12,Input_#3_D_1K,563514.333333333
204,2013,12,Input_#3_P_LK98,3133057
204,2013,12,Input_#3_P_NLP3,2569542.66666667
205,2014,1,RM Category,125 rm
205,2014,1,C.LK98,54
205,2014,1,P.LK98,2309076
205,2014,1,C.1K,12
205,2014,1,D.1K,582086
205,2014,1,C.NLP3,42
205,2014,1,P.NLP3,1726990
205,2014,1,C_1K,12
205,2014,1,C_LK98,78
205,2014,1,C_NLP3,66
205,2014,1,D_1K,513274.666666667
205,2014,1,P_LK98,3163158.66666667
205,2014,1,P_NLP3,2649884
205,2014,1,Input_#3_C_1K,12.3333333333333
205,2014,1,Input_#3_C_LK98,75.6666666666667
205,2014,1,Input_#3_C_NLP3,63.3333333333333
205,2014,1,Input_#3_D_1K,526224.333333333
205,2014,1,Input_#3_P_LK98,3078411
205,2014,1,Input_#3_P_NLP3,2552186.66666667
206,2014,2,RM Category,125 rm
206,2014,2,C.LK98,60
206,2014,2,P.LK98,2435518
206,2014,2,C.1K,16
206,2014,2,D.1K,713732
206,2014,2,C.NLP3,44
206,2014,2,P.NLP3,1721786
206,2014,2,C_1K,14
206,2014,2,C_LK98,72.6666666666667
206,2014,2,C_NLP3,58.6666666666667
206,2014,2,D_1K,601594.666666667
206,2014,2,P_LK98,2992894
206,2014,2,P_NLP3,2391299.33333333
206,2014,2,Input_#3_C_1K,14
206,2014,2,Input_#3_C_LK98,74.3333333333333
206,2014,2,Input_#3_C_NLP3,60.3333333333333
206,2014,2,Input_#3_D_1K,601637
206,2014,2,Input_#3_P_LK98,3064316.33333333
206,2014,2,Input_#3_P_NLP3,2462679.33333333
207,2014,3,RM Category,125 rm
207,2014,3,C.LK98,112
207,2014,3,P.LK98,4565672
207,2014,3,C.1K,28
207,2014,3,D.1K,1096598
207,2014,3,C.NLP3,84
207,2014,3,P.NLP3,3469074
207,2014,3,C_1K,18.6666666666667
207,2014,3,C_LK98,75.3333333333333
207,2014,3,C_NLP3,56.6666666666667
207,2014,3,D_1K,797472
207,2014,3,P_LK98,3103422
207,2014,3,P_NLP3,2305950
207,2014,3,Input_#3_C_1K,15.6666666666667
207,2014,3,Input_#3_C_LK98,80
207,2014,3,Input_#3_C_NLP3,64.3333333333333
207,2014,3,Input_#3_D_1K,653050
207,2014,3,Input_#3_P_LK98,3266678.33333333
207,2014,3,Input_#3_P_NLP3,2613628.33333333
208,2014,4,RM Category,125 rm
208,2014,4,C.LK98,82
208,2014,4,P.LK98,3521494
208,2014,4,C.1K,12
208,2014,4,D.1K,533826
208,2014,4,C.NLP3,70
208,2014,4,P.NLP3,2987668
208,2014,4,C_1K,18.6666666666667
208,2014,4,C_LK98,84.6666666666667
208,2014,4,C_NLP3,66
208,2014,4,D_1K,781385.333333333
208,2014,4,P_LK98,3507561.33333333
208,2014,4,P_NLP3,2726176
208,2014,4,Input_#3_C_1K,15.3333333333333
208,2014,4,Input_#3_C_LK98,81.3333333333333
208,2014,4,Input_#3_C_NLP3,66
208,2014,4,Input_#3_D_1K,647330
208,2014,4,Input_#3_P_LK98,3335360
208,2014,4,Input_#3_P_NLP3,2688030
209,2014,5,RM Category,125 rm
209,2014,5,C.LK98,90
209,2014,5,P.LK98,3626460
209,2014,5,C.1K,4
209,2014,5,D.1K,175861.2
209,2014,5,C.NLP3,86
209,2014,5,P.NLP3,3450598.8
209,2014,5,C_1K,14.6666666666667
209,2014,5,C_LK98,94.6666666666667
209,2014,5,C_NLP3,80
209,2014,5,D_1K,602095.066666667
209,2014,5,P_LK98,3904542
209,2014,5,P_NLP3,3302446.93333333
209,2014,5,Input_#3_C_1K,14.3333333333333
209,2014,5,Input_#3_C_LK98,83.6666666666667
209,2014,5,Input_#3_C_NLP3,69.3333333333333
209,2014,5,Input_#3_D_1K,601844.866666667
209,2014,5,Input_#3_P_LK98,3448718
209,2014,5,Input_#3_P_NLP3,2846873.13333333
210,2014,6,RM Category,125 rm
210,2014,6,C.LK98,72
210,2014,6,P.LK98,3180822
210,2014,6,C.1K,16
210,2014,6,D.1K,731790.6
210,2014,6,C.NLP3,56
210,2014,6,P.NLP3,2449031.4
210,2014,6,C_1K,10.6666666666667
210,2014,6,C_LK98,81.3333333333333
210,2014,6,C_NLP3,70.6666666666667
210,2014,6,D_1K,480492.6
210,2014,6,P_LK98,3442925.33333333
210,2014,6,P_NLP3,2962432.73333333
210,2014,6,Input_#3_C_1K,14.6666666666667
210,2014,6,Input_#3_C_LK98,78.3333333333333
210,2014,6,Input_#3_C_NLP3,63.6666666666667
210,2014,6,Input_#3_D_1K,638982.3
210,2014,6,Input_#3_P_LK98,3273173.66666667
210,2014,6,Input_#3_P_NLP3,2634191.36666667
211,2014,7,RM Category,125 rm
211,2014,7,C.LK98,
211,2014,7,P.LK98,
211,2014,7,C.1K,
211,2014,7,D.1K,
211,2014,7,C.NLP3,
211,2014,7,P.NLP3,
211,2014,7,C_1K,6.66666666666667
211,2014,7,C_LK98,54
211,2014,7,C_NLP3,47.3333333333333
211,2014,7,D_1K,302550.6
211,2014,7,P_LK98,2269094
211,2014,7,P_NLP3,1966543.4
211,2014,7,Input_#3_C_1K,12.6666666666667
211,2014,7,Input_#3_C_LK98,69.3333333333333
211,2014,7,Input_#3_C_NLP3,56.6666666666667
211,2014,7,Input_#3_D_1K,541967.966666667
211,2014,7,Input_#3_P_LK98,2888327.66666667
211,2014,7,Input_#3_P_NLP3,2346359.7
212,2014,8,RM Category,125 rm
212,2014,8,C.LK98,
212,2014,8,P.LK98,
212,2014,8,C.1K,
212,2014,8,D.1K,
212,2014,8,C.NLP3,
212,2014,8,P.NLP3,
212,2014,8,C_1K,5.33333333333333
212,2014,8,C_LK98,24
212,2014,8,C_NLP3,18.6666666666667
212,2014,8,D_1K,243930.2
212,2014,8,P_LK98,1060274
212,2014,8,P_NLP3,816343.8
212,2014,8,Input_#3_C_1K,10
212,2014,8,Input_#3_C_LK98,59.3333333333333
212,2014,8,Input_#3_C_NLP3,49.3333333333333
212,2014,8,Input_#3_D_1K,423012.633333333
212,2014,8,Input_#3_P_LK98,2482408
212,2014,8,Input_#3_P_NLP3,2059395.36666667
213,2014,9,RM Category,125 rm
213,2014,9,C.LK98,
213,2014,9,P.LK98,
213,2014,9,C.1K,
213,2014,9,D.1K,
213,2014,9,C.NLP3,
213,2014,9,P.NLP3,
213,2014,9,C_1K,0
213,2014,9,C_LK98,0
213,2014,9,C_NLP3,0
213,2014,9,D_1K,0
213,2014,9,P_LK98,0
213,2014,9,P_NLP3,0
213,2014,9,Input_#3_C_1K,5.33333333333333
213,2014,9,Input_#3_C_LK98,40.6666666666667
213,2014,9,Input_#3_C_NLP3,35.3333333333333
213,2014,9,Input_#3_D_1K,240246.3
213,2014,9,Input_#3_P_LK98,1721462.66666667
213,2014,9,Input_#3_P_NLP3,1481216.36666667
214,2014,10,RM Category,125 rm
214,2014,10,C.LK98,
214,2014,10,P.LK98,
214,2014,10,C.1K,
214,2014,10,D.1K,
214,2014,10,C.NLP3,
214,2014,10,P.NLP3,
214,2014,10,C_1K,0
214,2014,10,C_LK98,0
214,2014,10,C_NLP3,0
214,2014,10,D_1K,0
214,2014,10,P_LK98,0
214,2014,10,P_NLP3,0
214,2014,10,Input_#3_C_1K,3.33333333333333
214,2014,10,Input_#3_C_LK98,27
214,2014,10,Input_#3_C_NLP3,23.6666666666667
214,2014,10,Input_#3_D_1K,151275.3
214,2014,10,Input_#3_P_LK98,1134547
214,2014,10,Input_#3_P_NLP3,983271.7
215,2014,11,RM Category,125 rm
215,2014,11,C.LK98,
215,2014,11,P.LK98,
215,2014,11,C.1K,
215,2014,11,D.1K,
215,2014,11,C.NLP3,
215,2014,11,P.NLP3,
215,2014,11,C_1K,0
215,2014,11,C_LK98,0
215,2014,11,C_NLP3,0
215,2014,11,D_1K,0
215,2014,11,P_LK98,0
215,2014,11,P_NLP3,0
215,2014,11,Input_#3_C_1K,2.66666666666667
215,2014,11,Input_#3_C_LK98,12
215,2014,11,Input_#3_C_NLP3,9.33333333333333
215,2014,11,Input_#3_D_1K,121965.1
215,2014,11,Input_#3_P_LK98,530137
215,2014,11,Input_#3_P_NLP3,408171.9
216,2014,12,RM Category,125 rm
216,2014,12,C.LK98,
216,2014,12,P.LK98,
216,2014,12,C.1K,
216,2014,12,D.1K,
216,2014,12,C.NLP3,
216,2014,12,P.NLP3,
216,2014,12,C_1K,0
216,2014,12,C_LK98,0
216,2014,12,C_NLP3,0
216,2014,12,D_1K,0
216,2014,12,P_LK98,0
216,2014,12,P_NLP3,0
216,2014,12,Input_#3_C_1K,0
216,2014,12,Input_#3_C_LK98,0
216,2014,12,Input_#3_C_NLP3,0
216,2014,12,Input_#3_D_1K,0
216,2014,12,Input_#3_P_LK98,0
216,2014,12,Input_#3_P_NLP3,0
217,2009,1,RM Category,15 rm
217,2009,1,C.LK98,348
217,2009,1,P.LK98,2305464
217,2009,1,C.1K,122
217,2009,1,D.1K,756260
217,2009,1,C.NLP3,226
217,2009,1,P.NLP3,1549204
217,2009,1,C_1K,122
217,2009,1,C_LK98,348
217,2009,1,C_NLP3,226
217,2009,1,D_1K,756260
217,2009,1,P_LK98,2305464
217,2009,1,P_NLP3,1549204
217,2009,1,Input_#3_C_1K,20.3333333333333
217,2009,1,Input_#3_C_LK98,58
217,2009,1,Input_#3_C_NLP3,37.6666666666667
217,2009,1,Input_#3_D_1K,126043.333333333
217,2009,1,Input_#3_P_LK98,384244
217,2009,1,Input_#3_P_NLP3,258200.666666667
218,2009,2,RM Category,15 rm
218,2009,2,C.LK98,280
218,2009,2,P.LK98,1958844
218,2009,2,C.1K,90
218,2009,2,D.1K,562836
218,2009,2,C.NLP3,190
218,2009,2,P.NLP3,1396008
218,2009,2,C_1K,111.333333333333
218,2009,2,C_LK98,325.333333333333
218,2009,2,C_NLP3,214
218,2009,2,D_1K,691785.333333333
218,2009,2,P_LK98,2189924
218,2009,2,P_NLP3,1498138.66666667
218,2009,2,Input_#3_C_1K,35.3333333333333
218,2009,2,Input_#3_C_LK98,104.666666666667
218,2009,2,Input_#3_C_NLP3,69.3333333333333
218,2009,2,Input_#3_D_1K,219849.333333333
218,2009,2,Input_#3_P_LK98,710718
218,2009,2,Input_#3_P_NLP3,490868.666666667
219,2009,3,RM Category,15 rm
219,2009,3,C.LK98,404
219,2009,3,P.LK98,2500008
219,2009,3,C.1K,128
219,2009,3,D.1K,768900
219,2009,3,C.NLP3,276
219,2009,3,P.NLP3,1731108
219,2009,3,C_1K,113.333333333333
219,2009,3,C_LK98,344
219,2009,3,C_NLP3,230.666666666667
219,2009,3,D_1K,695998.666666667
219,2009,3,P_LK98,2254772
219,2009,3,P_NLP3,1558773.33333333
219,2009,3,Input_#3_C_1K,56.6666666666667
219,2009,3,Input_#3_C_LK98,172
219,2009,3,Input_#3_C_NLP3,115.333333333333
219,2009,3,Input_#3_D_1K,347999.333333333
219,2009,3,Input_#3_P_LK98,1127386
219,2009,3,Input_#3_P_NLP3,779386.666666667
220,2009,4,RM Category,15 rm
220,2009,4,C.LK98,252
220,2009,4,P.LK98,1673838
220,2009,4,C.1K,94
220,2009,4,D.1K,566912
220,2009,4,C.NLP3,158
220,2009,4,P.NLP3,1106926
220,2009,4,C_1K,104
220,2009,4,C_LK98,312
220,2009,4,C_NLP3,208
220,2009,4,D_1K,632882.666666667
220,2009,4,P_LK98,2044230
220,2009,4,P_NLP3,1411347.33333333
220,2009,4,Input_#3_C_1K,72.3333333333333
220,2009,4,Input_#3_C_LK98,214
220,2009,4,Input_#3_C_NLP3,141.666666666667
220,2009,4,Input_#3_D_1K,442484.666666667
220,2009,4,Input_#3_P_LK98,1406359
220,2009,4,Input_#3_P_NLP3,963874.333333333
221,2009,5,RM Category,15 rm
221,2009,5,C.LK98,296
221,2009,5,P.LK98,2009836
221,2009,5,C.1K,110
221,2009,5,D.1K,683488
221,2009,5,C.NLP3,186
221,2009,5,P.NLP3,1326348
221,2009,5,C_1K,110.666666666667
221,2009,5,C_LK98,317.333333333333
221,2009,5,C_NLP3,206.666666666667
221,2009,5,D_1K,673100
221,2009,5,P_LK98,2061227.33333333
221,2009,5,P_NLP3,1388127.33333333
221,2009,5,Input_#3_C_1K,90.6666666666667
221,2009,5,Input_#3_C_LK98,263.333333333333
221,2009,5,Input_#3_C_NLP3,172.666666666667
221,2009,5,Input_#3_D_1K,556399.333333333
221,2009,5,Input_#3_P_LK98,1741331.66666667
221,2009,5,Input_#3_P_NLP3,1184932.33333333
222,2009,6,RM Category,15 rm
222,2009,6,C.LK98,298
222,2009,6,P.LK98,1905384
222,2009,6,C.1K,94
222,2009,6,D.1K,555144
222,2009,6,C.NLP3,204
222,2009,6,P.NLP3,1350240
222,2009,6,C_1K,99.3333333333333
222,2009,6,C_LK98,282
222,2009,6,C_NLP3,182.666666666667
222,2009,6,D_1K,601848
222,2009,6,P_LK98,1863019.33333333
222,2009,6,P_NLP3,1261171.33333333
222,2009,6,Input_#3_C_1K,106.333333333333
222,2009,6,Input_#3_C_LK98,313
222,2009,6,Input_#3_C_NLP3,206.666666666667
222,2009,6,Input_#3_D_1K,648923.333333333
222,2009,6,Input_#3_P_LK98,2058895.66666667
222,2009,6,Input_#3_P_NLP3,1409972.33333333
223,2009,7,RM Category,15 rm
223,2009,7,C.LK98,328
223,2009,7,P.LK98,2130274
223,2009,7,C.1K,106
223,2009,7,D.1K,616410
223,2009,7,C.NLP3,222
223,2009,7,P.NLP3,1513864
223,2009,7,C_1K,103.333333333333
223,2009,7,C_LK98,307.333333333333
223,2009,7,C_NLP3,204
223,2009,7,D_1K,618347.333333333
223,2009,7,P_LK98,2015164.66666667
223,2009,7,P_NLP3,1396817.33333333
223,2009,7,Input_#3_C_1K,103.666666666667
223,2009,7,Input_#3_C_LK98,309.666666666667
223,2009,7,Input_#3_C_NLP3,206
223,2009,7,Input_#3_D_1K,625615
223,2009,7,Input_#3_P_LK98,2029697.33333333
223,2009,7,Input_#3_P_NLP3,1404082.33333333
224,2009,8,RM Category,15 rm
224,2009,8,C.LK98,288
224,2009,8,P.LK98,1813852
224,2009,8,C.1K,106
224,2009,8,D.1K,638376
224,2009,8,C.NLP3,182
224,2009,8,P.NLP3,1175476
224,2009,8,C_1K,102
224,2009,8,C_LK98,304.666666666667
224,2009,8,C_NLP3,202.666666666667
224,2009,8,D_1K,603310
224,2009,8,P_LK98,1949836.66666667
224,2009,8,P_NLP3,1346526.66666667
224,2009,8,Input_#3_C_1K,106.333333333333
224,2009,8,Input_#3_C_LK98,311
224,2009,8,Input_#3_C_NLP3,204.666666666667
224,2009,8,Input_#3_D_1K,638205
224,2009,8,Input_#3_P_LK98,2005532
224,2009,8,Input_#3_P_NLP3,1367327
225,2009,9,RM Category,15 rm
225,2009,9,C.LK98,364
225,2009,9,P.LK98,2267718
225,2009,9,C.1K,106
225,2009,9,D.1K,617076
225,2009,9,C.NLP3,258
225,2009,9,P.NLP3,1650642
225,2009,9,C_1K,106
225,2009,9,C_LK98,326.666666666667
225,2009,9,C_NLP3,220.666666666667
225,2009,9,D_1K,623954
225,2009,9,P_LK98,2070614.66666667
225,2009,9,P_NLP3,1446660.66666667
225,2009,9,Input_#3_C_1K,102.666666666667
225,2009,9,Input_#3_C_LK98,304.333333333333
225,2009,9,Input_#3_C_NLP3,201.666666666667
225,2009,9,Input_#3_D_1K,612901
225,2009,9,Input_#3_P_LK98,1966817
225,2009,9,Input_#3_P_NLP3,1353916
226,2009,10,RM Category,15 rm
226,2009,10,C.LK98,296
226,2009,10,P.LK98,1897838
226,2009,10,C.1K,110
226,2009,10,D.1K,637922
226,2009,10,C.NLP3,186
226,2009,10,P.NLP3,1259916
226,2009,10,C_1K,107.333333333333
226,2009,10,C_LK98,316
226,2009,10,C_NLP3,208.666666666667
226,2009,10,D_1K,631124.666666667
226,2009,10,P_LK98,1993136
226,2009,10,P_NLP3,1362011.33333333
226,2009,10,Input_#3_C_1K,105.333333333333
226,2009,10,Input_#3_C_LK98,311.666666666667
226,2009,10,Input_#3_C_NLP3,206.333333333333
226,2009,10,Input_#3_D_1K,624736
226,2009,10,Input_#3_P_LK98,2004150.33333333
226,2009,10,Input_#3_P_NLP3,1379414.33333333
227,2009,11,RM Category,15 rm
227,2009,11,C.LK98,288
227,2009,11,P.LK98,1830770
227,2009,11,C.1K,138
227,2009,11,D.1K,823664
227,2009,11,C.NLP3,150
227,2009,11,P.NLP3,1007106
227,2009,11,C_1K,118
227,2009,11,C_LK98,316
227,2009,11,C_NLP3,198
227,2009,11,D_1K,692887.333333333
227,2009,11,P_LK98,1998775.33333333
227,2009,11,P_NLP3,1305888
227,2009,11,Input_#3_C_1K,110
227,2009,11,Input_#3_C_LK98,310.333333333333
227,2009,11,Input_#3_C_NLP3,200.333333333333
227,2009,11,Input_#3_D_1K,648098.666666667
227,2009,11,Input_#3_P_LK98,1974306
227,2009,11,Input_#3_P_NLP3,1326207.33333333
228,2009,12,RM Category,15 rm
228,2009,12,C.LK98,462
228,2009,12,P.LK98,2908286
228,2009,12,C.1K,170
228,2009,12,D.1K,972798
228,2009,12,C.NLP3,292
228,2009,12,P.NLP3,1935488
228,2009,12,C_1K,139.333333333333
228,2009,12,C_LK98,348.666666666667
228,2009,12,C_NLP3,209.333333333333
228,2009,12,D_1K,811461.333333333
228,2009,12,P_LK98,2212298
228,2009,12,P_NLP3,1400836.66666667
228,2009,12,Input_#3_C_1K,122.666666666667
228,2009,12,Input_#3_C_LK98,337.666666666667
228,2009,12,Input_#3_C_NLP3,215
228,2009,12,Input_#3_D_1K,717707.666666667
228,2009,12,Input_#3_P_LK98,2141456.33333333
228,2009,12,Input_#3_P_NLP3,1423748.66666667
229,2010,1,RM Category,15 rm
229,2010,1,C.LK98,334
229,2010,1,P.LK98,2160730
229,2010,1,C.1K,112
229,2010,1,D.1K,641184
229,2010,1,C.NLP3,222
229,2010,1,P.NLP3,1519546
229,2010,1,C_1K,140
229,2010,1,C_LK98,361.333333333333
229,2010,1,C_NLP3,221.333333333333
229,2010,1,D_1K,812548.666666667
229,2010,1,P_LK98,2299928.66666667
229,2010,1,P_NLP3,1487380
229,2010,1,Input_#3_C_1K,123.666666666667
229,2010,1,Input_#3_C_LK98,338.666666666667
229,2010,1,Input_#3_C_NLP3,215
229,2010,1,Input_#3_D_1K,721836.666666667
229,2010,1,Input_#3_P_LK98,2146532.33333333
229,2010,1,Input_#3_P_NLP3,1424695.66666667
230,2010,2,RM Category,15 rm
230,2010,2,C.LK98,306
230,2010,2,P.LK98,1982392
230,2010,2,C.1K,120
230,2010,2,D.1K,704874
230,2010,2,C.NLP3,186
230,2010,2,P.NLP3,1277518
230,2010,2,C_1K,134
230,2010,2,C_LK98,367.333333333333
230,2010,2,C_NLP3,233.333333333333
230,2010,2,D_1K,772952
230,2010,2,P_LK98,2350469.33333333
230,2010,2,P_NLP3,1577517.33333333
230,2010,2,Input_#3_C_1K,126
230,2010,2,Input_#3_C_LK98,341.666666666667
230,2010,2,Input_#3_C_NLP3,215.666666666667
230,2010,2,Input_#3_D_1K,732919.666666667
230,2010,2,Input_#3_P_LK98,2174622.33333333
230,2010,2,Input_#3_P_NLP3,1441702.66666667
231,2010,3,RM Category,15 rm
231,2010,3,C.LK98,350
231,2010,3,P.LK98,2362192
231,2010,3,C.1K,106
231,2010,3,D.1K,661564
231,2010,3,C.NLP3,244
231,2010,3,P.NLP3,1700628
231,2010,3,C_1K,112.666666666667
231,2010,3,C_LK98,330
231,2010,3,C_NLP3,217.333333333333
231,2010,3,D_1K,669207.333333333
231,2010,3,P_LK98,2168438
231,2010,3,P_NLP3,1499230.66666667
231,2010,3,Input_#3_C_1K,126
231,2010,3,Input_#3_C_LK98,339.333333333333
231,2010,3,Input_#3_C_NLP3,213.333333333333
231,2010,3,Input_#3_D_1K,740334.333333333
231,2010,3,Input_#3_P_LK98,2190368
231,2010,3,Input_#3_P_NLP3,1450033.66666667
232,2010,4,RM Category,15 rm
232,2010,4,C.LK98,364
232,2010,4,P.LK98,2376000
232,2010,4,C.1K,128
232,2010,4,D.1K,769412
232,2010,4,C.NLP3,236
232,2010,4,P.NLP3,1606588
232,2010,4,C_1K,118
232,2010,4,C_LK98,340
232,2010,4,C_NLP3,222
232,2010,4,D_1K,711950
232,2010,4,P_LK98,2240194.66666667
232,2010,4,P_NLP3,1528244.66666667
232,2010,4,Input_#3_C_1K,129
232,2010,4,Input_#3_C_LK98,350.666666666667
232,2010,4,Input_#3_C_NLP3,221.666666666667
232,2010,4,Input_#3_D_1K,762249.333333333
232,2010,4,Input_#3_P_LK98,2270061.66666667
232,2010,4,Input_#3_P_NLP3,1507812.33333333
233,2010,5,RM Category,15 rm
233,2010,5,C.LK98,318
233,2010,5,P.LK98,2144938
233,2010,5,C.1K,76
233,2010,5,D.1K,482918
233,2010,5,C.NLP3,242
233,2010,5,P.NLP3,1662020
233,2010,5,C_1K,103.333333333333
233,2010,5,C_LK98,344
233,2010,5,C_NLP3,240.666666666667
233,2010,5,D_1K,637964.666666667
233,2010,5,P_LK98,2294376.66666667
233,2010,5,P_NLP3,1656412
233,2010,5,Input_#3_C_1K,118.666666666667
233,2010,5,Input_#3_C_LK98,355.666666666667
233,2010,5,Input_#3_C_NLP3,237
233,2010,5,Input_#3_D_1K,705458.333333333
233,2010,5,Input_#3_P_LK98,2322423
233,2010,5,Input_#3_P_NLP3,1616964.66666667
234,2010,6,RM Category,15 rm
234,2010,6,C.LK98,434
234,2010,6,P.LK98,2745728
234,2010,6,C.1K,122
234,2010,6,D.1K,729228
234,2010,6,C.NLP3,312
234,2010,6,P.NLP3,2016500
234,2010,6,C_1K,108.666666666667
234,2010,6,C_LK98,372
234,2010,6,C_NLP3,263.333333333333
234,2010,6,D_1K,660519.333333333
234,2010,6,P_LK98,2422222
234,2010,6,P_NLP3,1761702.66666667
234,2010,6,Input_#3_C_1K,110.666666666667
234,2010,6,Input_#3_C_LK98,351
234,2010,6,Input_#3_C_NLP3,240.333333333333
234,2010,6,Input_#3_D_1K,664863.333333333
234,2010,6,Input_#3_P_LK98,2295330
234,2010,6,Input_#3_P_NLP3,1630466.66666667
235,2010,7,RM Category,15 rm
235,2010,7,C.LK98,350
235,2010,7,P.LK98,2322752
235,2010,7,C.1K,116
235,2010,7,D.1K,710372
235,2010,7,C.NLP3,234
235,2010,7,P.NLP3,1612380
235,2010,7,C_1K,104.666666666667
235,2010,7,C_LK98,367.333333333333
235,2010,7,C_NLP3,262.666666666667
235,2010,7,D_1K,640839.333333333
235,2010,7,P_LK98,2404472.66666667
235,2010,7,P_NLP3,1763633.33333333
235,2010,7,Input_#3_C_1K,111.333333333333
235,2010,7,Input_#3_C_LK98,353.666666666667
235,2010,7,Input_#3_C_NLP3,242.333333333333
235,2010,7,Input_#3_D_1K,676394.666666667
235,2010,7,Input_#3_P_LK98,2322333.66666667
235,2010,7,Input_#3_P_NLP3,1645939
236,2010,8,RM Category,15 rm
236,2010,8,C.LK98,484
236,2010,8,P.LK98,3058628
236,2010,8,C.1K,178
236,2010,8,D.1K,1021666
236,2010,8,C.NLP3,306
236,2010,8,P.NLP3,2036962
236,2010,8,C_1K,138.666666666667
236,2010,8,C_LK98,422.666666666667
236,2010,8,C_NLP3,284
236,2010,8,D_1K,820422
236,2010,8,P_LK98,2709036
236,2010,8,P_NLP3,1888614
236,2010,8,Input_#3_C_1K,121
236,2010,8,Input_#3_C_LK98,383.333333333333
236,2010,8,Input_#3_C_NLP3,262.333333333333
236,2010,8,Input_#3_D_1K,729193.333333333
236,2010,8,Input_#3_P_LK98,2501706.33333333
236,2010,8,Input_#3_P_NLP3,1772513
237,2010,9,RM Category,15 rm
237,2010,9,C.LK98,432
237,2010,9,P.LK98,2747446
237,2010,9,C.1K,132
237,2010,9,D.1K,770626
237,2010,9,C.NLP3,300
237,2010,9,P.NLP3,1976820
237,2010,9,C_1K,142
237,2010,9,C_LK98,422
237,2010,9,C_NLP3,280
237,2010,9,D_1K,834221.333333333
237,2010,9,P_LK98,2709608.66666667
237,2010,9,P_NLP3,1875387.33333333
237,2010,9,Input_#3_C_1K,125.333333333333
237,2010,9,Input_#3_C_LK98,397
237,2010,9,Input_#3_C_NLP3,271.666666666667
237,2010,9,Input_#3_D_1K,747370.333333333
237,2010,9,Input_#3_P_LK98,2565915.33333333
237,2010,9,Input_#3_P_NLP3,1818545
238,2010,10,RM Category,15 rm
238,2010,10,C.LK98,410
238,2010,10,P.LK98,2652762
238,2010,10,C.1K,114
238,2010,10,D.1K,684046
238,2010,10,C.NLP3,296
238,2010,10,P.NLP3,1968716
238,2010,10,C_1K,141.333333333333
238,2010,10,C_LK98,442
238,2010,10,C_NLP3,300.666666666667
238,2010,10,D_1K,825446
238,2010,10,P_LK98,2819612
238,2010,10,P_NLP3,1994166
238,2010,10,Input_#3_C_1K,123
238,2010,10,Input_#3_C_LK98,404.666666666667
238,2010,10,Input_#3_C_NLP3,281.666666666667
238,2010,10,Input_#3_D_1K,733142.666666667
238,2010,10,Input_#3_P_LK98,2612042.33333333
238,2010,10,Input_#3_P_NLP3,1878899.66666667
239,2010,11,RM Category,15 rm
239,2010,11,C.LK98,406
239,2010,11,P.LK98,2555234
239,2010,11,C.1K,124
239,2010,11,D.1K,729884
239,2010,11,C.NLP3,282
239,2010,11,P.NLP3,1825350
239,2010,11,C_1K,123.333333333333
239,2010,11,C_LK98,416
239,2010,11,C_NLP3,292.666666666667
239,2010,11,D_1K,728185.333333333
239,2010,11,P_LK98,2651814
239,2010,11,P_NLP3,1923628.66666667
239,2010,11,Input_#3_C_1K,131
239,2010,11,Input_#3_C_LK98,419.333333333333
239,2010,11,Input_#3_C_NLP3,288.333333333333
239,2010,11,Input_#3_D_1K,774303.666666667
239,2010,11,Input_#3_P_LK98,2680425
239,2010,11,Input_#3_P_NLP3,1906121.33333333
240,2010,12,RM Category,15 rm
240,2010,12,C.LK98,528
240,2010,12,P.LK98,3450634
240,2010,12,C.1K,206
240,2010,12,D.1K,1214962
240,2010,12,C.NLP3,322
240,2010,12,P.NLP3,2235672
240,2010,12,C_1K,148
240,2010,12,C_LK98,448
240,2010,12,C_NLP3,300
240,2010,12,D_1K,876297.333333333
240,2010,12,P_LK98,2886210
240,2010,12,P_NLP3,2009912.66666667
240,2010,12,Input_#3_C_1K,145
240,2010,12,Input_#3_C_LK98,435
240,2010,12,Input_#3_C_NLP3,290
240,2010,12,Input_#3_D_1K,855259.333333333
240,2010,12,Input_#3_P_LK98,2797909.33333333
240,2010,12,Input_#3_P_NLP3,1942650
241,2011,1,RM Category,15 rm
241,2011,1,C.LK98,394
241,2011,1,P.LK98,2514530
241,2011,1,C.1K,126
241,2011,1,D.1K,750004
241,2011,1,C.NLP3,268
241,2011,1,P.NLP3,1764526
241,2011,1,C_1K,152
241,2011,1,C_LK98,442.666666666667
241,2011,1,C_NLP3,290.666666666667
241,2011,1,D_1K,898283.333333333
241,2011,1,P_LK98,2840132.66666667
241,2011,1,P_NLP3,1941849.33333333
241,2011,1,Input_#3_C_1K,146.666666666667
241,2011,1,Input_#3_C_LK98,442.333333333333
241,2011,1,Input_#3_C_NLP3,295.666666666667
241,2011,1,Input_#3_D_1K,861864.666666667
241,2011,1,Input_#3_P_LK98,2829872.33333333
241,2011,1,Input_#3_P_NLP3,1968007.66666667
242,2011,2,RM Category,15 rm
242,2011,2,C.LK98,344
242,2011,2,P.LK98,2247454
242,2011,2,C.1K,88
242,2011,2,D.1K,522496
242,2011,2,C.NLP3,256
242,2011,2,P.NLP3,1724958
242,2011,2,C_1K,140
242,2011,2,C_LK98,422
242,2011,2,C_NLP3,282
242,2011,2,D_1K,829154
242,2011,2,P_LK98,2737539.33333333
242,2011,2,P_NLP3,1908385.33333333
242,2011,2,Input_#3_C_1K,131.666666666667
242,2011,2,Input_#3_C_LK98,419
242,2011,2,Input_#3_C_NLP3,287.333333333333
242,2011,2,Input_#3_D_1K,778669.666666667
242,2011,2,Input_#3_P_LK98,2694676.66666667
242,2011,2,Input_#3_P_NLP3,1916007
243,2011,3,RM Category,15 rm
243,2011,3,C.LK98,542
243,2011,3,P.LK98,3559926
243,2011,3,C.1K,156
243,2011,3,D.1K,988072
243,2011,3,C.NLP3,386
243,2011,3,P.NLP3,2571854
243,2011,3,C_1K,123.333333333333
243,2011,3,C_LK98,426.666666666667
243,2011,3,C_NLP3,303.333333333333
243,2011,3,D_1K,753524
243,2011,3,P_LK98,2773970
243,2011,3,P_NLP3,2020446
243,2011,3,Input_#3_C_1K,135.666666666667
243,2011,3,Input_#3_C_LK98,437.333333333333
243,2011,3,Input_#3_C_NLP3,301.666666666667
243,2011,3,Input_#3_D_1K,814910.666666667
243,2011,3,Input_#3_P_LK98,2830090
243,2011,3,Input_#3_P_NLP3,2015179.33333333
244,2011,4,RM Category,15 rm
244,2011,4,C.LK98,390
244,2011,4,P.LK98,2639524
244,2011,4,C.1K,140
244,2011,4,D.1K,884278
244,2011,4,C.NLP3,250
244,2011,4,P.NLP3,1755246
244,2011,4,C_1K,128
244,2011,4,C_LK98,425.333333333333
244,2011,4,C_NLP3,297.333333333333
244,2011,4,D_1K,798282
244,2011,4,P_LK98,2815634.66666667
244,2011,4,P_NLP3,2017352.66666667
244,2011,4,Input_#3_C_1K,140
244,2011,4,Input_#3_C_LK98,434
244,2011,4,Input_#3_C_NLP3,294
244,2011,4,Input_#3_D_1K,848282.666666667
244,2011,4,Input_#3_P_LK98,2827883.66666667
244,2011,4,Input_#3_P_NLP3,1979601
245,2011,5,RM Category,15 rm
245,2011,5,C.LK98,484
245,2011,5,P.LK98,3145530
245,2011,5,C.1K,158
245,2011,5,D.1K,940754
245,2011,5,C.NLP3,326
245,2011,5,P.NLP3,2204776
245,2011,5,C_1K,151.333333333333
245,2011,5,C_LK98,472
245,2011,5,C_NLP3,320.666666666667
245,2011,5,D_1K,937701.333333333
245,2011,5,P_LK98,3114993.33333333
245,2011,5,P_NLP3,2177292
245,2011,5,Input_#3_C_1K,145.666666666667
245,2011,5,Input_#3_C_LK98,447
245,2011,5,Input_#3_C_NLP3,301.333333333333
245,2011,5,Input_#3_D_1K,883427.666666667
245,2011,5,Input_#3_P_LK98,2926266.33333333
245,2011,5,Input_#3_P_NLP3,2042838.66666667
246,2011,6,RM Category,15 rm
246,2011,6,C.LK98,596
246,2011,6,P.LK98,3780892
246,2011,6,C.1K,152
246,2011,6,D.1K,887646
246,2011,6,C.NLP3,444
246,2011,6,P.NLP3,2893246
246,2011,6,C_1K,150
246,2011,6,C_LK98,490
246,2011,6,C_NLP3,340
246,2011,6,D_1K,904226
246,2011,6,P_LK98,3188648.66666667
246,2011,6,P_NLP3,2284422.66666667
246,2011,6,Input_#3_C_1K,136.666666666667
246,2011,6,Input_#3_C_LK98,458.333333333333
246,2011,6,Input_#3_C_NLP3,321.666666666667
246,2011,6,Input_#3_D_1K,828875
246,2011,6,Input_#3_P_LK98,2981309.33333333
246,2011,6,Input_#3_P_NLP3,2152434.33333333
247,2011,7,RM Category,15 rm
247,2011,7,C.LK98,412
247,2011,7,P.LK98,2720852
247,2011,7,C.1K,138
247,2011,7,D.1K,774776
247,2011,7,C.NLP3,274
247,2011,7,P.NLP3,1946076
247,2011,7,C_1K,149.333333333333
247,2011,7,C_LK98,497.333333333333
247,2011,7,C_NLP3,348
247,2011,7,D_1K,867725.333333333
247,2011,7,P_LK98,3215758
247,2011,7,P_NLP3,2348032.66666667
247,2011,7,Input_#3_C_1K,138.666666666667
247,2011,7,Input_#3_C_LK98,461.333333333333
247,2011,7,Input_#3_C_NLP3,322.666666666667
247,2011,7,Input_#3_D_1K,833003.666666667
247,2011,7,Input_#3_P_LK98,3015696.33333333
247,2011,7,Input_#3_P_NLP3,2182692.66666667
248,2011,8,RM Category,15 rm
248,2011,8,C.LK98,498
248,2011,8,P.LK98,3421602
248,2011,8,C.1K,152
248,2011,8,D.1K,920802
248,2011,8,C.NLP3,346
248,2011,8,P.NLP3,2500800
248,2011,8,C_1K,147.333333333333
248,2011,8,C_LK98,502
248,2011,8,C_NLP3,354.666666666667
248,2011,8,D_1K,861074.666666667
248,2011,8,P_LK98,3307782
248,2011,8,P_NLP3,2446707.33333333
248,2011,8,Input_#3_C_1K,149.333333333333
248,2011,8,Input_#3_C_LK98,487
248,2011,8,Input_#3_C_NLP3,337.666666666667
248,2011,8,Input_#3_D_1K,899388
248,2011,8,Input_#3_P_LK98,3211387.66666667
248,2011,8,Input_#3_P_NLP3,2311999.66666667
249,2011,9,RM Category,15 rm
249,2011,9,C.LK98,554
249,2011,9,P.LK98,3711974
249,2011,9,C.1K,186
249,2011,9,D.1K,1154920
249,2011,9,C.NLP3,368
249,2011,9,P.NLP3,2557054
249,2011,9,C_1K,158.666666666667
249,2011,9,C_LK98,488
249,2011,9,C_NLP3,329.333333333333
249,2011,9,D_1K,950166
249,2011,9,P_LK98,3284809.33333333
249,2011,9,P_NLP3,2334643.33333333
249,2011,9,Input_#3_C_1K,154.333333333333
249,2011,9,Input_#3_C_LK98,489
249,2011,9,Input_#3_C_NLP3,334.666666666667
249,2011,9,Input_#3_D_1K,927196
249,2011,9,Input_#3_P_LK98,3236729
249,2011,9,Input_#3_P_NLP3,2309533
250,2011,10,RM Category,15 rm
250,2011,10,C.LK98,526
250,2011,10,P.LK98,3398820
250,2011,10,C.1K,174
250,2011,10,D.1K,1085790
250,2011,10,C.NLP3,352
250,2011,10,P.NLP3,2313030
250,2011,10,C_1K,170.666666666667
250,2011,10,C_LK98,526
250,2011,10,C_NLP3,355.333333333333
250,2011,10,D_1K,1053837.33333333
250,2011,10,P_LK98,3510798.66666667
250,2011,10,P_NLP3,2456961.33333333
250,2011,10,Input_#3_C_1K,160
250,2011,10,Input_#3_C_LK98,511.666666666667
250,2011,10,Input_#3_C_NLP3,351.666666666667
250,2011,10,Input_#3_D_1K,960781.333333333
250,2011,10,Input_#3_P_LK98,3363278.33333333
250,2011,10,Input_#3_P_NLP3,2402497
251,2011,11,RM Category,15 rm
251,2011,11,C.LK98,498
251,2011,11,P.LK98,3329864
251,2011,11,C.1K,152
251,2011,11,D.1K,834798
251,2011,11,C.NLP3,346
251,2011,11,P.NLP3,2495066
251,2011,11,C_1K,170.666666666667
251,2011,11,C_LK98,526
251,2011,11,C_NLP3,355.333333333333
251,2011,11,D_1K,1025169.33333333
251,2011,11,P_LK98,3480219.33333333
251,2011,11,P_NLP3,2455050
251,2011,11,Input_#3_C_1K,159
251,2011,11,Input_#3_C_LK98,514
251,2011,11,Input_#3_C_NLP3,355
251,2011,11,Input_#3_D_1K,943122
251,2011,11,Input_#3_P_LK98,3394000.66666667
251,2011,11,Input_#3_P_NLP3,2450878.66666667
252,2011,12,RM Category,15 rm
252,2011,12,C.LK98,648
252,2011,12,P.LK98,4279574
252,2011,12,C.1K,242
252,2011,12,D.1K,1407712
252,2011,12,C.NLP3,406
252,2011,12,P.NLP3,2871862
252,2011,12,C_1K,189.333333333333
252,2011,12,C_LK98,557.333333333333
252,2011,12,C_NLP3,368
252,2011,12,D_1K,1109433.33333333
252,2011,12,P_LK98,3669419.33333333
252,2011,12,P_NLP3,2559986
252,2011,12,Input_#3_C_1K,174
252,2011,12,Input_#3_C_LK98,522.666666666667
252,2011,12,Input_#3_C_NLP3,348.666666666667
252,2011,12,Input_#3_D_1K,1029799.66666667
252,2011,12,Input_#3_P_LK98,3477114.33333333
252,2011,12,Input_#3_P_NLP3,2447314.66666667
253,2012,1,RM Category,15 rm
253,2012,1,C.LK98,522
253,2012,1,P.LK98,3457276
253,2012,1,C.1K,170
253,2012,1,D.1K,1057514
253,2012,1,C.NLP3,352
253,2012,1,P.NLP3,2399762
253,2012,1,C_1K,188
253,2012,1,C_LK98,556
253,2012,1,C_NLP3,368
253,2012,1,D_1K,1100008
253,2012,1,P_LK98,3688904.66666667
253,2012,1,P_NLP3,2588896.66666667
253,2012,1,Input_#3_C_1K,179.333333333333
253,2012,1,Input_#3_C_LK98,541
253,2012,1,Input_#3_C_NLP3,361.666666666667
253,2012,1,Input_#3_D_1K,1076922.66666667
253,2012,1,Input_#3_P_LK98,3599851.66666667
253,2012,1,Input_#3_P_NLP3,2522929
254,2012,2,RM Category,15 rm
254,2012,2,C.LK98,558
254,2012,2,P.LK98,3383094
254,2012,2,C.1K,170
254,2012,2,D.1K,935134
254,2012,2,C.NLP3,388
254,2012,2,P.NLP3,2447960
254,2012,2,C_1K,194
254,2012,2,C_LK98,576
254,2012,2,C_NLP3,382
254,2012,2,D_1K,1133453.33333333
254,2012,2,P_LK98,3706648
254,2012,2,P_NLP3,2573194.66666667
254,2012,2,Input_#3_C_1K,182.333333333333
254,2012,2,Input_#3_C_LK98,551
254,2012,2,Input_#3_C_NLP3,368.666666666667
254,2012,2,Input_#3_D_1K,1079311.33333333
254,2012,2,Input_#3_P_LK98,3593433.66666667
254,2012,2,Input_#3_P_NLP3,2514122.33333333
255,2012,3,RM Category,15 rm
255,2012,3,C.LK98,634
255,2012,3,P.LK98,4202550
255,2012,3,C.1K,218
255,2012,3,D.1K,1299254
255,2012,3,C.NLP3,416
255,2012,3,P.NLP3,2903296
255,2012,3,C_1K,186
255,2012,3,C_LK98,571.333333333333
255,2012,3,C_NLP3,385.333333333333
255,2012,3,D_1K,1097300.66666667
255,2012,3,P_LK98,3680973.33333333
255,2012,3,P_NLP3,2583672.66666667
255,2012,3,Input_#3_C_1K,187.666666666667
255,2012,3,Input_#3_C_LK98,564.333333333333
255,2012,3,Input_#3_C_NLP3,376.666666666667
255,2012,3,Input_#3_D_1K,1103367
255,2012,3,Input_#3_P_LK98,3675196.33333333
255,2012,3,Input_#3_P_NLP3,2571829.33333333
256,2012,4,RM Category,15 rm
256,2012,4,C.LK98,528
256,2012,4,P.LK98,3508660
256,2012,4,C.1K,138
256,2012,4,D.1K,804350
256,2012,4,C.NLP3,390
256,2012,4,P.NLP3,2704310
256,2012,4,C_1K,175.333333333333
256,2012,4,C_LK98,573.333333333333
256,2012,4,C_NLP3,398
256,2012,4,D_1K,1012912.66666667
256,2012,4,P_LK98,3698101.33333333
256,2012,4,P_NLP3,2685188.66666667
256,2012,4,Input_#3_C_1K,181.666666666667
256,2012,4,Input_#3_C_LK98,564.666666666667
256,2012,4,Input_#3_C_NLP3,383
256,2012,4,Input_#3_D_1K,1056460.33333333
256,2012,4,Input_#3_P_LK98,3693503
256,2012,4,Input_#3_P_NLP3,2637042.66666667
257,2012,5,RM Category,15 rm
257,2012,5,C.LK98,600
257,2012,5,P.LK98,3987430
257,2012,5,C.1K,198
257,2012,5,D.1K,1174058
257,2012,5,C.NLP3,402
257,2012,5,P.NLP3,2813372
257,2012,5,C_1K,184.666666666667
257,2012,5,C_LK98,587.333333333333
257,2012,5,C_NLP3,402.666666666667
257,2012,5,D_1K,1092554
257,2012,5,P_LK98,3899546.66666667
257,2012,5,P_NLP3,2806992.66666667
257,2012,5,Input_#3_C_1K,189.333333333333
257,2012,5,Input_#3_C_LK98,581.666666666667
257,2012,5,Input_#3_C_NLP3,392.333333333333
257,2012,5,Input_#3_D_1K,1113003.66666667
257,2012,5,Input_#3_P_LK98,3803097.33333333
257,2012,5,Input_#3_P_NLP3,2690093.66666667
258,2012,6,RM Category,15 rm
258,2012,6,C.LK98,610
258,2012,6,P.LK98,4092432
258,2012,6,C.1K,196
258,2012,6,D.1K,1161790
258,2012,6,C.NLP3,414
258,2012,6,P.NLP3,2930642
258,2012,6,C_1K,177.333333333333
258,2012,6,C_LK98,579.333333333333
258,2012,6,C_NLP3,402
258,2012,6,D_1K,1046732.66666667
258,2012,6,P_LK98,3862840.66666667
258,2012,6,P_NLP3,2816108
258,2012,6,Input_#3_C_1K,181.666666666667
258,2012,6,Input_#3_C_LK98,575.333333333333
258,2012,6,Input_#3_C_NLP3,393.666666666667
258,2012,6,Input_#3_D_1K,1072016.66666667
258,2012,6,Input_#3_P_LK98,3771907
258,2012,6,Input_#3_P_NLP3,2699890.33333333
259,2012,7,RM Category,15 rm
259,2012,7,C.LK98,558
259,2012,7,P.LK98,3689276
259,2012,7,C.1K,186
259,2012,7,D.1K,1062530
259,2012,7,C.NLP3,372
259,2012,7,P.NLP3,2626746
259,2012,7,C_1K,193.333333333333
259,2012,7,C_LK98,589.333333333333
259,2012,7,C_NLP3,396
259,2012,7,D_1K,1132792.66666667
259,2012,7,P_LK98,3923046
259,2012,7,P_NLP3,2790253.33333333
259,2012,7,Input_#3_C_1K,184.333333333333
259,2012,7,Input_#3_C_LK98,581.333333333333
259,2012,7,Input_#3_C_NLP3,397
259,2012,7,Input_#3_D_1K,1072852.66666667
259,2012,7,Input_#3_P_LK98,3810573.66666667
259,2012,7,Input_#3_P_NLP3,2737721
260,2012,8,RM Category,15 rm
260,2012,8,C.LK98,518
260,2012,8,P.LK98,3653458
260,2012,8,C.1K,134
260,2012,8,D.1K,832414
260,2012,8,C.NLP3,384
260,2012,8,P.NLP3,2821044
260,2012,8,C_1K,172
260,2012,8,C_LK98,562
260,2012,8,C_NLP3,390
260,2012,8,D_1K,1018911.33333333
260,2012,8,P_LK98,3811722
260,2012,8,P_NLP3,2792810.66666667
260,2012,8,Input_#3_C_1K,178.333333333333
260,2012,8,Input_#3_C_LK98,574.666666666667
260,2012,8,Input_#3_C_NLP3,396.333333333333
260,2012,8,Input_#3_D_1K,1055732.66666667
260,2012,8,Input_#3_P_LK98,3855634.33333333
260,2012,8,Input_#3_P_NLP3,2799901.66666667
261,2012,9,RM Category,15 rm
261,2012,9,C.LK98,498
261,2012,9,P.LK98,3354044
261,2012,9,C.1K,122
261,2012,9,D.1K,743830
261,2012,9,C.NLP3,376
261,2012,9,P.NLP3,2610214
261,2012,9,C_1K,147.333333333333
261,2012,9,C_LK98,524.666666666667
261,2012,9,C_NLP3,377.333333333333
261,2012,9,D_1K,879591.333333333
261,2012,9,P_LK98,3565592.66666667
261,2012,9,P_NLP3,2686001.33333333
261,2012,9,Input_#3_C_1K,162.333333333333
261,2012,9,Input_#3_C_LK98,552
261,2012,9,Input_#3_C_NLP3,389.666666666667
261,2012,9,Input_#3_D_1K,963162
261,2012,9,Input_#3_P_LK98,3714216.66666667
261,2012,9,Input_#3_P_NLP3,2751054.66666667
262,2012,10,RM Category,15 rm
262,2012,10,C.LK98,652
262,2012,10,P.LK98,4400114
262,2012,10,C.1K,198
262,2012,10,D.1K,1291038
262,2012,10,C.NLP3,454
262,2012,10,P.NLP3,3109076
262,2012,10,C_1K,151.333333333333
262,2012,10,C_LK98,556
262,2012,10,C_NLP3,404.666666666667
262,2012,10,D_1K,955760.666666667
262,2012,10,P_LK98,3802538.66666667
262,2012,10,P_NLP3,2846778
262,2012,10,Input_#3_C_1K,172.333333333333
262,2012,10,Input_#3_C_LK98,572.666666666667
262,2012,10,Input_#3_C_NLP3,400.333333333333
262,2012,10,Input_#3_D_1K,1044276.66666667
262,2012,10,Input_#3_P_LK98,3862792.33333333
262,2012,10,Input_#3_P_NLP3,2818515.66666667
263,2012,11,RM Category,15 rm
263,2012,11,C.LK98,602
263,2012,11,P.LK98,4051008
263,2012,11,C.1K,208
263,2012,11,D.1K,1259162
263,2012,11,C.NLP3,394
263,2012,11,P.NLP3,2791846
263,2012,11,C_1K,176
263,2012,11,C_LK98,584
263,2012,11,C_NLP3,408
263,2012,11,D_1K,1098010
263,2012,11,P_LK98,3935055.33333333
263,2012,11,P_NLP3,2837045.33333333
263,2012,11,Input_#3_C_1K,174
263,2012,11,Input_#3_C_LK98,573
263,2012,11,Input_#3_C_NLP3,399
263,2012,11,Input_#3_D_1K,1058460.66666667
263,2012,11,Input_#3_P_LK98,3873388.66666667
263,2012,11,Input_#3_P_NLP3,2814928
264,2012,12,RM Category,15 rm
264,2012,12,C.LK98,504
264,2012,12,P.LK98,3389646
264,2012,12,C.1K,164
264,2012,12,D.1K,1022118
264,2012,12,C.NLP3,340
264,2012,12,P.NLP3,2367528
264,2012,12,C_1K,190
264,2012,12,C_LK98,586
264,2012,12,C_NLP3,396
264,2012,12,D_1K,1190772.66666667
264,2012,12,P_LK98,3946922.66666667
264,2012,12,P_NLP3,2756150
264,2012,12,Input_#3_C_1K,168.666666666667
264,2012,12,Input_#3_C_LK98,555.333333333333
264,2012,12,Input_#3_C_NLP3,386.666666666667
264,2012,12,Input_#3_D_1K,1035182
264,2012,12,Input_#3_P_LK98,3756257.66666667
264,2012,12,Input_#3_P_NLP3,2721075.66666667
265,2013,1,RM Category,15 rm
265,2013,1,C.LK98,572
265,2013,1,P.LK98,3859716
265,2013,1,C.1K,186
265,2013,1,D.1K,1145060
265,2013,1,C.NLP3,386
265,2013,1,P.NLP3,2714656
265,2013,1,C_1K,186
265,2013,1,C_LK98,559.333333333333
265,2013,1,C_NLP3,373.333333333333
265,2013,1,D_1K,1142113.33333333
265,2013,1,P_LK98,3766790
265,2013,1,P_NLP3,2624676.66666667
265,2013,1,Input_#3_C_1K,168.666666666667
265,2013,1,Input_#3_C_LK98,557.666666666667
265,2013,1,Input_#3_C_NLP3,389
265,2013,1,Input_#3_D_1K,1048937
265,2013,1,Input_#3_P_LK98,3784664.33333333
265,2013,1,Input_#3_P_NLP3,2735727.33333333
266,2013,2,RM Category,15 rm
266,2013,2,C.LK98,546
266,2013,2,P.LK98,3820620
266,2013,2,C.1K,168
266,2013,2,D.1K,1035554
266,2013,2,C.NLP3,378
266,2013,2,P.NLP3,2785066
266,2013,2,C_1K,172.666666666667
266,2013,2,C_LK98,540.666666666667
266,2013,2,C_NLP3,368
266,2013,2,D_1K,1067577.33333333
266,2013,2,P_LK98,3689994
266,2013,2,P_NLP3,2622416.66666667
266,2013,2,Input_#3_C_1K,174.333333333333
266,2013,2,Input_#3_C_LK98,562.333333333333
266,2013,2,Input_#3_C_NLP3,388
266,2013,2,Input_#3_D_1K,1082793.66666667
266,2013,2,Input_#3_P_LK98,3812524.66666667
266,2013,2,Input_#3_P_NLP3,2729731
267,2013,3,RM Category,15 rm
267,2013,3,C.LK98,594
267,2013,3,P.LK98,4137296
267,2013,3,C.1K,236
267,2013,3,D.1K,1430444
267,2013,3,C.NLP3,358
267,2013,3,P.NLP3,2706852
267,2013,3,C_1K,196.666666666667
267,2013,3,C_LK98,570.666666666667
267,2013,3,C_NLP3,374
267,2013,3,D_1K,1203686
267,2013,3,P_LK98,3939210.66666667
267,2013,3,P_NLP3,2735524.66666667
267,2013,3,Input_#3_C_1K,193.333333333333
267,2013,3,Input_#3_C_LK98,578.333333333333
267,2013,3,Input_#3_C_NLP3,385
267,2013,3,Input_#3_D_1K,1197229.33333333
267,2013,3,Input_#3_P_LK98,3943066.66666667
267,2013,3,Input_#3_P_NLP3,2745837.33333333
268,2013,4,RM Category,15 rm
268,2013,4,C.LK98,692
268,2013,4,P.LK98,4774596
268,2013,4,C.1K,218
268,2013,4,D.1K,1294066
268,2013,4,C.NLP3,474
268,2013,4,P.NLP3,3480530
268,2013,4,C_1K,207.333333333333
268,2013,4,C_LK98,610.666666666667
268,2013,4,C_NLP3,403.333333333333
268,2013,4,D_1K,1253354.66666667
268,2013,4,P_LK98,4244170.66666667
268,2013,4,P_NLP3,2990816
268,2013,4,Input_#3_C_1K,196.666666666667
268,2013,4,Input_#3_C_LK98,585
268,2013,4,Input_#3_C_NLP3,388.333333333333
268,2013,4,Input_#3_D_1K,1197734
268,2013,4,Input_#3_P_LK98,4005480.33333333
268,2013,4,Input_#3_P_NLP3,2807746.33333333
269,2013,5,RM Category,15 rm
269,2013,5,C.LK98,548
269,2013,5,P.LK98,3717786
269,2013,5,C.1K,178
269,2013,5,D.1K,1092214
269,2013,5,C.NLP3,370
269,2013,5,P.NLP3,2625572
269,2013,5,C_1K,210.666666666667
269,2013,5,C_LK98,611.333333333333
269,2013,5,C_NLP3,400.666666666667
269,2013,5,D_1K,1272241.33333333
269,2013,5,P_LK98,4209892.66666667
269,2013,5,P_NLP3,2937651.33333333
269,2013,5,Input_#3_C_1K,191.666666666667
269,2013,5,Input_#3_C_LK98,576
269,2013,5,Input_#3_C_NLP3,384.333333333333
269,2013,5,Input_#3_D_1K,1169909.33333333
269,2013,5,Input_#3_P_LK98,3949943.33333333
269,2013,5,Input_#3_P_NLP3,2780034
270,2013,6,RM Category,15 rm
270,2013,6,C.LK98,598
270,2013,6,P.LK98,4102194
270,2013,6,C.1K,216
270,2013,6,D.1K,1318974
270,2013,6,C.NLP3,382
270,2013,6,P.NLP3,2783220
270,2013,6,C_1K,204
270,2013,6,C_LK98,612.666666666667
270,2013,6,C_NLP3,408.666666666667
270,2013,6,D_1K,1235084.66666667
270,2013,6,P_LK98,4198192
270,2013,6,P_NLP3,2963107.33333333
270,2013,6,Input_#3_C_1K,200.333333333333
270,2013,6,Input_#3_C_LK98,591.666666666667
270,2013,6,Input_#3_C_NLP3,391.333333333333
270,2013,6,Input_#3_D_1K,1219385.33333333
270,2013,6,Input_#3_P_LK98,4068701.33333333
270,2013,6,Input_#3_P_NLP3,2849316
271,2013,7,RM Category,15 rm
271,2013,7,C.LK98,646
271,2013,7,P.LK98,4529640
271,2013,7,C.1K,226
271,2013,7,D.1K,1420988
271,2013,7,C.NLP3,420
271,2013,7,P.NLP3,3108652
271,2013,7,C_1K,206.666666666667
271,2013,7,C_LK98,597.333333333333
271,2013,7,C_NLP3,390.666666666667
271,2013,7,D_1K,1277392
271,2013,7,P_LK98,4116540
271,2013,7,P_NLP3,2839148
271,2013,7,Input_#3_C_1K,207
271,2013,7,Input_#3_C_LK98,604
271,2013,7,Input_#3_C_NLP3,397
271,2013,7,Input_#3_D_1K,1265373.33333333
271,2013,7,Input_#3_P_LK98,4180355.33333333
271,2013,7,Input_#3_P_NLP3,2914982
272,2013,8,RM Category,15 rm
272,2013,8,C.LK98,656
272,2013,8,P.LK98,4597092
272,2013,8,C.1K,242
272,2013,8,D.1K,1499706
272,2013,8,C.NLP3,414
272,2013,8,P.NLP3,3097386
272,2013,8,C_1K,228
272,2013,8,C_LK98,633.333333333333
272,2013,8,C_NLP3,405.333333333333
272,2013,8,D_1K,1413222.66666667
272,2013,8,P_LK98,4409642
272,2013,8,P_NLP3,2996419.33333333
272,2013,8,Input_#3_C_1K,219.333333333333
272,2013,8,Input_#3_C_LK98,622.333333333333
272,2013,8,Input_#3_C_NLP3,403
272,2013,8,Input_#3_D_1K,1342732
272,2013,8,Input_#3_P_LK98,4309767.33333333
272,2013,8,Input_#3_P_NLP3,2967035.33333333
273,2013,9,RM Category,15 rm
273,2013,9,C.LK98,578
273,2013,9,P.LK98,4047334
273,2013,9,C.1K,172
273,2013,9,D.1K,1010352
273,2013,9,C.NLP3,406
273,2013,9,P.NLP3,3036982
273,2013,9,C_1K,213.333333333333
273,2013,9,C_LK98,626.666666666667
273,2013,9,C_NLP3,413.333333333333
273,2013,9,D_1K,1310348.66666667
273,2013,9,P_LK98,4391355.33333333
273,2013,9,P_NLP3,3081006.66666667
273,2013,9,Input_#3_C_1K,208.666666666667
273,2013,9,Input_#3_C_LK98,619.666666666667
273,2013,9,Input_#3_C_NLP3,411
273,2013,9,Input_#3_D_1K,1272716.66666667
273,2013,9,Input_#3_P_LK98,4294773.66666667
273,2013,9,Input_#3_P_NLP3,3022057
274,2013,10,RM Category,15 rm
274,2013,10,C.LK98,668
274,2013,10,P.LK98,4893846
274,2013,10,C.1K,192
274,2013,10,D.1K,1267258
274,2013,10,C.NLP3,476
274,2013,10,P.NLP3,3626588
274,2013,10,C_1K,202
274,2013,10,C_LK98,634
274,2013,10,C_NLP3,432
274,2013,10,D_1K,1259105.33333333
274,2013,10,P_LK98,4512757.33333333
274,2013,10,P_NLP3,3253652
274,2013,10,Input_#3_C_1K,204.333333333333
274,2013,10,Input_#3_C_LK98,615.666666666667
274,2013,10,Input_#3_C_NLP3,411.333333333333
274,2013,10,Input_#3_D_1K,1268248.66666667
274,2013,10,Input_#3_P_LK98,4314648.66666667
274,2013,10,Input_#3_P_NLP3,3046400
275,2013,11,RM Category,15 rm
275,2013,11,C.LK98,532
275,2013,11,P.LK98,3818488
275,2013,11,C.1K,180
275,2013,11,D.1K,1183020
275,2013,11,C.NLP3,352
275,2013,11,P.NLP3,2635468
275,2013,11,C_1K,181.333333333333
275,2013,11,C_LK98,592.666666666667
275,2013,11,C_NLP3,411.333333333333
275,2013,11,D_1K,1153543.33333333
275,2013,11,P_LK98,4253222.66666667
275,2013,11,P_NLP3,3099679.33333333
275,2013,11,Input_#3_C_1K,204.666666666667
275,2013,11,Input_#3_C_LK98,613
275,2013,11,Input_#3_C_NLP3,408.333333333333
275,2013,11,Input_#3_D_1K,1283383
275,2013,11,Input_#3_P_LK98,4331432.33333333
275,2013,11,Input_#3_P_NLP3,3048049.33333333
276,2013,12,RM Category,15 rm
276,2013,12,C.LK98,610
276,2013,12,P.LK98,4207686
276,2013,12,C.1K,238
276,2013,12,D.1K,1460806
276,2013,12,C.NLP3,372
276,2013,12,P.NLP3,2746880
276,2013,12,C_1K,203.333333333333
276,2013,12,C_LK98,603.333333333333
276,2013,12,C_NLP3,400
276,2013,12,D_1K,1303694.66666667
276,2013,12,P_LK98,4306673.33333333
276,2013,12,P_NLP3,3002978.66666667
276,2013,12,Input_#3_C_1K,208.333333333333
276,2013,12,Input_#3_C_LK98,615
276,2013,12,Input_#3_C_NLP3,406.666666666667
276,2013,12,Input_#3_D_1K,1307021.66666667
276,2013,12,Input_#3_P_LK98,4349014.33333333
276,2013,12,Input_#3_P_NLP3,3041992.66666667
277,2014,1,RM Category,15 rm
277,2014,1,C.LK98,604
277,2014,1,P.LK98,4173170
277,2014,1,C.1K,250
277,2014,1,D.1K,1542080
277,2014,1,C.NLP3,354
277,2014,1,P.NLP3,2631090
277,2014,1,C_1K,222.666666666667
277,2014,1,C_LK98,582
277,2014,1,C_NLP3,359.333333333333
277,2014,1,D_1K,1395302
277,2014,1,P_LK98,4066448
277,2014,1,P_NLP3,2671146
277,2014,1,Input_#3_C_1K,212.333333333333
277,2014,1,Input_#3_C_LK98,608
277,2014,1,Input_#3_C_NLP3,395.666666666667
277,2014,1,Input_#3_D_1K,1327203.66666667
277,2014,1,Input_#3_P_LK98,4289602.66666667
277,2014,1,Input_#3_P_NLP3,2962399
278,2014,2,RM Category,15 rm
278,2014,2,C.LK98,542
278,2014,2,P.LK98,3844080
278,2014,2,C.1K,202
278,2014,2,D.1K,1209558
278,2014,2,C.NLP3,340
278,2014,2,P.NLP3,2634522
278,2014,2,C_1K,230
278,2014,2,C_LK98,585.333333333333
278,2014,2,C_NLP3,355.333333333333
278,2014,2,D_1K,1404148
278,2014,2,P_LK98,4074978.66666667
278,2014,2,P_NLP3,2670830.66666667
278,2014,2,Input_#3_C_1K,205.666666666667
278,2014,2,Input_#3_C_LK98,589
278,2014,2,Input_#3_C_NLP3,383.333333333333
278,2014,2,Input_#3_D_1K,1278845.66666667
278,2014,2,Input_#3_P_LK98,4164100.66666667
278,2014,2,Input_#3_P_NLP3,2885255
279,2014,3,RM Category,15 rm
279,2014,3,C.LK98,664
279,2014,3,P.LK98,4764282
279,2014,3,C.1K,186
279,2014,3,D.1K,1183006
279,2014,3,C.NLP3,478
279,2014,3,P.NLP3,3581276
279,2014,3,C_1K,212.666666666667
279,2014,3,C_LK98,603.333333333333
279,2014,3,C_NLP3,390.666666666667
279,2014,3,D_1K,1311548
279,2014,3,P_LK98,4260510.66666667
279,2014,3,P_NLP3,2948962.66666667
279,2014,3,Input_#3_C_1K,208
279,2014,3,Input_#3_C_LK98,603.333333333333
279,2014,3,Input_#3_C_NLP3,395.333333333333
279,2014,3,Input_#3_D_1K,1307621.33333333
279,2014,3,Input_#3_P_LK98,4283592
279,2014,3,Input_#3_P_NLP3,2975970.66666667
280,2014,4,RM Category,15 rm
280,2014,4,C.LK98,610
280,2014,4,P.LK98,4284312
280,2014,4,C.1K,220
280,2014,4,D.1K,1381214
280,2014,4,C.NLP3,390
280,2014,4,P.NLP3,2903098
280,2014,4,C_1K,202.666666666667
280,2014,4,C_LK98,605.333333333333
280,2014,4,C_NLP3,402.666666666667
280,2014,4,D_1K,1257926
280,2014,4,P_LK98,4297558
280,2014,4,P_NLP3,3039632
280,2014,4,Input_#3_C_1K,212.666666666667
280,2014,4,Input_#3_C_LK98,593.666666666667
280,2014,4,Input_#3_C_NLP3,381
280,2014,4,Input_#3_D_1K,1326614
280,2014,4,Input_#3_P_LK98,4182003
280,2014,4,Input_#3_P_NLP3,2855389
281,2014,5,RM Category,15 rm
281,2014,5,C.LK98,596
281,2014,5,P.LK98,4213184
281,2014,5,C.1K,212
281,2014,5,D.1K,1346305.4
281,2014,5,C.NLP3,384
281,2014,5,P.NLP3,2866878.6
281,2014,5,C_1K,206
281,2014,5,C_LK98,623.333333333333
281,2014,5,C_NLP3,417.333333333333
281,2014,5,D_1K,1303508.46666667
281,2014,5,P_LK98,4420592.66666667
281,2014,5,P_NLP3,3117084.2
281,2014,5,Input_#3_C_1K,218
281,2014,5,Input_#3_C_LK98,604.333333333333
281,2014,5,Input_#3_C_NLP3,386.333333333333
281,2014,5,Input_#3_D_1K,1353828.23333333
281,2014,5,Input_#3_P_LK98,4247785.66666667
281,2014,5,Input_#3_P_NLP3,2893957.43333333
282,2014,6,RM Category,15 rm
282,2014,6,C.LK98,620
282,2014,6,P.LK98,4414090
282,2014,6,C.1K,190
282,2014,6,D.1K,1184603.12
282,2014,6,C.NLP3,430
282,2014,6,P.NLP3,3229486.88
282,2014,6,C_1K,207.333333333333
282,2014,6,C_LK98,608.666666666667
282,2014,6,C_NLP3,401.333333333333
282,2014,6,D_1K,1304040.84
282,2014,6,P_LK98,4303862
282,2014,6,P_NLP3,2999821.16
282,2014,6,Input_#3_C_1K,210
282,2014,6,Input_#3_C_LK98,606
282,2014,6,Input_#3_C_NLP3,396
282,2014,6,Input_#3_D_1K,1307794.42
282,2014,6,Input_#3_P_LK98,4282186.33333333
282,2014,6,Input_#3_P_NLP3,2974391.91333333
283,2014,7,RM Category,15 rm
283,2014,7,C.LK98,
283,2014,7,P.LK98,
283,2014,7,C.1K,
283,2014,7,D.1K,
283,2014,7,C.NLP3,
283,2014,7,P.NLP3,
283,2014,7,C_1K,134
283,2014,7,C_LK98,405.333333333333
283,2014,7,C_NLP3,271.333333333333
283,2014,7,D_1K,843636.173333333
283,2014,7,P_LK98,2875758
283,2014,7,P_NLP3,2032121.82666667
283,2014,7,Input_#3_C_1K,168.333333333333
283,2014,7,Input_#3_C_LK98,505.333333333333
283,2014,7,Input_#3_C_NLP3,337
283,2014,7,Input_#3_D_1K,1050781.08666667
283,2014,7,Input_#3_P_LK98,3586658
283,2014,7,Input_#3_P_NLP3,2535876.91333333
284,2014,8,RM Category,15 rm
284,2014,8,C.LK98,
284,2014,8,P.LK98,
284,2014,8,C.1K,
284,2014,8,D.1K,
284,2014,8,C.NLP3,
284,2014,8,P.NLP3,
284,2014,8,C_1K,63.3333333333333
284,2014,8,C_LK98,206.666666666667
284,2014,8,C_NLP3,143.333333333333
284,2014,8,D_1K,394867.706666667
284,2014,8,P_LK98,1471363.33333333
284,2014,8,P_NLP3,1076495.62666667
284,2014,8,Input_#3_C_1K,134.666666666667
284,2014,8,Input_#3_C_LK98,415
284,2014,8,Input_#3_C_NLP3,280.333333333333
284,2014,8,Input_#3_D_1K,849188.086666667
284,2014,8,Input_#3_P_LK98,2945978
284,2014,8,Input_#3_P_NLP3,2096789.91333333
285,2014,9,RM Category,15 rm
285,2014,9,C.LK98,
285,2014,9,P.LK98,
285,2014,9,C.1K,
285,2014,9,D.1K,
285,2014,9,C.NLP3,
285,2014,9,P.NLP3,
285,2014,9,C_1K,0
285,2014,9,C_LK98,0
285,2014,9,C_NLP3,0
285,2014,9,D_1K,0
285,2014,9,P_LK98,0
285,2014,9,P_NLP3,0
285,2014,9,Input_#3_C_1K,103.666666666667
285,2014,9,Input_#3_C_LK98,304.333333333333
285,2014,9,Input_#3_C_NLP3,200.666666666667
285,2014,9,Input_#3_D_1K,652020.42
285,2014,9,Input_#3_P_LK98,2151931
285,2014,9,Input_#3_P_NLP3,1499910.58
286,2014,10,RM Category,15 rm
286,2014,10,C.LK98,
286,2014,10,P.LK98,
286,2014,10,C.1K,
286,2014,10,D.1K,
286,2014,10,C.NLP3,
286,2014,10,P.NLP3,
286,2014,10,C_1K,0
286,2014,10,C_LK98,0
286,2014,10,C_NLP3,0
286,2014,10,D_1K,0
286,2014,10,P_LK98,0
286,2014,10,P_NLP3,0
286,2014,10,Input_#3_C_1K,67
286,2014,10,Input_#3_C_LK98,202.666666666667
286,2014,10,Input_#3_C_NLP3,135.666666666667
286,2014,10,Input_#3_D_1K,421818.086666667
286,2014,10,Input_#3_P_LK98,1437879
286,2014,10,Input_#3_P_NLP3,1016060.91333333
287,2014,11,RM Category,15 rm
287,2014,11,C.LK98,
287,2014,11,P.LK98,
287,2014,11,C.1K,
287,2014,11,D.1K,
287,2014,11,C.NLP3,
287,2014,11,P.NLP3,
287,2014,11,C_1K,0
287,2014,11,C_LK98,0
287,2014,11,C_NLP3,0
287,2014,11,D_1K,0
287,2014,11,P_LK98,0
287,2014,11,P_NLP3,0
287,2014,11,Input_#3_C_1K,31.6666666666667
287,2014,11,Input_#3_C_LK98,103.333333333333
287,2014,11,Input_#3_C_NLP3,71.6666666666667
287,2014,11,Input_#3_D_1K,197433.853333333
287,2014,11,Input_#3_P_LK98,735681.666666667
287,2014,11,Input_#3_P_NLP3,538247.813333333
288,2014,12,RM Category,15 rm
288,2014,12,C.LK98,
288,2014,12,P.LK98,
288,2014,12,C.1K,
288,2014,12,D.1K,
288,2014,12,C.NLP3,
288,2014,12,P.NLP3,
288,2014,12,C_1K,0
288,2014,12,C_LK98,0
288,2014,12,C_NLP3,0
288,2014,12,D_1K,0
288,2014,12,P_LK98,0
288,2014,12,P_NLP3,0
288,2014,12,Input_#3_C_1K,0
288,2014,12,Input_#3_C_LK98,0
288,2014,12,Input_#3_C_NLP3,0
288,2014,12,Input_#3_D_1K,0
288,2014,12,Input_#3_P_LK98,0
288,2014,12,Input_#3_P_NLP3,0
289,2009,1,RM Category,150 rm
289,2009,1,C.LK98,58
289,2009,1,P.LK98,2492114
289,2009,1,C.1K,14
289,2009,1,D.1K,440014
289,2009,1,C.NLP3,44
289,2009,1,P.NLP3,2052100
289,2009,1,C_1K,14
289,2009,1,C_LK98,58
289,2009,1,C_NLP3,44
289,2009,1,D_1K,440014
289,2009,1,P_LK98,2492114
289,2009,1,P_NLP3,2052100
289,2009,1,Input_#3_C_1K,2.33333333333333
289,2009,1,Input_#3_C_LK98,9.66666666666667
289,2009,1,Input_#3_C_NLP3,7.33333333333333
289,2009,1,Input_#3_D_1K,73335.6666666667
289,2009,1,Input_#3_P_LK98,415352.333333333
289,2009,1,Input_#3_P_NLP3,342016.666666667
290,2009,2,RM Category,150 rm
290,2009,2,C.LK98,88
290,2009,2,P.LK98,3686248
290,2009,2,C.1K,12
290,2009,2,D.1K,586346
290,2009,2,C.NLP3,76
290,2009,2,P.NLP3,3099902
290,2009,2,C_1K,13.3333333333333
290,2009,2,C_LK98,68
290,2009,2,C_NLP3,54.6666666666667
290,2009,2,D_1K,488791.333333333
290,2009,2,P_LK98,2890158.66666667
290,2009,2,P_NLP3,2401367.33333333
290,2009,2,Input_#3_C_1K,4.33333333333333
290,2009,2,Input_#3_C_LK98,24.3333333333333
290,2009,2,Input_#3_C_NLP3,20
290,2009,2,Input_#3_D_1K,171060
290,2009,2,Input_#3_P_LK98,1029727
290,2009,2,Input_#3_P_NLP3,858667
291,2009,3,RM Category,150 rm
291,2009,3,C.LK98,68
291,2009,3,P.LK98,3047730
291,2009,3,C.1K,34
291,2009,3,D.1K,1600048
291,2009,3,C.NLP3,34
291,2009,3,P.NLP3,1447682
291,2009,3,C_1K,20
291,2009,3,C_LK98,71.3333333333333
291,2009,3,C_NLP3,51.3333333333333
291,2009,3,D_1K,875469.333333333
291,2009,3,P_LK98,3075364
291,2009,3,P_NLP3,2199894.66666667
291,2009,3,Input_#3_C_1K,10
291,2009,3,Input_#3_C_LK98,35.6666666666667
291,2009,3,Input_#3_C_NLP3,25.6666666666667
291,2009,3,Input_#3_D_1K,437734.666666667
291,2009,3,Input_#3_P_LK98,1537682
291,2009,3,Input_#3_P_NLP3,1099947.33333333
292,2009,4,RM Category,150 rm
292,2009,4,C.LK98,70
292,2009,4,P.LK98,2875864
292,2009,4,C.1K,18
292,2009,4,D.1K,700882
292,2009,4,C.NLP3,52
292,2009,4,P.NLP3,2174982
292,2009,4,C_1K,21.3333333333333
292,2009,4,C_LK98,75.3333333333333
292,2009,4,C_NLP3,54
292,2009,4,D_1K,962425.333333333
292,2009,4,P_LK98,3203280.66666667
292,2009,4,P_NLP3,2240855.33333333
292,2009,4,Input_#3_C_1K,13
292,2009,4,Input_#3_C_LK98,47.3333333333333
292,2009,4,Input_#3_C_NLP3,34.3333333333333
292,2009,4,Input_#3_D_1K,554548.333333333
292,2009,4,Input_#3_P_LK98,2016992.66666667
292,2009,4,Input_#3_P_NLP3,1462444.33333333
293,2009,5,RM Category,150 rm
293,2009,5,C.LK98,48
293,2009,5,P.LK98,1755838
293,2009,5,C.1K,10
293,2009,5,D.1K,458878
293,2009,5,C.NLP3,38
293,2009,5,P.NLP3,1296960
293,2009,5,C_1K,20.6666666666667
293,2009,5,C_LK98,62
293,2009,5,C_NLP3,41.3333333333333
293,2009,5,D_1K,919936
293,2009,5,P_LK98,2559810.66666667
293,2009,5,P_NLP3,1639874.66666667
293,2009,5,Input_#3_C_1K,14.6666666666667
293,2009,5,Input_#3_C_LK98,55.3333333333333
293,2009,5,Input_#3_C_NLP3,40.6666666666667
293,2009,5,Input_#3_D_1K,631028
293,2009,5,Input_#3_P_LK98,2309632.33333333
293,2009,5,Input_#3_P_NLP3,1678604.33333333
294,2009,6,RM Category,150 rm
294,2009,6,C.LK98,64
294,2009,6,P.LK98,2509986
294,2009,6,C.1K,12
294,2009,6,D.1K,486226
294,2009,6,C.NLP3,52
294,2009,6,P.NLP3,2023760
294,2009,6,C_1K,13.3333333333333
294,2009,6,C_LK98,60.6666666666667
294,2009,6,C_NLP3,47.3333333333333
294,2009,6,D_1K,548662
294,2009,6,P_LK98,2380562.66666667
294,2009,6,P_NLP3,1831900.66666667
294,2009,6,Input_#3_C_1K,16.6666666666667
294,2009,6,Input_#3_C_LK98,66
294,2009,6,Input_#3_C_NLP3,49.3333333333333
294,2009,6,Input_#3_D_1K,712065.666666667
294,2009,6,Input_#3_P_LK98,2727963.33333333
294,2009,6,Input_#3_P_NLP3,2015897.66666667
295,2009,7,RM Category,150 rm
295,2009,7,C.LK98,44
295,2009,7,P.LK98,1958110
295,2009,7,C.1K,4
295,2009,7,D.1K,173622
295,2009,7,C.NLP3,40
295,2009,7,P.NLP3,1784488
295,2009,7,C_1K,8.66666666666667
295,2009,7,C_LK98,52
295,2009,7,C_NLP3,43.3333333333333
295,2009,7,D_1K,372908.666666667
295,2009,7,P_LK98,2074644.66666667
295,2009,7,P_NLP3,1701736
295,2009,7,Input_#3_C_1K,15
295,2009,7,Input_#3_C_LK98,63.6666666666667
295,2009,7,Input_#3_C_NLP3,48.6666666666667
295,2009,7,Input_#3_D_1K,667667
295,2009,7,Input_#3_P_LK98,2638962.66666667
295,2009,7,Input_#3_P_NLP3,1971295.66666667
296,2009,8,RM Category,150 rm
296,2009,8,C.LK98,46
296,2009,8,P.LK98,1992030
296,2009,8,C.1K,10
296,2009,8,D.1K,391206
296,2009,8,C.NLP3,36
296,2009,8,P.NLP3,1600824
296,2009,8,C_1K,8.66666666666667
296,2009,8,C_LK98,51.3333333333333
296,2009,8,C_NLP3,42.6666666666667
296,2009,8,D_1K,350351.333333333
296,2009,8,P_LK98,2153375.33333333
296,2009,8,P_NLP3,1803024
296,2009,8,Input_#3_C_1K,14.6666666666667
296,2009,8,Input_#3_C_LK98,56.6666666666667
296,2009,8,Input_#3_C_NLP3,42
296,2009,8,Input_#3_D_1K,635143.666666667
296,2009,8,Input_#3_P_LK98,2356593
296,2009,8,Input_#3_P_NLP3,1721449.33333333
297,2009,9,RM Category,150 rm
297,2009,9,C.LK98,66
297,2009,9,P.LK98,2752898
297,2009,9,C.1K,6
297,2009,9,D.1K,247696
297,2009,9,C.NLP3,60
297,2009,9,P.NLP3,2505202
297,2009,9,C_1K,6.66666666666667
297,2009,9,C_LK98,52
297,2009,9,C_NLP3,45.3333333333333
297,2009,9,D_1K,270841.333333333
297,2009,9,P_LK98,2234346
297,2009,9,P_NLP3,1963504.66666667
297,2009,9,Input_#3_C_1K,10
297,2009,9,Input_#3_C_LK98,56.3333333333333
297,2009,9,Input_#3_C_NLP3,46.3333333333333
297,2009,9,Input_#3_D_1K,409751.666666667
297,2009,9,Input_#3_P_LK98,2307454.33333333
297,2009,9,Input_#3_P_NLP3,1897702.66666667
298,2009,10,RM Category,150 rm
298,2009,10,C.LK98,36
298,2009,10,P.LK98,1481820
298,2009,10,C.1K,10
298,2009,10,D.1K,409738
298,2009,10,C.NLP3,26
298,2009,10,P.NLP3,1072082
298,2009,10,C_1K,8.66666666666667
298,2009,10,C_LK98,49.3333333333333
298,2009,10,C_NLP3,40.6666666666667
298,2009,10,D_1K,349546.666666667
298,2009,10,P_LK98,2075582.66666667
298,2009,10,P_NLP3,1726036
298,2009,10,Input_#3_C_1K,8.66666666666667
298,2009,10,Input_#3_C_LK98,50.6666666666667
298,2009,10,Input_#3_C_NLP3,42
298,2009,10,Input_#3_D_1K,361227.666666667
298,2009,10,Input_#3_P_LK98,2075113.66666667
298,2009,10,Input_#3_P_NLP3,1713886
299,2009,11,RM Category,150 rm
299,2009,11,C.LK98,52
299,2009,11,P.LK98,2312020
299,2009,11,C.1K,12
299,2009,11,D.1K,569966
299,2009,11,C.NLP3,40
299,2009,11,P.NLP3,1742054
299,2009,11,C_1K,9.33333333333333
299,2009,11,C_LK98,51.3333333333333
299,2009,11,C_NLP3,42
299,2009,11,D_1K,409133.333333333
299,2009,11,P_LK98,2182246
299,2009,11,P_NLP3,1773112.66666667
299,2009,11,Input_#3_C_1K,9
299,2009,11,Input_#3_C_LK98,51.3333333333333
299,2009,11,Input_#3_C_NLP3,42.3333333333333
299,2009,11,Input_#3_D_1K,379742.333333333
299,2009,11,Input_#3_P_LK98,2167810.66666667
299,2009,11,Input_#3_P_NLP3,1788068.33333333
300,2009,12,RM Category,150 rm
300,2009,12,C.LK98,66
300,2009,12,P.LK98,2731088
300,2009,12,C.1K,10
300,2009,12,D.1K,364968
300,2009,12,C.NLP3,56
300,2009,12,P.NLP3,2366120
300,2009,12,C_1K,10.6666666666667
300,2009,12,C_LK98,51.3333333333333
300,2009,12,C_NLP3,40.6666666666667
300,2009,12,D_1K,448224
300,2009,12,P_LK98,2174976
300,2009,12,P_NLP3,1726752
300,2009,12,Input_#3_C_1K,8.66666666666667
300,2009,12,Input_#3_C_LK98,51.6666666666667
300,2009,12,Input_#3_C_NLP3,43
300,2009,12,Input_#3_D_1K,359532.666666667
300,2009,12,Input_#3_P_LK98,2204661
300,2009,12,Input_#3_P_NLP3,1845128.33333333
301,2010,1,RM Category,150 rm
301,2010,1,C.LK98,38
301,2010,1,P.LK98,1542390
301,2010,1,C.1K,14
301,2010,1,D.1K,607780
301,2010,1,C.NLP3,24
301,2010,1,P.NLP3,934610
301,2010,1,C_1K,12
301,2010,1,C_LK98,52
301,2010,1,C_NLP3,40
301,2010,1,D_1K,514238
301,2010,1,P_LK98,2195166
301,2010,1,P_NLP3,1680928
301,2010,1,Input_#3_C_1K,10.3333333333333
301,2010,1,Input_#3_C_LK98,50.6666666666667
301,2010,1,Input_#3_C_NLP3,40.3333333333333
301,2010,1,Input_#3_D_1K,431892.333333333
301,2010,1,Input_#3_P_LK98,2135374.33333333
301,2010,1,Input_#3_P_NLP3,1703482
302,2010,2,RM Category,150 rm
302,2010,2,C.LK98,28
302,2010,2,P.LK98,1088106
302,2010,2,C.1K,6
302,2010,2,D.1K,212392
302,2010,2,C.NLP3,22
302,2010,2,P.NLP3,875714
302,2010,2,C_1K,10
302,2010,2,C_LK98,44
302,2010,2,C_NLP3,34
302,2010,2,D_1K,395046.666666667
302,2010,2,P_LK98,1787194.66666667
302,2010,2,P_NLP3,1392148
302,2010,2,Input_#3_C_1K,9.66666666666667
302,2010,2,Input_#3_C_LK98,47.6666666666667
302,2010,2,Input_#3_C_NLP3,38
302,2010,2,Input_#3_D_1K,402090
302,2010,2,Input_#3_P_LK98,1984720.33333333
302,2010,2,Input_#3_P_NLP3,1582630.33333333
303,2010,3,RM Category,150 rm
303,2010,3,C.LK98,70
303,2010,3,P.LK98,2843468
303,2010,3,C.1K,22
303,2010,3,D.1K,881314
303,2010,3,C.NLP3,48
303,2010,3,P.NLP3,1962154
303,2010,3,C_1K,14
303,2010,3,C_LK98,45.3333333333333
303,2010,3,C_NLP3,31.3333333333333
303,2010,3,D_1K,567162
303,2010,3,P_LK98,1824654.66666667
303,2010,3,P_NLP3,1257492.66666667
303,2010,3,Input_#3_C_1K,12.3333333333333
303,2010,3,Input_#3_C_LK98,48.3333333333333
303,2010,3,Input_#3_C_NLP3,36
303,2010,3,Input_#3_D_1K,507693
303,2010,3,Input_#3_P_LK98,1999815.33333333
303,2010,3,Input_#3_P_NLP3,1492122.33333333
304,2010,4,RM Category,150 rm
304,2010,4,C.LK98,56
304,2010,4,P.LK98,2248198
304,2010,4,C.1K,8
304,2010,4,D.1K,361882
304,2010,4,C.NLP3,48
304,2010,4,P.NLP3,1886316
304,2010,4,C_1K,12
304,2010,4,C_LK98,51.3333333333333
304,2010,4,C_NLP3,39.3333333333333
304,2010,4,D_1K,485196
304,2010,4,P_LK98,2059924
304,2010,4,P_NLP3,1574728
304,2010,4,Input_#3_C_1K,12
304,2010,4,Input_#3_C_LK98,51.6666666666667
304,2010,4,Input_#3_C_NLP3,39.6666666666667
304,2010,4,Input_#3_D_1K,499717
304,2010,4,Input_#3_P_LK98,2127545
304,2010,4,Input_#3_P_NLP3,1627828
305,2010,5,RM Category,150 rm
305,2010,5,C.LK98,74
305,2010,5,P.LK98,2854254
305,2010,5,C.1K,18
305,2010,5,D.1K,679738
305,2010,5,C.NLP3,56
305,2010,5,P.NLP3,2174516
305,2010,5,C_1K,16
305,2010,5,C_LK98,66.6666666666667
305,2010,5,C_NLP3,50.6666666666667
305,2010,5,D_1K,640978
305,2010,5,P_LK98,2648640
305,2010,5,P_NLP3,2007662
305,2010,5,Input_#3_C_1K,13
305,2010,5,Input_#3_C_LK98,55.3333333333333
305,2010,5,Input_#3_C_NLP3,42.3333333333333
305,2010,5,Input_#3_D_1K,518012.333333333
305,2010,5,Input_#3_P_LK98,2217917.33333333
305,2010,5,Input_#3_P_NLP3,1699905
306,2010,6,RM Category,150 rm
306,2010,6,C.LK98,62
306,2010,6,P.LK98,2362362
306,2010,6,C.1K,8
306,2010,6,D.1K,308748
306,2010,6,C.NLP3,54
306,2010,6,P.NLP3,2053614
306,2010,6,C_1K,11.3333333333333
306,2010,6,C_LK98,64
306,2010,6,C_NLP3,52.6666666666667
306,2010,6,D_1K,450122.666666667
306,2010,6,P_LK98,2488271.33333333
306,2010,6,P_NLP3,2038148.66666667
306,2010,6,Input_#3_C_1K,12.6666666666667
306,2010,6,Input_#3_C_LK98,54.6666666666667
306,2010,6,Input_#3_C_NLP3,42
306,2010,6,Input_#3_D_1K,508642.333333333
306,2010,6,Input_#3_P_LK98,2156463
306,2010,6,Input_#3_P_NLP3,1647820.66666667
307,2010,7,RM Category,150 rm
307,2010,7,C.LK98,68
307,2010,7,P.LK98,3248178
307,2010,7,C.1K,18
307,2010,7,D.1K,733230
307,2010,7,C.NLP3,50
307,2010,7,P.NLP3,2514948
307,2010,7,C_1K,14.6666666666667
307,2010,7,C_LK98,68
307,2010,7,C_NLP3,53.3333333333333
307,2010,7,D_1K,573905.333333333
307,2010,7,P_LK98,2821598
307,2010,7,P_NLP3,2247692.66666667
307,2010,7,Input_#3_C_1K,13.3333333333333
307,2010,7,Input_#3_C_LK98,59.6666666666667
307,2010,7,Input_#3_C_NLP3,46.3333333333333
307,2010,7,Input_#3_D_1K,529550.666666667
307,2010,7,Input_#3_P_LK98,2440761
307,2010,7,Input_#3_P_NLP3,1911210.33333333
308,2010,8,RM Category,150 rm
308,2010,8,C.LK98,84
308,2010,8,P.LK98,3625454
308,2010,8,C.1K,14
308,2010,8,D.1K,556606
308,2010,8,C.NLP3,70
308,2010,8,P.NLP3,3068848
308,2010,8,C_1K,13.3333333333333
308,2010,8,C_LK98,71.3333333333333
308,2010,8,C_NLP3,58
308,2010,8,D_1K,532861.333333333
308,2010,8,P_LK98,3078664.66666667
308,2010,8,P_NLP3,2545803.33333333
308,2010,8,Input_#3_C_1K,14.6666666666667
308,2010,8,Input_#3_C_LK98,69
308,2010,8,Input_#3_C_NLP3,54.3333333333333
308,2010,8,Input_#3_D_1K,586919.666666667
308,2010,8,Input_#3_P_LK98,2863652.33333333
308,2010,8,Input_#3_P_NLP3,2276732.66666667
309,2010,9,RM Category,150 rm
309,2010,9,C.LK98,84
309,2010,9,P.LK98,3324262
309,2010,9,C.1K,18
309,2010,9,D.1K,760526
309,2010,9,C.NLP3,66
309,2010,9,P.NLP3,2563736
309,2010,9,C_1K,16.6666666666667
309,2010,9,C_LK98,78.6666666666667
309,2010,9,C_NLP3,62
309,2010,9,D_1K,683454
309,2010,9,P_LK98,3399298
309,2010,9,P_NLP3,2715844
309,2010,9,Input_#3_C_1K,14
309,2010,9,Input_#3_C_LK98,71.3333333333333
309,2010,9,Input_#3_C_NLP3,57.3333333333333
309,2010,9,Input_#3_D_1K,566788.333333333
309,2010,9,Input_#3_P_LK98,2943784.66666667
309,2010,9,Input_#3_P_NLP3,2376996.33333333
310,2010,10,RM Category,150 rm
310,2010,10,C.LK98,74
310,2010,10,P.LK98,3055972
310,2010,10,C.1K,16
310,2010,10,D.1K,688858
310,2010,10,C.NLP3,58
310,2010,10,P.NLP3,2367114
310,2010,10,C_1K,16
310,2010,10,C_LK98,80.6666666666667
310,2010,10,C_NLP3,64.6666666666667
310,2010,10,D_1K,668663.333333333
310,2010,10,P_LK98,3335229.33333333
310,2010,10,P_NLP3,2666566
310,2010,10,Input_#3_C_1K,15.3333333333333
310,2010,10,Input_#3_C_LK98,74.3333333333333
310,2010,10,Input_#3_C_NLP3,59
310,2010,10,Input_#3_D_1K,621284.333333333
310,2010,10,Input_#3_P_LK98,3078413.66666667
310,2010,10,Input_#3_P_NLP3,2457129.33333333
311,2010,11,RM Category,150 rm
311,2010,11,C.LK98,84
311,2010,11,P.LK98,3711840
311,2010,11,C.1K,22
311,2010,11,D.1K,946544
311,2010,11,C.NLP3,62
311,2010,11,P.NLP3,2765296
311,2010,11,C_1K,18.6666666666667
311,2010,11,C_LK98,80.6666666666667
311,2010,11,C_NLP3,62
311,2010,11,D_1K,798642.666666667
311,2010,11,P_LK98,3364024.66666667
311,2010,11,P_NLP3,2565382
311,2010,11,Input_#3_C_1K,16
311,2010,11,Input_#3_C_LK98,76
311,2010,11,Input_#3_C_NLP3,60
311,2010,11,Input_#3_D_1K,665752
311,2010,11,Input_#3_P_LK98,3221344.66666667
311,2010,11,Input_#3_P_NLP3,2555592.66666667
312,2010,12,RM Category,150 rm
312,2010,12,C.LK98,82
312,2010,12,P.LK98,3691026
312,2010,12,C.1K,40
312,2010,12,D.1K,1681792
312,2010,12,C.NLP3,42
312,2010,12,P.NLP3,2009234
312,2010,12,C_1K,26
312,2010,12,C_LK98,80
312,2010,12,C_NLP3,54
312,2010,12,D_1K,1105731.33333333
312,2010,12,P_LK98,3486279.33333333
312,2010,12,P_NLP3,2380548
312,2010,12,Input_#3_C_1K,21.3333333333333
312,2010,12,Input_#3_C_LK98,79.3333333333333
312,2010,12,Input_#3_C_NLP3,58
312,2010,12,Input_#3_D_1K,894592.666666667
312,2010,12,Input_#3_P_LK98,3442788.66666667
312,2010,12,Input_#3_P_NLP3,2548196
313,2011,1,RM Category,150 rm
313,2011,1,C.LK98,86
313,2011,1,P.LK98,3665692
313,2011,1,C.1K,24
313,2011,1,D.1K,986626
313,2011,1,C.NLP3,62
313,2011,1,P.NLP3,2679066
313,2011,1,C_1K,28.6666666666667
313,2011,1,C_LK98,84
313,2011,1,C_NLP3,55.3333333333333
313,2011,1,D_1K,1204987.33333333
313,2011,1,P_LK98,3689519.33333333
313,2011,1,P_NLP3,2484532
313,2011,1,Input_#3_C_1K,22.3333333333333
313,2011,1,Input_#3_C_LK98,82.3333333333333
313,2011,1,Input_#3_C_NLP3,60
313,2011,1,Input_#3_D_1K,936825.333333333
313,2011,1,Input_#3_P_LK98,3512374.33333333
313,2011,1,Input_#3_P_NLP3,2575549
314,2011,2,RM Category,150 rm
314,2011,2,C.LK98,88
314,2011,2,P.LK98,3934066
314,2011,2,C.1K,26
314,2011,2,D.1K,1127510
314,2011,2,C.NLP3,62
314,2011,2,P.NLP3,2806556
314,2011,2,C_1K,30
314,2011,2,C_LK98,85.3333333333333
314,2011,2,C_NLP3,55.3333333333333
314,2011,2,D_1K,1265309.33333333
314,2011,2,P_LK98,3763594.66666667
314,2011,2,P_NLP3,2498285.33333333
314,2011,2,Input_#3_C_1K,24.3333333333333
314,2011,2,Input_#3_C_LK98,83
314,2011,2,Input_#3_C_NLP3,58.6666666666667
314,2011,2,Input_#3_D_1K,1031976
314,2011,2,Input_#3_P_LK98,3563809.66666667
314,2011,2,Input_#3_P_NLP3,2531833.66666667
315,2011,3,RM Category,150 rm
315,2011,3,C.LK98,94
315,2011,3,P.LK98,4125476
315,2011,3,C.1K,18
315,2011,3,D.1K,824818
315,2011,3,C.NLP3,76
315,2011,3,P.NLP3,3300658
315,2011,3,C_1K,22.6666666666667
315,2011,3,C_LK98,89.3333333333333
315,2011,3,C_NLP3,66.6666666666667
315,2011,3,D_1K,979651.333333333
315,2011,3,P_LK98,3908411.33333333
315,2011,3,P_NLP3,2928760
315,2011,3,Input_#3_C_1K,24.3333333333333
315,2011,3,Input_#3_C_LK98,84.6666666666667
315,2011,3,Input_#3_C_NLP3,60.3333333333333
315,2011,3,Input_#3_D_1K,1042691.33333333
315,2011,3,Input_#3_P_LK98,3697345.33333333
315,2011,3,Input_#3_P_NLP3,2654654
316,2011,4,RM Category,150 rm
316,2011,4,C.LK98,64
316,2011,4,P.LK98,2946886
316,2011,4,C.1K,6
316,2011,4,D.1K,282910
316,2011,4,C.NLP3,58
316,2011,4,P.NLP3,2663976
316,2011,4,C_1K,16.6666666666667
316,2011,4,C_LK98,82
316,2011,4,C_NLP3,65.3333333333333
316,2011,4,D_1K,745079.333333333
316,2011,4,P_LK98,3668809.33333333
316,2011,4,P_NLP3,2923730
316,2011,4,Input_#3_C_1K,22.6666666666667
316,2011,4,Input_#3_C_LK98,83
316,2011,4,Input_#3_C_NLP3,60.3333333333333
316,2011,4,Input_#3_D_1K,975033.333333333
316,2011,4,Input_#3_P_LK98,3679164.33333333
316,2011,4,Input_#3_P_NLP3,2704131
317,2011,5,RM Category,150 rm
317,2011,5,C.LK98,74
317,2011,5,P.LK98,3241946
317,2011,5,C.1K,20
317,2011,5,D.1K,954144
317,2011,5,C.NLP3,54
317,2011,5,P.NLP3,2287802
317,2011,5,C_1K,14.6666666666667
317,2011,5,C_LK98,77.3333333333333
317,2011,5,C_NLP3,62.6666666666667
317,2011,5,D_1K,687290.666666667
317,2011,5,P_LK98,3438102.66666667
317,2011,5,P_NLP3,2750812
317,2011,5,Input_#3_C_1K,22.3333333333333
317,2011,5,Input_#3_C_LK98,81.3333333333333
317,2011,5,Input_#3_C_NLP3,59
317,2011,5,Input_#3_D_1K,976300
317,2011,5,Input_#3_P_LK98,3600848.66666667
317,2011,5,Input_#3_P_NLP3,2624548.66666667
318,2011,6,RM Category,150 rm
318,2011,6,C.LK98,142
318,2011,6,P.LK98,6565940
318,2011,6,C.1K,40
318,2011,6,D.1K,1861134
318,2011,6,C.NLP3,102
318,2011,6,P.NLP3,4704806
318,2011,6,C_1K,22
318,2011,6,C_LK98,93.3333333333333
318,2011,6,C_NLP3,71.3333333333333
318,2011,6,D_1K,1032729.33333333
318,2011,6,P_LK98,4251590.66666667
318,2011,6,P_NLP3,3218861.33333333
318,2011,6,Input_#3_C_1K,22.3333333333333
318,2011,6,Input_#3_C_LK98,91.3333333333333
318,2011,6,Input_#3_C_NLP3,69
318,2011,6,Input_#3_D_1K,1006190.33333333
318,2011,6,Input_#3_P_LK98,4080001
318,2011,6,Input_#3_P_NLP3,3073810.66666667
319,2011,7,RM Category,150 rm
319,2011,7,C.LK98,68
319,2011,7,P.LK98,3149640
319,2011,7,C.1K,16
319,2011,7,D.1K,709788
319,2011,7,C.NLP3,52
319,2011,7,P.NLP3,2439852
319,2011,7,C_1K,25.3333333333333
319,2011,7,C_LK98,94.6666666666667
319,2011,7,C_NLP3,69.3333333333333
319,2011,7,D_1K,1175022
319,2011,7,P_LK98,4319175.33333333
319,2011,7,P_NLP3,3144153.33333333
319,2011,7,Input_#3_C_1K,21
319,2011,7,Input_#3_C_LK98,88.3333333333333
319,2011,7,Input_#3_C_NLP3,67.3333333333333
319,2011,7,Input_#3_D_1K,960050.666666667
319,2011,7,Input_#3_P_LK98,3993992.33333333
319,2011,7,Input_#3_P_NLP3,3033941.66666667
320,2011,8,RM Category,150 rm
320,2011,8,C.LK98,114
320,2011,8,P.LK98,5205164
320,2011,8,C.1K,40
320,2011,8,D.1K,1903394
320,2011,8,C.NLP3,74
320,2011,8,P.NLP3,3301770
320,2011,8,C_1K,32
320,2011,8,C_LK98,108
320,2011,8,C_NLP3,76
320,2011,8,D_1K,1491438.66666667
320,2011,8,P_LK98,4973581.33333333
320,2011,8,P_NLP3,3482142.66666667
320,2011,8,Input_#3_C_1K,23.3333333333333
320,2011,8,Input_#3_C_LK98,92.6666666666667
320,2011,8,Input_#3_C_NLP3,69.3333333333333
320,2011,8,Input_#3_D_1K,1089364.66666667
320,2011,8,Input_#3_P_LK98,4205842
320,2011,8,Input_#3_P_NLP3,3116477.33333333
321,2011,9,RM Category,150 rm
321,2011,9,C.LK98,92
321,2011,9,P.LK98,4198274
321,2011,9,C.1K,26
321,2011,9,D.1K,1234260
321,2011,9,C.NLP3,66
321,2011,9,P.NLP3,2964014
321,2011,9,C_1K,27.3333333333333
321,2011,9,C_LK98,91.3333333333333
321,2011,9,C_NLP3,64
321,2011,9,D_1K,1282480.66666667
321,2011,9,P_LK98,4184359.33333333
321,2011,9,P_NLP3,2901878.66666667
321,2011,9,Input_#3_C_1K,24.6666666666667
321,2011,9,Input_#3_C_LK98,92.3333333333333
321,2011,9,Input_#3_C_NLP3,67.6666666666667
321,2011,9,Input_#3_D_1K,1157605
321,2011,9,Input_#3_P_LK98,4217975
321,2011,9,Input_#3_P_NLP3,3060370
322,2011,10,RM Category,150 rm
322,2011,10,C.LK98,114
322,2011,10,P.LK98,5193772
322,2011,10,C.1K,18
322,2011,10,D.1K,798364
322,2011,10,C.NLP3,96
322,2011,10,P.NLP3,4395408
322,2011,10,C_1K,28
322,2011,10,C_LK98,106.666666666667
322,2011,10,C_NLP3,78.6666666666667
322,2011,10,D_1K,1312006
322,2011,10,P_LK98,4865736.66666667
322,2011,10,P_NLP3,3553730.66666667
322,2011,10,Input_#3_C_1K,26.6666666666667
322,2011,10,Input_#3_C_LK98,100.666666666667
322,2011,10,Input_#3_C_NLP3,74
322,2011,10,Input_#3_D_1K,1243514
322,2011,10,Input_#3_P_LK98,4592456
322,2011,10,Input_#3_P_NLP3,3348942
323,2011,11,RM Category,150 rm
323,2011,11,C.LK98,114
323,2011,11,P.LK98,5039128
323,2011,11,C.1K,32
323,2011,11,D.1K,1355046
323,2011,11,C.NLP3,82
323,2011,11,P.NLP3,3684082
323,2011,11,C_1K,25.3333333333333
323,2011,11,C_LK98,106.666666666667
323,2011,11,C_NLP3,81.3333333333333
323,2011,11,D_1K,1129223.33333333
323,2011,11,P_LK98,4810391.33333333
323,2011,11,P_NLP3,3681168
323,2011,11,Input_#3_C_1K,28.6666666666667
323,2011,11,Input_#3_C_LK98,107.333333333333
323,2011,11,Input_#3_C_NLP3,78.6666666666667
323,2011,11,Input_#3_D_1K,1310331
323,2011,11,Input_#3_P_LK98,4891986.33333333
323,2011,11,Input_#3_P_NLP3,3581655.33333333
324,2011,12,RM Category,150 rm
324,2011,12,C.LK98,114
324,2011,12,P.LK98,5248360
324,2011,12,C.1K,28
324,2011,12,D.1K,1246732
324,2011,12,C.NLP3,86
324,2011,12,P.NLP3,4001628
324,2011,12,C_1K,26
324,2011,12,C_LK98,114
324,2011,12,C_NLP3,88
324,2011,12,D_1K,1133380.66666667
324,2011,12,P_LK98,5160420
324,2011,12,P_NLP3,4027039.33333333
324,2011,12,Input_#3_C_1K,26.6666666666667
324,2011,12,Input_#3_C_LK98,102.666666666667
324,2011,12,Input_#3_C_NLP3,76
324,2011,12,Input_#3_D_1K,1207930.66666667
324,2011,12,Input_#3_P_LK98,4672389.66666667
324,2011,12,Input_#3_P_NLP3,3464459
325,2012,1,RM Category,150 rm
325,2012,1,C.LK98,70
325,2012,1,P.LK98,2981200
325,2012,1,C.1K,14
325,2012,1,D.1K,618026
325,2012,1,C.NLP3,56
325,2012,1,P.NLP3,2363174
325,2012,1,C_1K,24.6666666666667
325,2012,1,C_LK98,99.3333333333333
325,2012,1,C_NLP3,74.6666666666667
325,2012,1,D_1K,1073268
325,2012,1,P_LK98,4422896
325,2012,1,P_NLP3,3349628
325,2012,1,Input_#3_C_1K,26.3333333333333
325,2012,1,Input_#3_C_LK98,103
325,2012,1,Input_#3_C_NLP3,76.6666666666667
325,2012,1,Input_#3_D_1K,1192637
325,2012,1,Input_#3_P_LK98,4644316.33333333
325,2012,1,Input_#3_P_NLP3,3451679.33333333
326,2012,2,RM Category,150 rm
326,2012,2,C.LK98,110
326,2012,2,P.LK98,4674994
326,2012,2,C.1K,34
326,2012,2,D.1K,1530664
326,2012,2,C.NLP3,76
326,2012,2,P.NLP3,3144330
326,2012,2,C_1K,25.3333333333333
326,2012,2,C_LK98,98
326,2012,2,C_NLP3,72.6666666666667
326,2012,2,D_1K,1131807.33333333
326,2012,2,P_LK98,4301518
326,2012,2,P_NLP3,3169710.66666667
326,2012,2,Input_#3_C_1K,25.3333333333333
326,2012,2,Input_#3_C_LK98,102.333333333333
326,2012,2,Input_#3_C_NLP3,77
326,2012,2,Input_#3_D_1K,1130515.33333333
326,2012,2,Input_#3_P_LK98,4555954.66666667
326,2012,2,Input_#3_P_NLP3,3425439.33333333
327,2012,3,RM Category,150 rm
327,2012,3,C.LK98,114
327,2012,3,P.LK98,5093682
327,2012,3,C.1K,24
327,2012,3,D.1K,1017800
327,2012,3,C.NLP3,90
327,2012,3,P.NLP3,4075882
327,2012,3,C_1K,24
327,2012,3,C_LK98,98
327,2012,3,C_NLP3,74
327,2012,3,D_1K,1055496.66666667
327,2012,3,P_LK98,4249958.66666667
327,2012,3,P_NLP3,3194462
327,2012,3,Input_#3_C_1K,25
327,2012,3,Input_#3_C_LK98,106
327,2012,3,Input_#3_C_NLP3,81
327,2012,3,Input_#3_D_1K,1094438.66666667
327,2012,3,Input_#3_P_LK98,4705189.33333333
327,2012,3,Input_#3_P_NLP3,3610750.66666667
328,2012,4,RM Category,150 rm
328,2012,4,C.LK98,108
328,2012,4,P.LK98,5207966
328,2012,4,C.1K,10
328,2012,4,D.1K,454618
328,2012,4,C.NLP3,98
328,2012,4,P.NLP3,4753348
328,2012,4,C_1K,22.6666666666667
328,2012,4,C_LK98,110.666666666667
328,2012,4,C_NLP3,88
328,2012,4,D_1K,1001027.33333333
328,2012,4,P_LK98,4992214
328,2012,4,P_NLP3,3991186.66666667
328,2012,4,Input_#3_C_1K,23.6666666666667
328,2012,4,Input_#3_C_LK98,105
328,2012,4,Input_#3_C_NLP3,81.3333333333333
328,2012,4,Input_#3_D_1K,1037147.66666667
328,2012,4,Input_#3_P_LK98,4707555
328,2012,4,Input_#3_P_NLP3,3670407.33333333
329,2012,5,RM Category,150 rm
329,2012,5,C.LK98,126
329,2012,5,P.LK98,5937798
329,2012,5,C.1K,34
329,2012,5,D.1K,1542872
329,2012,5,C.NLP3,92
329,2012,5,P.NLP3,4394926
329,2012,5,C_1K,22.6666666666667
329,2012,5,C_LK98,116
329,2012,5,C_NLP3,93.3333333333333
329,2012,5,D_1K,1005096.66666667
329,2012,5,P_LK98,5413148.66666667
329,2012,5,P_NLP3,4408052
329,2012,5,Input_#3_C_1K,24
329,2012,5,Input_#3_C_LK98,107
329,2012,5,Input_#3_C_NLP3,83
329,2012,5,Input_#3_D_1K,1068452
329,2012,5,Input_#3_P_LK98,4857333.33333333
329,2012,5,Input_#3_P_NLP3,3788881.33333333
330,2012,6,RM Category,150 rm
330,2012,6,C.LK98,174
330,2012,6,P.LK98,8405048
330,2012,6,C.1K,46
330,2012,6,D.1K,2022056
330,2012,6,C.NLP3,128
330,2012,6,P.NLP3,6382992
330,2012,6,C_1K,30
330,2012,6,C_LK98,136
330,2012,6,C_NLP3,106
330,2012,6,D_1K,1339848.66666667
330,2012,6,P_LK98,6516937.33333333
330,2012,6,P_NLP3,5177088.66666667
330,2012,6,Input_#3_C_1K,27
330,2012,6,Input_#3_C_LK98,117
330,2012,6,Input_#3_C_NLP3,90
330,2012,6,Input_#3_D_1K,1197672.66666667
330,2012,6,Input_#3_P_LK98,5383448
330,2012,6,Input_#3_P_NLP3,4185775.33333333
331,2012,7,RM Category,150 rm
331,2012,7,C.LK98,98
331,2012,7,P.LK98,4580032
331,2012,7,C.1K,18
331,2012,7,D.1K,798078
331,2012,7,C.NLP3,80
331,2012,7,P.NLP3,3781954
331,2012,7,C_1K,32.6666666666667
331,2012,7,C_LK98,132.666666666667
331,2012,7,C_NLP3,100
331,2012,7,D_1K,1454335.33333333
331,2012,7,P_LK98,6307626
331,2012,7,P_NLP3,4853290.66666667
331,2012,7,Input_#3_C_1K,27.6666666666667
331,2012,7,Input_#3_C_LK98,121.666666666667
331,2012,7,Input_#3_C_NLP3,94
331,2012,7,Input_#3_D_1K,1227681.33333333
331,2012,7,Input_#3_P_LK98,5649920
331,2012,7,Input_#3_P_NLP3,4422238.66666667
332,2012,8,RM Category,150 rm
332,2012,8,C.LK98,114
332,2012,8,P.LK98,5299486
332,2012,8,C.1K,32
332,2012,8,D.1K,1357210
332,2012,8,C.NLP3,82
332,2012,8,P.NLP3,3942276
332,2012,8,C_1K,32
332,2012,8,C_LK98,128.666666666667
332,2012,8,C_NLP3,96.6666666666667
332,2012,8,D_1K,1392448
332,2012,8,P_LK98,6094855.33333333
332,2012,8,P_NLP3,4702407.33333333
332,2012,8,Input_#3_C_1K,27.3333333333333
332,2012,8,Input_#3_C_LK98,122.333333333333
332,2012,8,Input_#3_C_NLP3,95
332,2012,8,Input_#3_D_1K,1198772.33333333
332,2012,8,Input_#3_P_LK98,5754002
332,2012,8,Input_#3_P_NLP3,4555229.66666667
333,2012,9,RM Category,150 rm
333,2012,9,C.LK98,136
333,2012,9,P.LK98,6391108
333,2012,9,C.1K,40
333,2012,9,D.1K,1649272
333,2012,9,C.NLP3,96
333,2012,9,P.NLP3,4741836
333,2012,9,C_1K,30
333,2012,9,C_LK98,116
333,2012,9,C_NLP3,86
333,2012,9,D_1K,1268186.66666667
333,2012,9,P_LK98,5423542
333,2012,9,P_NLP3,4155355.33333333
333,2012,9,Input_#3_C_1K,30
333,2012,9,Input_#3_C_LK98,126
333,2012,9,Input_#3_C_NLP3,96
333,2012,9,Input_#3_D_1K,1304017.66666667
333,2012,9,Input_#3_P_LK98,5970239.66666667
333,2012,9,Input_#3_P_NLP3,4666222
334,2012,10,RM Category,150 rm
334,2012,10,C.LK98,130
334,2012,10,P.LK98,5779938
334,2012,10,C.1K,32
334,2012,10,D.1K,1448968
334,2012,10,C.NLP3,98
334,2012,10,P.NLP3,4330970
334,2012,10,C_1K,34.6666666666667
334,2012,10,C_LK98,126.666666666667
334,2012,10,C_NLP3,92
334,2012,10,D_1K,1485150
334,2012,10,P_LK98,5823510.66666667
334,2012,10,P_NLP3,4338360.66666667
334,2012,10,Input_#3_C_1K,33.6666666666667
334,2012,10,Input_#3_C_LK98,129.666666666667
334,2012,10,Input_#3_C_NLP3,96
334,2012,10,Input_#3_D_1K,1469742.66666667
334,2012,10,Input_#3_P_LK98,6065568.33333333
334,2012,10,Input_#3_P_NLP3,4595825.66666667
335,2012,11,RM Category,150 rm
335,2012,11,C.LK98,122
335,2012,11,P.LK98,5433992
335,2012,11,C.1K,38
335,2012,11,D.1K,1754586
335,2012,11,C.NLP3,84
335,2012,11,P.NLP3,3679406
335,2012,11,C_1K,36.6666666666667
335,2012,11,C_LK98,129.333333333333
335,2012,11,C_NLP3,92.6666666666667
335,2012,11,D_1K,1617608.66666667
335,2012,11,P_LK98,5868346
335,2012,11,P_NLP3,4250737.33333333
335,2012,11,Input_#3_C_1K,34.3333333333333
335,2012,11,Input_#3_C_LK98,129
335,2012,11,Input_#3_C_NLP3,94.6666666666667
335,2012,11,Input_#3_D_1K,1505028.33333333
335,2012,11,Input_#3_P_LK98,5981600.66666667
335,2012,11,Input_#3_P_NLP3,4476572.33333333
336,2012,12,RM Category,150 rm
336,2012,12,C.LK98,144
336,2012,12,P.LK98,6275086
336,2012,12,C.1K,36
336,2012,12,D.1K,1522060
336,2012,12,C.NLP3,108
336,2012,12,P.NLP3,4753026
336,2012,12,C_1K,35.3333333333333
336,2012,12,C_LK98,132
336,2012,12,C_NLP3,96.6666666666667
336,2012,12,D_1K,1575204.66666667
336,2012,12,P_LK98,5829672
336,2012,12,P_NLP3,4254467.33333333
336,2012,12,Input_#3_C_1K,32.6666666666667
336,2012,12,Input_#3_C_LK98,124
336,2012,12,Input_#3_C_NLP3,91.3333333333333
336,2012,12,Input_#3_D_1K,1421695.66666667
336,2012,12,Input_#3_P_LK98,5626607
336,2012,12,Input_#3_P_NLP3,4204911.33333333
337,2013,1,RM Category,150 rm
337,2013,1,C.LK98,102
337,2013,1,P.LK98,4397808
337,2013,1,C.1K,24
337,2013,1,D.1K,1061700
337,2013,1,C.NLP3,78
337,2013,1,P.NLP3,3336108
337,2013,1,C_1K,32.6666666666667
337,2013,1,C_LK98,122.666666666667
337,2013,1,C_NLP3,90
337,2013,1,D_1K,1446115.33333333
337,2013,1,P_LK98,5368962
337,2013,1,P_NLP3,3922846.66666667
337,2013,1,Input_#3_C_1K,33.6666666666667
337,2013,1,Input_#3_C_LK98,124.666666666667
337,2013,1,Input_#3_C_NLP3,91
337,2013,1,Input_#3_D_1K,1465632.66666667
337,2013,1,Input_#3_P_LK98,5596236.33333333
337,2013,1,Input_#3_P_NLP3,4130603.66666667
338,2013,2,RM Category,150 rm
338,2013,2,C.LK98,102
338,2013,2,P.LK98,4756700
338,2013,2,C.1K,34
338,2013,2,D.1K,1626810
338,2013,2,C.NLP3,68
338,2013,2,P.NLP3,3129890
338,2013,2,C_1K,31.3333333333333
338,2013,2,C_LK98,116
338,2013,2,C_NLP3,84.6666666666667
338,2013,2,D_1K,1403523.33333333
338,2013,2,P_LK98,5143198
338,2013,2,P_NLP3,3739674.66666667
338,2013,2,Input_#3_C_1K,34
338,2013,2,Input_#3_C_LK98,122.666666666667
338,2013,2,Input_#3_C_NLP3,88.6666666666667
338,2013,2,Input_#3_D_1K,1510566
338,2013,2,Input_#3_P_LK98,5505772
338,2013,2,Input_#3_P_NLP3,3995206
339,2013,3,RM Category,150 rm
339,2013,3,C.LK98,160
339,2013,3,P.LK98,7255746
339,2013,3,C.1K,50
339,2013,3,D.1K,2238016
339,2013,3,C.NLP3,110
339,2013,3,P.NLP3,5017730
339,2013,3,C_1K,36
339,2013,3,C_LK98,121.333333333333
339,2013,3,C_NLP3,85.3333333333333
339,2013,3,D_1K,1642175.33333333
339,2013,3,P_LK98,5470084.66666667
339,2013,3,P_NLP3,3827909.33333333
339,2013,3,Input_#3_C_1K,35.6666666666667
339,2013,3,Input_#3_C_LK98,126.666666666667
339,2013,3,Input_#3_C_NLP3,91
339,2013,3,Input_#3_D_1K,1608690
339,2013,3,Input_#3_P_LK98,5649878.33333333
339,2013,3,Input_#3_P_NLP3,4041188.33333333
340,2013,4,RM Category,150 rm
340,2013,4,C.LK98,126
340,2013,4,P.LK98,6275940
340,2013,4,C.1K,32
340,2013,4,D.1K,1530478
340,2013,4,C.NLP3,94
340,2013,4,P.NLP3,4745462
340,2013,4,C_1K,38.6666666666667
340,2013,4,C_LK98,129.333333333333
340,2013,4,C_NLP3,90.6666666666667
340,2013,4,D_1K,1798434.66666667
340,2013,4,P_LK98,6096128.66666667
340,2013,4,P_NLP3,4297694
340,2013,4,Input_#3_C_1K,35.6666666666667
340,2013,4,Input_#3_C_LK98,126
340,2013,4,Input_#3_C_NLP3,90.3333333333333
340,2013,4,Input_#3_D_1K,1622275
340,2013,4,Input_#3_P_LK98,5732545.33333333
340,2013,4,Input_#3_P_NLP3,4110270.33333333
341,2013,5,RM Category,150 rm
341,2013,5,C.LK98,116
341,2013,5,P.LK98,5176388
341,2013,5,C.1K,40
341,2013,5,D.1K,1731822
341,2013,5,C.NLP3,76
341,2013,5,P.NLP3,3444566
341,2013,5,C_1K,40.6666666666667
341,2013,5,C_LK98,134
341,2013,5,C_NLP3,93.3333333333333
341,2013,5,D_1K,1833438.66666667
341,2013,5,P_LK98,6236024.66666667
341,2013,5,P_NLP3,4402586
341,2013,5,Input_#3_C_1K,36
341,2013,5,Input_#3_C_LK98,125
341,2013,5,Input_#3_C_NLP3,89
341,2013,5,Input_#3_D_1K,1618481
341,2013,5,Input_#3_P_LK98,5689611.33333333
341,2013,5,Input_#3_P_NLP3,4071130.33333333
342,2013,6,RM Category,150 rm
342,2013,6,C.LK98,122
342,2013,6,P.LK98,5217916
342,2013,6,C.1K,34
342,2013,6,D.1K,1423020
342,2013,6,C.NLP3,88
342,2013,6,P.NLP3,3794896
342,2013,6,C_1K,35.3333333333333
342,2013,6,C_LK98,121.333333333333
342,2013,6,C_NLP3,86
342,2013,6,D_1K,1561773.33333333
342,2013,6,P_LK98,5556748
342,2013,6,P_NLP3,3994974.66666667
342,2013,6,Input_#3_C_1K,35.6666666666667
342,2013,6,Input_#3_C_LK98,121.333333333333
342,2013,6,Input_#3_C_NLP3,85.6666666666667
342,2013,6,Input_#3_D_1K,1601974.33333333
342,2013,6,Input_#3_P_LK98,5513416.33333333
342,2013,6,Input_#3_P_NLP3,3911442
343,2013,7,RM Category,150 rm
343,2013,7,C.LK98,126
343,2013,7,P.LK98,5759588
343,2013,7,C.1K,44
343,2013,7,D.1K,1908470
343,2013,7,C.NLP3,82
343,2013,7,P.NLP3,3851118
343,2013,7,C_1K,39.3333333333333
343,2013,7,C_LK98,121.333333333333
343,2013,7,C_NLP3,82
343,2013,7,D_1K,1687770.66666667
343,2013,7,P_LK98,5384630.66666667
343,2013,7,P_NLP3,3696860
343,2013,7,Input_#3_C_1K,39
343,2013,7,Input_#3_C_LK98,125.333333333333
343,2013,7,Input_#3_C_NLP3,86.3333333333333
343,2013,7,Input_#3_D_1K,1743102.66666667
343,2013,7,Input_#3_P_LK98,5740379.66666667
343,2013,7,Input_#3_P_NLP3,3997277
344,2013,8,RM Category,150 rm
344,2013,8,C.LK98,144
344,2013,8,P.LK98,6350702
344,2013,8,C.1K,46
344,2013,8,D.1K,1993476
344,2013,8,C.NLP3,98
344,2013,8,P.NLP3,4357226
344,2013,8,C_1K,41.3333333333333
344,2013,8,C_LK98,130.666666666667
344,2013,8,C_NLP3,89.3333333333333
344,2013,8,D_1K,1774988.66666667
344,2013,8,P_LK98,5776068.66666667
344,2013,8,P_NLP3,4001080
344,2013,8,Input_#3_C_1K,41
344,2013,8,Input_#3_C_LK98,132.333333333333
344,2013,8,Input_#3_C_NLP3,91.3333333333333
344,2013,8,Input_#3_D_1K,1804213.66666667
344,2013,8,Input_#3_P_LK98,6006046.66666667
344,2013,8,Input_#3_P_NLP3,4201833
345,2013,9,RM Category,150 rm
345,2013,9,C.LK98,114
345,2013,9,P.LK98,5199446
345,2013,9,C.1K,32
345,2013,9,D.1K,1500988
345,2013,9,C.NLP3,82
345,2013,9,P.NLP3,3698458
345,2013,9,C_1K,40.6666666666667
345,2013,9,C_LK98,128
345,2013,9,C_NLP3,87.3333333333333
345,2013,9,D_1K,1800978
345,2013,9,P_LK98,5769912
345,2013,9,P_NLP3,3968934
345,2013,9,Input_#3_C_1K,38
345,2013,9,Input_#3_C_LK98,124.666666666667
345,2013,9,Input_#3_C_NLP3,86.6666666666667
345,2013,9,Input_#3_D_1K,1681375.66666667
345,2013,9,Input_#3_P_LK98,5663330
345,2013,9,Input_#3_P_NLP3,3981954.33333333
346,2013,10,RM Category,150 rm
346,2013,10,C.LK98,110
346,2013,10,P.LK98,4676090
346,2013,10,C.1K,32
346,2013,10,D.1K,1468402
346,2013,10,C.NLP3,78
346,2013,10,P.NLP3,3207688
346,2013,10,C_1K,36.6666666666667
346,2013,10,C_LK98,122.666666666667
346,2013,10,C_NLP3,86
346,2013,10,D_1K,1654288.66666667
346,2013,10,P_LK98,5408746
346,2013,10,P_NLP3,3754457.33333333
346,2013,10,Input_#3_C_1K,38
346,2013,10,Input_#3_C_LK98,122
346,2013,10,Input_#3_C_NLP3,84
346,2013,10,Input_#3_D_1K,1671029.66666667
346,2013,10,Input_#3_P_LK98,5396688.33333333
346,2013,10,Input_#3_P_NLP3,3725658.66666667
347,2013,11,RM Category,150 rm
347,2013,11,C.LK98,116
347,2013,11,P.LK98,5357318
347,2013,11,C.1K,40
347,2013,11,D.1K,1836176
347,2013,11,C.NLP3,76
347,2013,11,P.NLP3,3521142
347,2013,11,C_1K,34.6666666666667
347,2013,11,C_LK98,113.333333333333
347,2013,11,C_NLP3,78.6666666666667
347,2013,11,D_1K,1601855.33333333
347,2013,11,P_LK98,5077618
347,2013,11,P_NLP3,3475762.66666667
347,2013,11,Input_#3_C_1K,38
347,2013,11,Input_#3_C_LK98,122
347,2013,11,Input_#3_C_NLP3,84
347,2013,11,Input_#3_D_1K,1688422
347,2013,11,Input_#3_P_LK98,5426843.33333333
347,2013,11,Input_#3_P_NLP3,3738421.33333333
348,2013,12,RM Category,150 rm
348,2013,12,C.LK98,118
348,2013,12,P.LK98,5721512
348,2013,12,C.1K,30
348,2013,12,D.1K,1445000
348,2013,12,C.NLP3,88
348,2013,12,P.NLP3,4276512
348,2013,12,C_1K,34
348,2013,12,C_LK98,114.666666666667
348,2013,12,C_NLP3,80.6666666666667
348,2013,12,D_1K,1583192.66666667
348,2013,12,P_LK98,5251640
348,2013,12,P_NLP3,3668447.33333333
348,2013,12,Input_#3_C_1K,37.3333333333333
348,2013,12,Input_#3_C_LK98,121.333333333333
348,2013,12,Input_#3_C_NLP3,84
348,2013,12,Input_#3_D_1K,1692085.33333333
348,2013,12,Input_#3_P_LK98,5510776
348,2013,12,Input_#3_P_NLP3,3818690.66666667
349,2014,1,RM Category,150 rm
349,2014,1,C.LK98,102
349,2014,1,P.LK98,4720988
349,2014,1,C.1K,18
349,2014,1,D.1K,846402
349,2014,1,C.NLP3,84
349,2014,1,P.NLP3,3874586
349,2014,1,C_1K,29.3333333333333
349,2014,1,C_LK98,112
349,2014,1,C_NLP3,82.6666666666667
349,2014,1,D_1K,1375859.33333333
349,2014,1,P_LK98,5266606
349,2014,1,P_NLP3,3890746.66666667
349,2014,1,Input_#3_C_1K,33
349,2014,1,Input_#3_C_LK98,117.333333333333
349,2014,1,Input_#3_C_NLP3,84.3333333333333
349,2014,1,Input_#3_D_1K,1515074
349,2014,1,Input_#3_P_LK98,5337676
349,2014,1,Input_#3_P_NLP3,3822602
350,2014,2,RM Category,150 rm
350,2014,2,C.LK98,74
350,2014,2,P.LK98,3226870
350,2014,2,C.1K,18
350,2014,2,D.1K,848890
350,2014,2,C.NLP3,56
350,2014,2,P.NLP3,2377980
350,2014,2,C_1K,22
350,2014,2,C_LK98,98
350,2014,2,C_NLP3,76
350,2014,2,D_1K,1046764
350,2014,2,P_LK98,4556456.66666667
350,2014,2,P_NLP3,3509692.66666667
350,2014,2,Input_#3_C_1K,28.3333333333333
350,2014,2,Input_#3_C_LK98,105.666666666667
350,2014,2,Input_#3_C_NLP3,77.3333333333333
350,2014,2,Input_#3_D_1K,1324309.66666667
350,2014,2,Input_#3_P_LK98,4817037.33333333
350,2014,2,Input_#3_P_NLP3,3492727.66666667
351,2014,3,RM Category,150 rm
351,2014,3,C.LK98,124
351,2014,3,P.LK98,5944552
351,2014,3,C.1K,34
351,2014,3,D.1K,1719732
351,2014,3,C.NLP3,90
351,2014,3,P.NLP3,4224820
351,2014,3,C_1K,23.3333333333333
351,2014,3,C_LK98,100
351,2014,3,C_NLP3,76.6666666666667
351,2014,3,D_1K,1138341.33333333
351,2014,3,P_LK98,4630803.33333333
351,2014,3,P_NLP3,3492462
351,2014,3,Input_#3_C_1K,28.6666666666667
351,2014,3,Input_#3_C_LK98,107.333333333333
351,2014,3,Input_#3_C_NLP3,78.6666666666667
351,2014,3,Input_#3_D_1K,1360767
351,2014,3,Input_#3_P_LK98,4941221.66666667
351,2014,3,Input_#3_P_NLP3,3580454.66666667
352,2014,4,RM Category,150 rm
352,2014,4,C.LK98,126
352,2014,4,P.LK98,6194404
352,2014,4,C.1K,22
352,2014,4,D.1K,1024034
352,2014,4,C.NLP3,104
352,2014,4,P.NLP3,5170370
352,2014,4,C_1K,24.6666666666667
352,2014,4,C_LK98,108
352,2014,4,C_NLP3,83.3333333333333
352,2014,4,D_1K,1197552
352,2014,4,P_LK98,5121942
352,2014,4,P_NLP3,3924390
352,2014,4,Input_#3_C_1K,27
352,2014,4,Input_#3_C_LK98,110
352,2014,4,Input_#3_C_NLP3,83
352,2014,4,Input_#3_D_1K,1286705.66666667
352,2014,4,Input_#3_P_LK98,5194274
352,2014,4,Input_#3_P_NLP3,3907568.33333333
353,2014,5,RM Category,150 rm
353,2014,5,C.LK98,108
353,2014,5,P.LK98,5210268
353,2014,5,C.1K,20
353,2014,5,D.1K,890629.2
353,2014,5,C.NLP3,88
353,2014,5,P.NLP3,4319638.8
353,2014,5,C_1K,25.3333333333333
353,2014,5,C_LK98,119.333333333333
353,2014,5,C_NLP3,94
353,2014,5,D_1K,1211465.06666667
353,2014,5,P_LK98,5783074.66666667
353,2014,5,P_NLP3,4571609.6
353,2014,5,Input_#3_C_1K,23.6666666666667
353,2014,5,Input_#3_C_LK98,108.666666666667
353,2014,5,Input_#3_C_NLP3,85
353,2014,5,Input_#3_D_1K,1129114.53333333
353,2014,5,Input_#3_P_LK98,5169765.66666667
353,2014,5,Input_#3_P_NLP3,4040651.13333333
354,2014,6,RM Category,150 rm
354,2014,6,C.LK98,140
354,2014,6,P.LK98,6087262
354,2014,6,C.1K,32
354,2014,6,D.1K,1487743.6
354,2014,6,C.NLP3,108
354,2014,6,P.NLP3,4599518.4
354,2014,6,C_1K,24.6666666666667
354,2014,6,C_LK98,124.666666666667
354,2014,6,C_NLP3,100
354,2014,6,D_1K,1134135.6
354,2014,6,P_LK98,5830644.66666667
354,2014,6,P_NLP3,4696509.06666667
354,2014,6,Input_#3_C_1K,24
354,2014,6,Input_#3_C_LK98,112.333333333333
354,2014,6,Input_#3_C_NLP3,88.3333333333333
354,2014,6,Input_#3_D_1K,1136238.46666667
354,2014,6,Input_#3_P_LK98,5230724
354,2014,6,Input_#3_P_NLP3,4094485.53333333
355,2014,7,RM Category,150 rm
355,2014,7,C.LK98,
355,2014,7,P.LK98,
355,2014,7,C.1K,
355,2014,7,D.1K,
355,2014,7,C.NLP3,
355,2014,7,P.NLP3,
355,2014,7,C_1K,17.3333333333333
355,2014,7,C_LK98,82.6666666666667
355,2014,7,C_NLP3,65.3333333333333
355,2014,7,D_1K,792790.933333333
355,2014,7,P_LK98,3765843.33333333
355,2014,7,P_NLP3,2973052.4
355,2014,7,Input_#3_C_1K,21
355,2014,7,Input_#3_C_LK98,95.3333333333333
355,2014,7,Input_#3_C_NLP3,74.3333333333333
355,2014,7,Input_#3_D_1K,995171.466666667
355,2014,7,Input_#3_P_LK98,4443892.66666667
355,2014,7,Input_#3_P_NLP3,3448721.2
356,2014,8,RM Category,150 rm
356,2014,8,C.LK98,
356,2014,8,P.LK98,
356,2014,8,C.1K,
356,2014,8,D.1K,
356,2014,8,C.NLP3,
356,2014,8,P.NLP3,
356,2014,8,C_1K,10.6666666666667
356,2014,8,C_LK98,46.6666666666667
356,2014,8,C_NLP3,36
356,2014,8,D_1K,495914.533333333
356,2014,8,P_LK98,2029087.33333333
356,2014,8,P_NLP3,1533172.8
356,2014,8,Input_#3_C_1K,18
356,2014,8,Input_#3_C_LK98,83
356,2014,8,Input_#3_C_NLP3,65
356,2014,8,Input_#3_D_1K,853689.8
356,2014,8,Input_#3_P_LK98,3906081
356,2014,8,Input_#3_P_NLP3,3052391.2
357,2014,9,RM Category,150 rm
357,2014,9,C.LK98,
357,2014,9,P.LK98,
357,2014,9,C.1K,
357,2014,9,D.1K,
357,2014,9,C.NLP3,
357,2014,9,P.NLP3,
357,2014,9,C_1K,0
357,2014,9,C_LK98,0
357,2014,9,C_NLP3,0
357,2014,9,D_1K,0
357,2014,9,P_LK98,0
357,2014,9,P_NLP3,0
357,2014,9,Input_#3_C_1K,12.3333333333333
357,2014,9,Input_#3_C_LK98,62.3333333333333
357,2014,9,Input_#3_C_NLP3,50
357,2014,9,Input_#3_D_1K,567067.8
357,2014,9,Input_#3_P_LK98,2915322.33333333
357,2014,9,Input_#3_P_NLP3,2348254.53333333
358,2014,10,RM Category,150 rm
358,2014,10,C.LK98,
358,2014,10,P.LK98,
358,2014,10,C.1K,
358,2014,10,D.1K,
358,2014,10,C.NLP3,
358,2014,10,P.NLP3,
358,2014,10,C_1K,0
358,2014,10,C_LK98,0
358,2014,10,C_NLP3,0
358,2014,10,D_1K,0
358,2014,10,P_LK98,0
358,2014,10,P_NLP3,0
358,2014,10,Input_#3_C_1K,8.66666666666667
358,2014,10,Input_#3_C_LK98,41.3333333333333
358,2014,10,Input_#3_C_NLP3,32.6666666666667
358,2014,10,Input_#3_D_1K,396395.466666667
358,2014,10,Input_#3_P_LK98,1882921.66666667
358,2014,10,Input_#3_P_NLP3,1486526.2
359,2014,11,RM Category,150 rm
359,2014,11,C.LK98,
359,2014,11,P.LK98,
359,2014,11,C.1K,
359,2014,11,D.1K,
359,2014,11,C.NLP3,
359,2014,11,P.NLP3,
359,2014,11,C_1K,0
359,2014,11,C_LK98,0
359,2014,11,C_NLP3,0
359,2014,11,D_1K,0
359,2014,11,P_LK98,0
359,2014,11,P_NLP3,0
359,2014,11,Input_#3_C_1K,5.33333333333333
359,2014,11,Input_#3_C_LK98,23.3333333333333
359,2014,11,Input_#3_C_NLP3,18
359,2014,11,Input_#3_D_1K,247957.266666667
359,2014,11,Input_#3_P_LK98,1014543.66666667
359,2014,11,Input_#3_P_NLP3,766586.4
360,2014,12,RM Category,150 rm
360,2014,12,C.LK98,
360,2014,12,P.LK98,
360,2014,12,C.1K,
360,2014,12,D.1K,
360,2014,12,C.NLP3,
360,2014,12,P.NLP3,
360,2014,12,C_1K,0
360,2014,12,C_LK98,0
360,2014,12,C_NLP3,0
360,2014,12,D_1K,0
360,2014,12,P_LK98,0
360,2014,12,P_NLP3,0
360,2014,12,Input_#3_C_1K,0
360,2014,12,Input_#3_C_LK98,0
360,2014,12,Input_#3_C_NLP3,0
360,2014,12,Input_#3_D_1K,0
360,2014,12,Input_#3_P_LK98,0
360,2014,12,Input_#3_P_NLP3,0
361,2009,1,RM Category,20 rm
361,2009,1,C.LK98,210
361,2009,1,P.LK98,1841288
361,2009,1,C.1K,66
361,2009,1,D.1K,673982
361,2009,1,C.NLP3,144
361,2009,1,P.NLP3,1167306
361,2009,1,C_1K,66
361,2009,1,C_LK98,210
361,2009,1,C_NLP3,144
361,2009,1,D_1K,673982
361,2009,1,P_LK98,1841288
361,2009,1,P_NLP3,1167306
361,2009,1,Input_#3_C_1K,11
361,2009,1,Input_#3_C_LK98,35
361,2009,1,Input_#3_C_NLP3,24
361,2009,1,Input_#3_D_1K,112330.333333333
361,2009,1,Input_#3_P_LK98,306881.333333333
361,2009,1,Input_#3_P_NLP3,194551
362,2009,2,RM Category,20 rm
362,2009,2,C.LK98,158
362,2009,2,P.LK98,1413356
362,2009,2,C.1K,34
362,2009,2,D.1K,324760
362,2009,2,C.NLP3,124
362,2009,2,P.NLP3,1088596
362,2009,2,C_1K,55.3333333333333
362,2009,2,C_LK98,192.666666666667
362,2009,2,C_NLP3,137.333333333333
362,2009,2,D_1K,557574.666666667
362,2009,2,P_LK98,1698644
362,2009,2,P_NLP3,1141069.33333333
362,2009,2,Input_#3_C_1K,16.6666666666667
362,2009,2,Input_#3_C_LK98,61.3333333333333
362,2009,2,Input_#3_C_NLP3,44.6666666666667
362,2009,2,Input_#3_D_1K,166457
362,2009,2,Input_#3_P_LK98,542440.666666667
362,2009,2,Input_#3_P_NLP3,375983.666666667
363,2009,3,RM Category,20 rm
363,2009,3,C.LK98,194
363,2009,3,P.LK98,1639288
363,2009,3,C.1K,36
363,2009,3,D.1K,354208
363,2009,3,C.NLP3,158
363,2009,3,P.NLP3,1285080
363,2009,3,C_1K,45.3333333333333
363,2009,3,C_LK98,187.333333333333
363,2009,3,C_NLP3,142
363,2009,3,D_1K,450983.333333333
363,2009,3,P_LK98,1631310.66666667
363,2009,3,P_NLP3,1180327.33333333
363,2009,3,Input_#3_C_1K,22.6666666666667
363,2009,3,Input_#3_C_LK98,93.6666666666667
363,2009,3,Input_#3_C_NLP3,71
363,2009,3,Input_#3_D_1K,225491.666666667
363,2009,3,Input_#3_P_LK98,815655.333333333
363,2009,3,Input_#3_P_NLP3,590163.666666667
364,2009,4,RM Category,20 rm
364,2009,4,C.LK98,158
364,2009,4,P.LK98,1410388
364,2009,4,C.1K,48
364,2009,4,D.1K,460504
364,2009,4,C.NLP3,110
364,2009,4,P.NLP3,949884
364,2009,4,C_1K,39.3333333333333
364,2009,4,C_LK98,170
364,2009,4,C_NLP3,130.666666666667
364,2009,4,D_1K,379824
364,2009,4,P_LK98,1487677.33333333
364,2009,4,P_NLP3,1107853.33333333
364,2009,4,Input_#3_C_1K,30.6666666666667
364,2009,4,Input_#3_C_LK98,120
364,2009,4,Input_#3_C_NLP3,89.3333333333333
364,2009,4,Input_#3_D_1K,302242.333333333
364,2009,4,Input_#3_P_LK98,1050720
364,2009,4,Input_#3_P_NLP3,748477.666666667
365,2009,5,RM Category,20 rm
365,2009,5,C.LK98,136
365,2009,5,P.LK98,1249870
365,2009,5,C.1K,36
365,2009,5,D.1K,342884
365,2009,5,C.NLP3,100
365,2009,5,P.NLP3,906986
365,2009,5,C_1K,40
365,2009,5,C_LK98,162.666666666667
365,2009,5,C_NLP3,122.666666666667
365,2009,5,D_1K,385865.333333333
365,2009,5,P_LK98,1433182
365,2009,5,P_NLP3,1047316.66666667
365,2009,5,Input_#3_C_1K,36.6666666666667
365,2009,5,Input_#3_C_LK98,142.666666666667
365,2009,5,Input_#3_C_NLP3,106
365,2009,5,Input_#3_D_1K,359389.666666667
365,2009,5,Input_#3_P_LK98,1259031.66666667
365,2009,5,Input_#3_P_NLP3,899642
366,2009,6,RM Category,20 rm
366,2009,6,C.LK98,194
366,2009,6,P.LK98,1723896
366,2009,6,C.1K,48
366,2009,6,D.1K,408908
366,2009,6,C.NLP3,146
366,2009,6,P.NLP3,1314988
366,2009,6,C_1K,44
366,2009,6,C_LK98,162.666666666667
366,2009,6,C_NLP3,118.666666666667
366,2009,6,D_1K,404098.666666667
366,2009,6,P_LK98,1461384.66666667
366,2009,6,P_NLP3,1057286
366,2009,6,Input_#3_C_1K,44.6666666666667
366,2009,6,Input_#3_C_LK98,175
366,2009,6,Input_#3_C_NLP3,130.333333333333
366,2009,6,Input_#3_D_1K,427541
366,2009,6,Input_#3_P_LK98,1546347.66666667
366,2009,6,Input_#3_P_NLP3,1118806.66666667
367,2009,7,RM Category,20 rm
367,2009,7,C.LK98,128
367,2009,7,P.LK98,1212438
367,2009,7,C.1K,30
367,2009,7,D.1K,322500
367,2009,7,C.NLP3,98
367,2009,7,P.NLP3,889938
367,2009,7,C_1K,38
367,2009,7,C_LK98,152.666666666667
367,2009,7,C_NLP3,114.666666666667
367,2009,7,D_1K,358097.333333333
367,2009,7,P_LK98,1395401.33333333
367,2009,7,P_NLP3,1037304
367,2009,7,Input_#3_C_1K,38.6666666666667
367,2009,7,Input_#3_C_LK98,161.333333333333
367,2009,7,Input_#3_C_NLP3,122.666666666667
367,2009,7,Input_#3_D_1K,368960.666666667
367,2009,7,Input_#3_P_LK98,1441539.33333333
367,2009,7,Input_#3_P_NLP3,1072578.66666667
368,2009,8,RM Category,20 rm
368,2009,8,C.LK98,124
368,2009,8,P.LK98,1165336
368,2009,8,C.1K,24
368,2009,8,D.1K,257456
368,2009,8,C.NLP3,100
368,2009,8,P.NLP3,907880
368,2009,8,C_1K,34
368,2009,8,C_LK98,148.666666666667
368,2009,8,C_NLP3,114.666666666667
368,2009,8,D_1K,329621.333333333
368,2009,8,P_LK98,1367223.33333333
368,2009,8,P_NLP3,1037602
368,2009,8,Input_#3_C_1K,37
368,2009,8,Input_#3_C_LK98,155.666666666667
368,2009,8,Input_#3_C_NLP3,118.666666666667
368,2009,8,Input_#3_D_1K,357743.333333333
368,2009,8,Input_#3_P_LK98,1400202.66666667
368,2009,8,Input_#3_P_NLP3,1042459.33333333
369,2009,9,RM Category,20 rm
369,2009,9,C.LK98,198
369,2009,9,P.LK98,1678182
369,2009,9,C.1K,54
369,2009,9,D.1K,509736
369,2009,9,C.NLP3,144
369,2009,9,P.NLP3,1168446
369,2009,9,C_1K,36
369,2009,9,C_LK98,150
369,2009,9,C_NLP3,114
369,2009,9,D_1K,363230.666666667
369,2009,9,P_LK98,1351985.33333333
369,2009,9,P_NLP3,988754.666666667
369,2009,9,Input_#3_C_1K,40
369,2009,9,Input_#3_C_LK98,156.333333333333
369,2009,9,Input_#3_C_NLP3,116.333333333333
369,2009,9,Input_#3_D_1K,383664.666666667
369,2009,9,Input_#3_P_LK98,1406685
369,2009,9,Input_#3_P_NLP3,1023020.33333333
370,2009,10,RM Category,20 rm
370,2009,10,C.LK98,174
370,2009,10,P.LK98,1495158
370,2009,10,C.1K,24
370,2009,10,D.1K,215426
370,2009,10,C.NLP3,150
370,2009,10,P.NLP3,1279732
370,2009,10,C_1K,34
370,2009,10,C_LK98,165.333333333333
370,2009,10,C_NLP3,131.333333333333
370,2009,10,D_1K,327539.333333333
370,2009,10,P_LK98,1446225.33333333
370,2009,10,P_NLP3,1118686
370,2009,10,Input_#3_C_1K,36
370,2009,10,Input_#3_C_LK98,159
370,2009,10,Input_#3_C_NLP3,123
370,2009,10,Input_#3_D_1K,342818.333333333
370,2009,10,Input_#3_P_LK98,1420813.33333333
370,2009,10,Input_#3_P_NLP3,1077995
371,2009,11,RM Category,20 rm
371,2009,11,C.LK98,118
371,2009,11,P.LK98,1024890
371,2009,11,C.1K,38
371,2009,11,D.1K,346784
371,2009,11,C.NLP3,80
371,2009,11,P.NLP3,678106
371,2009,11,C_1K,38.6666666666667
371,2009,11,C_LK98,163.333333333333
371,2009,11,C_NLP3,124.666666666667
371,2009,11,D_1K,357315.333333333
371,2009,11,P_LK98,1399410
371,2009,11,P_NLP3,1042094.66666667
371,2009,11,Input_#3_C_1K,36.3333333333333
371,2009,11,Input_#3_C_LK98,156
371,2009,11,Input_#3_C_NLP3,119.666666666667
371,2009,11,Input_#3_D_1K,343468.333333333
371,2009,11,Input_#3_P_LK98,1383316.66666667
371,2009,11,Input_#3_P_NLP3,1039848.33333333
372,2009,12,RM Category,20 rm
372,2009,12,C.LK98,184
372,2009,12,P.LK98,1589024
372,2009,12,C.1K,28
372,2009,12,D.1K,233174
372,2009,12,C.NLP3,156
372,2009,12,P.NLP3,1355850
372,2009,12,C_1K,30
372,2009,12,C_LK98,158.666666666667
372,2009,12,C_NLP3,128.666666666667
372,2009,12,D_1K,265128
372,2009,12,P_LK98,1369690.66666667
372,2009,12,P_NLP3,1104562.66666667
372,2009,12,Input_#3_C_1K,33
372,2009,12,Input_#3_C_LK98,154.333333333333
372,2009,12,Input_#3_C_NLP3,121.333333333333
372,2009,12,Input_#3_D_1K,314179.333333333
372,2009,12,Input_#3_P_LK98,1360838
372,2009,12,Input_#3_P_NLP3,1046658.66666667
373,2010,1,RM Category,20 rm
373,2010,1,C.LK98,156
373,2010,1,P.LK98,1386718
373,2010,1,C.1K,50
373,2010,1,D.1K,476334
373,2010,1,C.NLP3,106
373,2010,1,P.NLP3,910384
373,2010,1,C_1K,38.6666666666667
373,2010,1,C_LK98,152.666666666667
373,2010,1,C_NLP3,114
373,2010,1,D_1K,352097.333333333
373,2010,1,P_LK98,1333544
373,2010,1,P_NLP3,981446.666666667
373,2010,1,Input_#3_C_1K,36.3333333333333
373,2010,1,Input_#3_C_LK98,159
373,2010,1,Input_#3_C_NLP3,122.666666666667
373,2010,1,Input_#3_D_1K,339818.333333333
373,2010,1,Input_#3_P_LK98,1389884.66666667
373,2010,1,Input_#3_P_NLP3,1050066.33333333
374,2010,2,RM Category,20 rm
374,2010,2,C.LK98,100
374,2010,2,P.LK98,846000
374,2010,2,C.1K,24
374,2010,2,D.1K,219026
374,2010,2,C.NLP3,76
374,2010,2,P.NLP3,626974
374,2010,2,C_1K,34
374,2010,2,C_LK98,146.666666666667
374,2010,2,C_NLP3,112.666666666667
374,2010,2,D_1K,309511.333333333
374,2010,2,P_LK98,1273914
374,2010,2,P_NLP3,964402.666666667
374,2010,2,Input_#3_C_1K,36.3333333333333
374,2010,2,Input_#3_C_LK98,155
374,2010,2,Input_#3_C_NLP3,118.666666666667
374,2010,2,Input_#3_D_1K,333413.333333333
374,2010,2,Input_#3_P_LK98,1336662
374,2010,2,Input_#3_P_NLP3,1003248.66666667
375,2010,3,RM Category,20 rm
375,2010,3,C.LK98,214
375,2010,3,P.LK98,1827354
375,2010,3,C.1K,50
375,2010,3,D.1K,466146
375,2010,3,C.NLP3,164
375,2010,3,P.NLP3,1361208
375,2010,3,C_1K,41.3333333333333
375,2010,3,C_LK98,156.666666666667
375,2010,3,C_NLP3,115.333333333333
375,2010,3,D_1K,387168.666666667
375,2010,3,P_LK98,1353357.33333333
375,2010,3,P_NLP3,966188.666666667
375,2010,3,Input_#3_C_1K,35.6666666666667
375,2010,3,Input_#3_C_LK98,157.666666666667
375,2010,3,Input_#3_C_NLP3,122
375,2010,3,Input_#3_D_1K,326148.333333333
375,2010,3,Input_#3_P_LK98,1361524
375,2010,3,Input_#3_P_NLP3,1035375.66666667
376,2010,4,RM Category,20 rm
376,2010,4,C.LK98,174
376,2010,4,P.LK98,1593260
376,2010,4,C.1K,52
376,2010,4,D.1K,500478
376,2010,4,C.NLP3,122
376,2010,4,P.NLP3,1092782
376,2010,4,C_1K,42
376,2010,4,C_LK98,162.666666666667
376,2010,4,C_NLP3,120.666666666667
376,2010,4,D_1K,395216.666666667
376,2010,4,P_LK98,1422204.66666667
376,2010,4,P_NLP3,1026988
376,2010,4,Input_#3_C_1K,40.3333333333333
376,2010,4,Input_#3_C_LK98,157.666666666667
376,2010,4,Input_#3_C_NLP3,117.333333333333
376,2010,4,Input_#3_D_1K,373657
376,2010,4,Input_#3_P_LK98,1377874.33333333
376,2010,4,Input_#3_P_NLP3,1004217.33333333
377,2010,5,RM Category,20 rm
377,2010,5,C.LK98,154
377,2010,5,P.LK98,1345580
377,2010,5,C.1K,36
377,2010,5,D.1K,327056
377,2010,5,C.NLP3,118
377,2010,5,P.NLP3,1018524
377,2010,5,C_1K,46
377,2010,5,C_LK98,180.666666666667
377,2010,5,C_NLP3,134.666666666667
377,2010,5,D_1K,431226.666666667
377,2010,5,P_LK98,1588731.33333333
377,2010,5,P_NLP3,1157504.66666667
377,2010,5,Input_#3_C_1K,40
377,2010,5,Input_#3_C_LK98,163.666666666667
377,2010,5,Input_#3_C_NLP3,123.666666666667
377,2010,5,Input_#3_D_1K,370369
377,2010,5,Input_#3_P_LK98,1431322.66666667
377,2010,5,Input_#3_P_NLP3,1060953.66666667
378,2010,6,RM Category,20 rm
378,2010,6,C.LK98,206
378,2010,6,P.LK98,1995856
378,2010,6,C.1K,48
378,2010,6,D.1K,496174
378,2010,6,C.NLP3,158
378,2010,6,P.NLP3,1499682
378,2010,6,C_1K,45.3333333333333
378,2010,6,C_LK98,178
378,2010,6,C_NLP3,132.666666666667
378,2010,6,D_1K,441236
378,2010,6,P_LK98,1644898.66666667
378,2010,6,P_NLP3,1203662.66666667
378,2010,6,Input_#3_C_1K,43.3333333333333
378,2010,6,Input_#3_C_LK98,167.333333333333
378,2010,6,Input_#3_C_NLP3,124
378,2010,6,Input_#3_D_1K,414202.333333333
378,2010,6,Input_#3_P_LK98,1499128
378,2010,6,Input_#3_P_NLP3,1084925.66666667
379,2010,7,RM Category,20 rm
379,2010,7,C.LK98,176
379,2010,7,P.LK98,1618866
379,2010,7,C.1K,58
379,2010,7,D.1K,555156
379,2010,7,C.NLP3,118
379,2010,7,P.NLP3,1063710
379,2010,7,C_1K,47.3333333333333
379,2010,7,C_LK98,178.666666666667
379,2010,7,C_NLP3,131.333333333333
379,2010,7,D_1K,459462
379,2010,7,P_LK98,1653434
379,2010,7,P_NLP3,1193972
379,2010,7,Input_#3_C_1K,44.6666666666667
379,2010,7,Input_#3_C_LK98,170.666666666667
379,2010,7,Input_#3_C_NLP3,126
379,2010,7,Input_#3_D_1K,427339.333333333
379,2010,7,Input_#3_P_LK98,1537819.33333333
379,2010,7,Input_#3_P_NLP3,1110480
380,2010,8,RM Category,20 rm
380,2010,8,C.LK98,194
380,2010,8,P.LK98,1714884
380,2010,8,C.1K,56
380,2010,8,D.1K,541834
380,2010,8,C.NLP3,138
380,2010,8,P.NLP3,1173050
380,2010,8,C_1K,54
380,2010,8,C_LK98,192
380,2010,8,C_NLP3,138
380,2010,8,D_1K,531054.666666667
380,2010,8,P_LK98,1776535.33333333
380,2010,8,P_NLP3,1245480.66666667
380,2010,8,Input_#3_C_1K,50
380,2010,8,Input_#3_C_LK98,186.333333333333
380,2010,8,Input_#3_C_NLP3,136.333333333333
380,2010,8,Input_#3_D_1K,481140.666666667
380,2010,8,Input_#3_P_LK98,1682633.33333333
380,2010,8,Input_#3_P_NLP3,1201492.66666667
381,2010,9,RM Category,20 rm
381,2010,9,C.LK98,224
381,2010,9,P.LK98,1974608
381,2010,9,C.1K,68
381,2010,9,D.1K,621196
381,2010,9,C.NLP3,156
381,2010,9,P.NLP3,1353412
381,2010,9,C_1K,60.6666666666667
381,2010,9,C_LK98,198
381,2010,9,C_NLP3,137.333333333333
381,2010,9,D_1K,572728.666666667
381,2010,9,P_LK98,1769452.66666667
381,2010,9,P_NLP3,1196724
381,2010,9,Input_#3_C_1K,53
381,2010,9,Input_#3_C_LK98,188
381,2010,9,Input_#3_C_NLP3,135
381,2010,9,Input_#3_D_1K,506982.333333333
381,2010,9,Input_#3_P_LK98,1707175.66666667
381,2010,9,Input_#3_P_NLP3,1200193.33333333
382,2010,10,RM Category,20 rm
382,2010,10,C.LK98,200
382,2010,10,P.LK98,1743678
382,2010,10,C.1K,46
382,2010,10,D.1K,435774
382,2010,10,C.NLP3,154
382,2010,10,P.NLP3,1307904
382,2010,10,C_1K,56.6666666666667
382,2010,10,C_LK98,206
382,2010,10,C_NLP3,149.333333333333
382,2010,10,D_1K,532934.666666667
382,2010,10,P_LK98,1811056.66666667
382,2010,10,P_NLP3,1278122
382,2010,10,Input_#3_C_1K,52
382,2010,10,Input_#3_C_LK98,192.333333333333
382,2010,10,Input_#3_C_NLP3,140.333333333333
382,2010,10,Input_#3_D_1K,496198.333333333
382,2010,10,Input_#3_P_LK98,1732245.33333333
382,2010,10,Input_#3_P_NLP3,1236047
383,2010,11,RM Category,20 rm
383,2010,11,C.LK98,186
383,2010,11,P.LK98,1631528
383,2010,11,C.1K,50
383,2010,11,D.1K,466140
383,2010,11,C.NLP3,136
383,2010,11,P.NLP3,1165388
383,2010,11,C_1K,54.6666666666667
383,2010,11,C_LK98,203.333333333333
383,2010,11,C_NLP3,148.666666666667
383,2010,11,D_1K,507703.333333333
383,2010,11,P_LK98,1783271.33333333
383,2010,11,P_NLP3,1275568
383,2010,11,Input_#3_C_1K,54.3333333333333
383,2010,11,Input_#3_C_LK98,197.666666666667
383,2010,11,Input_#3_C_NLP3,143.333333333333
383,2010,11,Input_#3_D_1K,519379
383,2010,11,Input_#3_P_LK98,1779903.33333333
383,2010,11,Input_#3_P_NLP3,1260524.33333333
384,2010,12,RM Category,20 rm
384,2010,12,C.LK98,216
384,2010,12,P.LK98,1942546
384,2010,12,C.1K,58
384,2010,12,D.1K,558734
384,2010,12,C.NLP3,158
384,2010,12,P.NLP3,1383812
384,2010,12,C_1K,51.3333333333333
384,2010,12,C_LK98,200.666666666667
384,2010,12,C_NLP3,149.333333333333
384,2010,12,D_1K,486882.666666667
384,2010,12,P_LK98,1772584
384,2010,12,P_NLP3,1285701.33333333
384,2010,12,Input_#3_C_1K,56
384,2010,12,Input_#3_C_LK98,199.333333333333
384,2010,12,Input_#3_C_NLP3,143.333333333333
384,2010,12,Input_#3_D_1K,529805.666666667
384,2010,12,Input_#3_P_LK98,1771018.33333333
384,2010,12,Input_#3_P_NLP3,1241212.66666667
385,2011,1,RM Category,20 rm
385,2011,1,C.LK98,194
385,2011,1,P.LK98,1773042
385,2011,1,C.1K,34
385,2011,1,D.1K,319236
385,2011,1,C.NLP3,160
385,2011,1,P.NLP3,1453806
385,2011,1,C_1K,47.3333333333333
385,2011,1,C_LK98,198.666666666667
385,2011,1,C_NLP3,151.333333333333
385,2011,1,D_1K,448036.666666667
385,2011,1,P_LK98,1782372
385,2011,1,P_NLP3,1334335.33333333
385,2011,1,Input_#3_C_1K,52
385,2011,1,Input_#3_C_LK98,202.333333333333
385,2011,1,Input_#3_C_NLP3,150.333333333333
385,2011,1,Input_#3_D_1K,490485.666666667
385,2011,1,Input_#3_P_LK98,1796714.33333333
385,2011,1,Input_#3_P_NLP3,1306228.66666667
386,2011,2,RM Category,20 rm
386,2011,2,C.LK98,124
386,2011,2,P.LK98,1125048
386,2011,2,C.1K,22
386,2011,2,D.1K,220130
386,2011,2,C.NLP3,102
386,2011,2,P.NLP3,904918
386,2011,2,C_1K,38
386,2011,2,C_LK98,178
386,2011,2,C_NLP3,140
386,2011,2,D_1K,366033.333333333
386,2011,2,P_LK98,1613545.33333333
386,2011,2,P_NLP3,1247512
386,2011,2,Input_#3_C_1K,46.3333333333333
386,2011,2,Input_#3_C_LK98,190.666666666667
386,2011,2,Input_#3_C_NLP3,144.333333333333
386,2011,2,Input_#3_D_1K,436868.333333333
386,2011,2,Input_#3_P_LK98,1698408.33333333
386,2011,2,Input_#3_P_NLP3,1261540
387,2011,3,RM Category,20 rm
387,2011,3,C.LK98,242
387,2011,3,P.LK98,2292208
387,2011,3,C.1K,44
387,2011,3,D.1K,424292
387,2011,3,C.NLP3,198
387,2011,3,P.NLP3,1867916
387,2011,3,C_1K,33.3333333333333
387,2011,3,C_LK98,186.666666666667
387,2011,3,C_NLP3,153.333333333333
387,2011,3,D_1K,321219.333333333
387,2011,3,P_LK98,1730099.33333333
387,2011,3,P_NLP3,1408880
387,2011,3,Input_#3_C_1K,42.3333333333333
387,2011,3,Input_#3_C_LK98,193.666666666667
387,2011,3,Input_#3_C_NLP3,151.333333333333
387,2011,3,Input_#3_D_1K,404051
387,2011,3,Input_#3_P_LK98,1751341.66666667
387,2011,3,Input_#3_P_NLP3,1347290.66666667
388,2011,4,RM Category,20 rm
388,2011,4,C.LK98,206
388,2011,4,P.LK98,1790014
388,2011,4,C.1K,30
388,2011,4,D.1K,290370
388,2011,4,C.NLP3,176
388,2011,4,P.NLP3,1499644
388,2011,4,C_1K,32
388,2011,4,C_LK98,190.666666666667
388,2011,4,C_NLP3,158.666666666667
388,2011,4,D_1K,311597.333333333
388,2011,4,P_LK98,1735756.66666667
388,2011,4,P_NLP3,1424159.33333333
388,2011,4,Input_#3_C_1K,39.6666666666667
388,2011,4,Input_#3_C_LK98,194.666666666667
388,2011,4,Input_#3_C_NLP3,155
388,2011,4,Input_#3_D_1K,379817
388,2011,4,Input_#3_P_LK98,1759064.33333333
388,2011,4,Input_#3_P_NLP3,1379247.33333333
389,2011,5,RM Category,20 rm
389,2011,5,C.LK98,208
389,2011,5,P.LK98,1993330
389,2011,5,C.1K,48
389,2011,5,D.1K,459696
389,2011,5,C.NLP3,160
389,2011,5,P.NLP3,1533634
389,2011,5,C_1K,40.6666666666667
389,2011,5,C_LK98,218.666666666667
389,2011,5,C_NLP3,178
389,2011,5,D_1K,391452.666666667
389,2011,5,P_LK98,2025184
389,2011,5,P_NLP3,1633731.33333333
389,2011,5,Input_#3_C_1K,39.3333333333333
389,2011,5,Input_#3_C_LK98,198.333333333333
389,2011,5,Input_#3_C_NLP3,159
389,2011,5,Input_#3_D_1K,378743
389,2011,5,Input_#3_P_LK98,1819364.66666667
389,2011,5,Input_#3_P_NLP3,1440621.66666667
390,2011,6,RM Category,20 rm
390,2011,6,C.LK98,222
390,2011,6,P.LK98,2101230
390,2011,6,C.1K,64
390,2011,6,D.1K,634300
390,2011,6,C.NLP3,158
390,2011,6,P.NLP3,1466930
390,2011,6,C_1K,47.3333333333333
390,2011,6,C_LK98,212
390,2011,6,C_NLP3,164.666666666667
390,2011,6,D_1K,461455.333333333
390,2011,6,P_LK98,1961524.66666667
390,2011,6,P_NLP3,1500069.33333333
390,2011,6,Input_#3_C_1K,40.3333333333333
390,2011,6,Input_#3_C_LK98,199.333333333333
390,2011,6,Input_#3_C_NLP3,159
390,2011,6,Input_#3_D_1K,391337.333333333
390,2011,6,Input_#3_P_LK98,1845812
390,2011,6,Input_#3_P_NLP3,1454474.66666667
391,2011,7,RM Category,20 rm
391,2011,7,C.LK98,246
391,2011,7,P.LK98,2130950
391,2011,7,C.1K,58
391,2011,7,D.1K,502284
391,2011,7,C.NLP3,188
391,2011,7,P.NLP3,1628666
391,2011,7,C_1K,56.6666666666667
391,2011,7,C_LK98,225.333333333333
391,2011,7,C_NLP3,168.666666666667
391,2011,7,D_1K,532093.333333333
391,2011,7,P_LK98,2075170
391,2011,7,P_NLP3,1543076.66666667
391,2011,7,Input_#3_C_1K,44.3333333333333
391,2011,7,Input_#3_C_LK98,208
391,2011,7,Input_#3_C_NLP3,163.666666666667
391,2011,7,Input_#3_D_1K,421845.333333333
391,2011,7,Input_#3_P_LK98,1905463.33333333
391,2011,7,Input_#3_P_NLP3,1483618
392,2011,8,RM Category,20 rm
392,2011,8,C.LK98,222
392,2011,8,P.LK98,2071754
392,2011,8,C.1K,60
392,2011,8,D.1K,605420
392,2011,8,C.NLP3,162
392,2011,8,P.NLP3,1466334
392,2011,8,C_1K,60.6666666666667
392,2011,8,C_LK98,230
392,2011,8,C_NLP3,169.333333333333
392,2011,8,D_1K,580668
392,2011,8,P_LK98,2101311.33333333
392,2011,8,P_NLP3,1520643.33333333
392,2011,8,Input_#3_C_1K,50.6666666666667
392,2011,8,Input_#3_C_LK98,224.333333333333
392,2011,8,Input_#3_C_NLP3,173.666666666667
392,2011,8,Input_#3_D_1K,486060.333333333
392,2011,8,Input_#3_P_LK98,2063247.66666667
392,2011,8,Input_#3_P_NLP3,1577187.33333333
393,2011,9,RM Category,20 rm
393,2011,9,C.LK98,272
393,2011,9,P.LK98,2403320
393,2011,9,C.1K,40
393,2011,9,D.1K,422782
393,2011,9,C.NLP3,232
393,2011,9,P.NLP3,1980538
393,2011,9,C_1K,52.6666666666667
393,2011,9,C_LK98,246.666666666667
393,2011,9,C_NLP3,194
393,2011,9,D_1K,510162
393,2011,9,P_LK98,2202008
393,2011,9,P_NLP3,1691846
393,2011,9,Input_#3_C_1K,50
393,2011,9,Input_#3_C_LK98,229.333333333333
393,2011,9,Input_#3_C_NLP3,179.333333333333
393,2011,9,Input_#3_D_1K,485808.666666667
393,2011,9,Input_#3_P_LK98,2081766.33333333
393,2011,9,Input_#3_P_NLP3,1595957.66666667
394,2011,10,RM Category,20 rm
394,2011,10,C.LK98,224
394,2011,10,P.LK98,2226302
394,2011,10,C.1K,36
394,2011,10,D.1K,362730
394,2011,10,C.NLP3,188
394,2011,10,P.NLP3,1863572
394,2011,10,C_1K,45.3333333333333
394,2011,10,C_LK98,239.333333333333
394,2011,10,C_NLP3,194
394,2011,10,D_1K,463644
394,2011,10,P_LK98,2233792
394,2011,10,P_NLP3,1770148
394,2011,10,Input_#3_C_1K,51
394,2011,10,Input_#3_C_LK98,232.333333333333
394,2011,10,Input_#3_C_NLP3,181.333333333333
394,2011,10,Input_#3_D_1K,497868.666666667
394,2011,10,Input_#3_P_LK98,2154481
394,2011,10,Input_#3_P_NLP3,1656612.33333333
395,2011,11,RM Category,20 rm
395,2011,11,C.LK98,268
395,2011,11,P.LK98,2732972
395,2011,11,C.1K,58
395,2011,11,D.1K,479138
395,2011,11,C.NLP3,210
395,2011,11,P.NLP3,2253834
395,2011,11,C_1K,44.6666666666667
395,2011,11,C_LK98,254.666666666667
395,2011,11,C_NLP3,210
395,2011,11,D_1K,421550
395,2011,11,P_LK98,2454198
395,2011,11,P_NLP3,2032648
395,2011,11,Input_#3_C_1K,52.6666666666667
395,2011,11,Input_#3_C_LK98,242.333333333333
395,2011,11,Input_#3_C_NLP3,189.666666666667
395,2011,11,Input_#3_D_1K,501109
395,2011,11,Input_#3_P_LK98,2277754.66666667
395,2011,11,Input_#3_P_NLP3,1776645.66666667
396,2011,12,RM Category,20 rm
396,2011,12,C.LK98,278
396,2011,12,P.LK98,2610650
396,2011,12,C.1K,70
396,2011,12,D.1K,666440
396,2011,12,C.NLP3,208
396,2011,12,P.NLP3,1944210
396,2011,12,C_1K,54.6666666666667
396,2011,12,C_LK98,256.666666666667
396,2011,12,C_NLP3,202
396,2011,12,D_1K,502769.333333333
396,2011,12,P_LK98,2523308
396,2011,12,P_NLP3,2020538.66666667
396,2011,12,Input_#3_C_1K,53.6666666666667
396,2011,12,Input_#3_C_LK98,251.666666666667
396,2011,12,Input_#3_C_NLP3,198
396,2011,12,Input_#3_D_1K,506465.666666667
396,2011,12,Input_#3_P_LK98,2362658
396,2011,12,Input_#3_P_NLP3,1856192.33333333
397,2012,1,RM Category,20 rm
397,2012,1,C.LK98,224
397,2012,1,P.LK98,2094904
397,2012,1,C.1K,68
397,2012,1,D.1K,661698
397,2012,1,C.NLP3,156
397,2012,1,P.NLP3,1433206
397,2012,1,C_1K,65.3333333333333
397,2012,1,C_LK98,256.666666666667
397,2012,1,C_NLP3,191.333333333333
397,2012,1,D_1K,602425.333333333
397,2012,1,P_LK98,2479508.66666667
397,2012,1,P_NLP3,1877083.33333333
397,2012,1,Input_#3_C_1K,55.3333333333333
397,2012,1,Input_#3_C_LK98,248
397,2012,1,Input_#3_C_NLP3,192.666666666667
397,2012,1,Input_#3_D_1K,533034.666666667
397,2012,1,Input_#3_P_LK98,2356650.33333333
397,2012,1,Input_#3_P_NLP3,1823615.66666667
398,2012,2,RM Category,20 rm
398,2012,2,C.LK98,262
398,2012,2,P.LK98,2638706
398,2012,2,C.1K,46
398,2012,2,D.1K,436722
398,2012,2,C.NLP3,216
398,2012,2,P.NLP3,2201984
398,2012,2,C_1K,61.3333333333333
398,2012,2,C_LK98,254.666666666667
398,2012,2,C_NLP3,193.333333333333
398,2012,2,D_1K,588286.666666667
398,2012,2,P_LK98,2448086.66666667
398,2012,2,P_NLP3,1859800
398,2012,2,Input_#3_C_1K,53
398,2012,2,Input_#3_C_LK98,254.666666666667
398,2012,2,Input_#3_C_NLP3,201.666666666667
398,2012,2,Input_#3_D_1K,504918.333333333
398,2012,2,Input_#3_P_LK98,2451142.33333333
398,2012,2,Input_#3_P_NLP3,1946224
399,2012,3,RM Category,20 rm
399,2012,3,C.LK98,274
399,2012,3,P.LK98,2495426
399,2012,3,C.1K,44
399,2012,3,D.1K,400884
399,2012,3,C.NLP3,230
399,2012,3,P.NLP3,2094542
399,2012,3,C_1K,52.6666666666667
399,2012,3,C_LK98,253.333333333333
399,2012,3,C_NLP3,200.666666666667
399,2012,3,D_1K,499768
399,2012,3,P_LK98,2409678.66666667
399,2012,3,P_NLP3,1909910.66666667
399,2012,3,Input_#3_C_1K,53.6666666666667
399,2012,3,Input_#3_C_LK98,255
399,2012,3,Input_#3_C_NLP3,201.333333333333
399,2012,3,Input_#3_D_1K,501268.666666667
399,2012,3,Input_#3_P_LK98,2466493.33333333
399,2012,3,Input_#3_P_NLP3,1965224.66666667
400,2012,4,RM Category,20 rm
400,2012,4,C.LK98,274
400,2012,4,P.LK98,2475398
400,2012,4,C.1K,94
400,2012,4,D.1K,844224
400,2012,4,C.NLP3,180
400,2012,4,P.NLP3,1631174
400,2012,4,C_1K,61.3333333333333
400,2012,4,C_LK98,270
400,2012,4,C_NLP3,208.666666666667
400,2012,4,D_1K,560610
400,2012,4,P_LK98,2536510
400,2012,4,P_NLP3,1975900
400,2012,4,Input_#3_C_1K,63.3333333333333
400,2012,4,Input_#3_C_LK98,263.333333333333
400,2012,4,Input_#3_C_NLP3,200
400,2012,4,Input_#3_D_1K,581517.666666667
400,2012,4,Input_#3_P_LK98,2508009.33333333
400,2012,4,Input_#3_P_NLP3,1926491.66666667
401,2012,5,RM Category,20 rm
401,2012,5,C.LK98,284
401,2012,5,P.LK98,2667898
401,2012,5,C.1K,20
401,2012,5,D.1K,233318
401,2012,5,C.NLP3,264
401,2012,5,P.NLP3,2434580
401,2012,5,C_1K,52.6666666666667
401,2012,5,C_LK98,277.333333333333
401,2012,5,C_NLP3,224.666666666667
401,2012,5,D_1K,492808.666666667
401,2012,5,P_LK98,2546240.66666667
401,2012,5,P_NLP3,2053432
401,2012,5,Input_#3_C_1K,57
401,2012,5,Input_#3_C_LK98,266
401,2012,5,Input_#3_C_NLP3,209
401,2012,5,Input_#3_D_1K,540547.666666667
401,2012,5,Input_#3_P_LK98,2497163.66666667
401,2012,5,Input_#3_P_NLP3,1956616
402,2012,6,RM Category,20 rm
402,2012,6,C.LK98,300
402,2012,6,P.LK98,2893146
402,2012,6,C.1K,80
402,2012,6,D.1K,853200
402,2012,6,C.NLP3,220
402,2012,6,P.NLP3,2039946
402,2012,6,C_1K,64.6666666666667
402,2012,6,C_LK98,286
402,2012,6,C_NLP3,221.333333333333
402,2012,6,D_1K,643580.666666667
402,2012,6,P_LK98,2678814
402,2012,6,P_NLP3,2035233.33333333
402,2012,6,Input_#3_C_1K,58.6666666666667
402,2012,6,Input_#3_C_LK98,269.666666666667
402,2012,6,Input_#3_C_NLP3,211
402,2012,6,Input_#3_D_1K,571674.333333333
402,2012,6,Input_#3_P_LK98,2544246.33333333
402,2012,6,Input_#3_P_NLP3,1972572
403,2012,7,RM Category,20 rm
403,2012,7,C.LK98,260
403,2012,7,P.LK98,2551608
403,2012,7,C.1K,44
403,2012,7,D.1K,528992
403,2012,7,C.NLP3,216
403,2012,7,P.NLP3,2022616
403,2012,7,C_1K,48
403,2012,7,C_LK98,281.333333333333
403,2012,7,C_NLP3,233.333333333333
403,2012,7,D_1K,538503.333333333
403,2012,7,P_LK98,2704217.33333333
403,2012,7,P_NLP3,2165714
403,2012,7,Input_#3_C_1K,54.6666666666667
403,2012,7,Input_#3_C_LK98,275.666666666667
403,2012,7,Input_#3_C_NLP3,221
403,2012,7,Input_#3_D_1K,549556.666666667
403,2012,7,Input_#3_P_LK98,2620363.66666667
403,2012,7,Input_#3_P_NLP3,2070807
404,2012,8,RM Category,20 rm
404,2012,8,C.LK98,220
404,2012,8,P.LK98,2141516
404,2012,8,C.1K,44
404,2012,8,D.1K,494480
404,2012,8,C.NLP3,176
404,2012,8,P.NLP3,1647036
404,2012,8,C_1K,56
404,2012,8,C_LK98,260
404,2012,8,C_NLP3,204
404,2012,8,D_1K,625557.333333333
404,2012,8,P_LK98,2528756.66666667
404,2012,8,P_NLP3,1903199.33333333
404,2012,8,Input_#3_C_1K,54.3333333333333
404,2012,8,Input_#3_C_LK98,268.666666666667
404,2012,8,Input_#3_C_NLP3,214.333333333333
404,2012,8,Input_#3_D_1K,559183
404,2012,8,Input_#3_P_LK98,2537498.66666667
404,2012,8,Input_#3_P_NLP3,1978315.66666667
405,2012,9,RM Category,20 rm
405,2012,9,C.LK98,254
405,2012,9,P.LK98,2483778
405,2012,9,C.1K,50
405,2012,9,D.1K,592832
405,2012,9,C.NLP3,204
405,2012,9,P.NLP3,1890946
405,2012,9,C_1K,46
405,2012,9,C_LK98,244.666666666667
405,2012,9,C_NLP3,198.666666666667
405,2012,9,D_1K,538768
405,2012,9,P_LK98,2392300.66666667
405,2012,9,P_NLP3,1853532.66666667
405,2012,9,Input_#3_C_1K,55.3333333333333
405,2012,9,Input_#3_C_LK98,265.333333333333
405,2012,9,Input_#3_C_NLP3,210
405,2012,9,Input_#3_D_1K,591174.333333333
405,2012,9,Input_#3_P_LK98,2535557.33333333
405,2012,9,Input_#3_P_NLP3,1944383
406,2012,10,RM Category,20 rm
406,2012,10,C.LK98,274
406,2012,10,P.LK98,2596016
406,2012,10,C.1K,44
406,2012,10,D.1K,494818
406,2012,10,C.NLP3,230
406,2012,10,P.NLP3,2101198
406,2012,10,C_1K,46
406,2012,10,C_LK98,249.333333333333
406,2012,10,C_NLP3,203.333333333333
406,2012,10,D_1K,527376.666666667
406,2012,10,P_LK98,2407103.33333333
406,2012,10,P_NLP3,1879726.66666667
406,2012,10,Input_#3_C_1K,47
406,2012,10,Input_#3_C_LK98,265.333333333333
406,2012,10,Input_#3_C_NLP3,218.333333333333
406,2012,10,Input_#3_D_1K,532940
406,2012,10,Input_#3_P_LK98,2555660.33333333
406,2012,10,Input_#3_P_NLP3,2022720.33333333
407,2012,11,RM Category,20 rm
407,2012,11,C.LK98,260
407,2012,11,P.LK98,2409630
407,2012,11,C.1K,60
407,2012,11,D.1K,646704
407,2012,11,C.NLP3,200
407,2012,11,P.NLP3,1762926
407,2012,11,C_1K,51.3333333333333
407,2012,11,C_LK98,262.666666666667
407,2012,11,C_NLP3,211.333333333333
407,2012,11,D_1K,578118
407,2012,11,P_LK98,2496474.66666667
407,2012,11,P_NLP3,1918356.66666667
407,2012,11,Input_#3_C_1K,53.6666666666667
407,2012,11,Input_#3_C_LK98,261.333333333333
407,2012,11,Input_#3_C_NLP3,207.666666666667
407,2012,11,Input_#3_D_1K,601837.666666667
407,2012,11,Input_#3_P_LK98,2512615.66666667
407,2012,11,Input_#3_P_NLP3,1910778
408,2012,12,RM Category,20 rm
408,2012,12,C.LK98,262
408,2012,12,P.LK98,2474402
408,2012,12,C.1K,30
408,2012,12,D.1K,315886
408,2012,12,C.NLP3,232
408,2012,12,P.NLP3,2158516
408,2012,12,C_1K,44.6666666666667
408,2012,12,C_LK98,265.333333333333
408,2012,12,C_NLP3,220.666666666667
408,2012,12,D_1K,485802.666666667
408,2012,12,P_LK98,2493349.33333333
408,2012,12,P_NLP3,2007546.66666667
408,2012,12,Input_#3_C_1K,45.3333333333333
408,2012,12,Input_#3_C_LK98,255
408,2012,12,Input_#3_C_NLP3,209.666666666667
408,2012,12,Input_#3_D_1K,512285.333333333
408,2012,12,Input_#3_P_LK98,2442825
408,2012,12,Input_#3_P_NLP3,1930539.66666667
409,2013,1,RM Category,20 rm
409,2013,1,C.LK98,230
409,2013,1,P.LK98,2191832
409,2013,1,C.1K,62
409,2013,1,D.1K,667918
409,2013,1,C.NLP3,168
409,2013,1,P.NLP3,1523914
409,2013,1,C_1K,50.6666666666667
409,2013,1,C_LK98,250.666666666667
409,2013,1,C_NLP3,200
409,2013,1,D_1K,543502.666666667
409,2013,1,P_LK98,2358621.33333333
409,2013,1,P_NLP3,1815118.66666667
409,2013,1,Input_#3_C_1K,48.3333333333333
409,2013,1,Input_#3_C_LK98,250
409,2013,1,Input_#3_C_NLP3,201.666666666667
409,2013,1,Input_#3_D_1K,535439.666666667
409,2013,1,Input_#3_P_LK98,2382862.33333333
409,2013,1,Input_#3_P_NLP3,1847422.66666667
410,2013,2,RM Category,20 rm
410,2013,2,C.LK98,234
410,2013,2,P.LK98,2465852
410,2013,2,C.1K,52
410,2013,2,D.1K,717972
410,2013,2,C.NLP3,182
410,2013,2,P.NLP3,1747880
410,2013,2,C_1K,48
410,2013,2,C_LK98,242
410,2013,2,C_NLP3,194
410,2013,2,D_1K,567258.666666667
410,2013,2,P_LK98,2377362
410,2013,2,P_NLP3,1810103.33333333
410,2013,2,Input_#3_C_1K,49.6666666666667
410,2013,2,Input_#3_C_LK98,252.333333333333
410,2013,2,Input_#3_C_NLP3,202.666666666667
410,2013,2,Input_#3_D_1K,572688.333333333
410,2013,2,Input_#3_P_LK98,2436918.33333333
410,2013,2,Input_#3_P_NLP3,1864230
411,2013,3,RM Category,20 rm
411,2013,3,C.LK98,256
411,2013,3,P.LK98,2515576
411,2013,3,C.1K,36
411,2013,3,D.1K,416114
411,2013,3,C.NLP3,220
411,2013,3,P.NLP3,2099462
411,2013,3,C_1K,50
411,2013,3,C_LK98,240
411,2013,3,C_NLP3,190
411,2013,3,D_1K,600668
411,2013,3,P_LK98,2391086.66666667
411,2013,3,P_NLP3,1790418.66666667
411,2013,3,Input_#3_C_1K,47.3333333333333
411,2013,3,Input_#3_C_LK98,252.666666666667
411,2013,3,Input_#3_C_NLP3,205.333333333333
411,2013,3,Input_#3_D_1K,543235.333333333
411,2013,3,Input_#3_P_LK98,2442218
411,2013,3,Input_#3_P_NLP3,1898982.66666667
412,2013,4,RM Category,20 rm
412,2013,4,C.LK98,272
412,2013,4,P.LK98,2636232
412,2013,4,C.1K,46
412,2013,4,D.1K,466864
412,2013,4,C.NLP3,226
412,2013,4,P.NLP3,2169368
412,2013,4,C_1K,44.6666666666667
412,2013,4,C_LK98,254
412,2013,4,C_NLP3,209.333333333333
412,2013,4,D_1K,533650
412,2013,4,P_LK98,2539220
412,2013,4,P_NLP3,2005570
412,2013,4,Input_#3_C_1K,47.6666666666667
412,2013,4,Input_#3_C_LK98,252.333333333333
412,2013,4,Input_#3_C_NLP3,204.666666666667
412,2013,4,Input_#3_D_1K,538576.333333333
412,2013,4,Input_#3_P_LK98,2448920.66666667
412,2013,4,Input_#3_P_NLP3,1910344.33333333
413,2013,5,RM Category,20 rm
413,2013,5,C.LK98,264
413,2013,5,P.LK98,2732072
413,2013,5,C.1K,58
413,2013,5,D.1K,629324
413,2013,5,C.NLP3,206
413,2013,5,P.NLP3,2102748
413,2013,5,C_1K,46.6666666666667
413,2013,5,C_LK98,264
413,2013,5,C_NLP3,217.333333333333
413,2013,5,D_1K,504100.666666667
413,2013,5,P_LK98,2627960
413,2013,5,P_NLP3,2123859.33333333
413,2013,5,Input_#3_C_1K,47.3333333333333
413,2013,5,Input_#3_C_LK98,253
413,2013,5,Input_#3_C_NLP3,205.666666666667
413,2013,5,Input_#3_D_1K,535679.666666667
413,2013,5,Input_#3_P_LK98,2502661
413,2013,5,Input_#3_P_NLP3,1966981.33333333
414,2013,6,RM Category,20 rm
414,2013,6,C.LK98,228
414,2013,6,P.LK98,2215362
414,2013,6,C.1K,50
414,2013,6,D.1K,534792
414,2013,6,C.NLP3,178
414,2013,6,P.NLP3,1680570
414,2013,6,C_1K,51.3333333333333
414,2013,6,C_LK98,254.666666666667
414,2013,6,C_NLP3,203.333333333333
414,2013,6,D_1K,543660
414,2013,6,P_LK98,2527888.66666667
414,2013,6,P_NLP3,1984228.66666667
414,2013,6,Input_#3_C_1K,50.6666666666667
414,2013,6,Input_#3_C_LK98,247.333333333333
414,2013,6,Input_#3_C_NLP3,196.666666666667
414,2013,6,Input_#3_D_1K,572164
414,2013,6,Input_#3_P_LK98,2459487.66666667
414,2013,6,Input_#3_P_NLP3,1887323.66666667
415,2013,7,RM Category,20 rm
415,2013,7,C.LK98,252
415,2013,7,P.LK98,2544964
415,2013,7,C.1K,52
415,2013,7,D.1K,590388
415,2013,7,C.NLP3,200
415,2013,7,P.NLP3,1954576
415,2013,7,C_1K,53.3333333333333
415,2013,7,C_LK98,248
415,2013,7,C_NLP3,194.666666666667
415,2013,7,D_1K,584834.666666667
415,2013,7,P_LK98,2497466
415,2013,7,P_NLP3,1912631.33333333
415,2013,7,Input_#3_C_1K,49
415,2013,7,Input_#3_C_LK98,251
415,2013,7,Input_#3_C_NLP3,202
415,2013,7,Input_#3_D_1K,559242.333333333
415,2013,7,Input_#3_P_LK98,2518343
415,2013,7,Input_#3_P_NLP3,1959100.66666667
416,2013,8,RM Category,20 rm
416,2013,8,C.LK98,286
416,2013,8,P.LK98,2904100
416,2013,8,C.1K,56
416,2013,8,D.1K,620036
416,2013,8,C.NLP3,230
416,2013,8,P.NLP3,2284064
416,2013,8,C_1K,52.6666666666667
416,2013,8,C_LK98,255.333333333333
416,2013,8,C_NLP3,202.666666666667
416,2013,8,D_1K,581738.666666667
416,2013,8,P_LK98,2554808.66666667
416,2013,8,P_NLP3,1973070
416,2013,8,Input_#3_C_1K,49.6666666666667
416,2013,8,Input_#3_C_LK98,259.666666666667
416,2013,8,Input_#3_C_NLP3,210
416,2013,8,Input_#3_D_1K,542919.666666667
416,2013,8,Input_#3_P_LK98,2591384.33333333
416,2013,8,Input_#3_P_NLP3,2048464.66666667
417,2013,9,RM Category,20 rm
417,2013,9,C.LK98,266
417,2013,9,P.LK98,2589498
417,2013,9,C.1K,66
417,2013,9,D.1K,651384
417,2013,9,C.NLP3,200
417,2013,9,P.NLP3,1938114
417,2013,9,C_1K,58
417,2013,9,C_LK98,268
417,2013,9,C_NLP3,210
417,2013,9,D_1K,620602.666666667
417,2013,9,P_LK98,2679520.66666667
417,2013,9,P_NLP3,2058918
417,2013,9,Input_#3_C_1K,54.6666666666667
417,2013,9,Input_#3_C_LK98,261.333333333333
417,2013,9,Input_#3_C_NLP3,206.666666666667
417,2013,9,Input_#3_D_1K,582131.333333333
417,2013,9,Input_#3_P_LK98,2603704.66666667
417,2013,9,Input_#3_P_NLP3,2021573.33333333
418,2013,10,RM Category,20 rm
418,2013,10,C.LK98,278
418,2013,10,P.LK98,2855068
418,2013,10,C.1K,36
418,2013,10,D.1K,416898
418,2013,10,C.NLP3,242
418,2013,10,P.NLP3,2438170
418,2013,10,C_1K,52.6666666666667
418,2013,10,C_LK98,276.666666666667
418,2013,10,C_NLP3,224
418,2013,10,D_1K,562772.666666667
418,2013,10,P_LK98,2782888.66666667
418,2013,10,P_NLP3,2220116
418,2013,10,Input_#3_C_1K,53
418,2013,10,Input_#3_C_LK98,262.333333333333
418,2013,10,Input_#3_C_NLP3,209.333333333333
418,2013,10,Input_#3_D_1K,573803.666666667
418,2013,10,Input_#3_P_LK98,2640177.33333333
418,2013,10,Input_#3_P_NLP3,2066373.66666667
419,2013,11,RM Category,20 rm
419,2013,11,C.LK98,228
419,2013,11,P.LK98,2319514
419,2013,11,C.1K,48
419,2013,11,D.1K,547166
419,2013,11,C.NLP3,180
419,2013,11,P.NLP3,1772348
419,2013,11,C_1K,50
419,2013,11,C_LK98,257.333333333333
419,2013,11,C_NLP3,207.333333333333
419,2013,11,D_1K,538482.666666667
419,2013,11,P_LK98,2588026.66666667
419,2013,11,P_NLP3,2049544
419,2013,11,Input_#3_C_1K,51.3333333333333
419,2013,11,Input_#3_C_LK98,256.333333333333
419,2013,11,Input_#3_C_NLP3,205
419,2013,11,Input_#3_D_1K,560110.666666667
419,2013,11,Input_#3_P_LK98,2571417.66666667
419,2013,11,Input_#3_P_NLP3,2011307
420,2013,12,RM Category,20 rm
420,2013,12,C.LK98,306
420,2013,12,P.LK98,3191144
420,2013,12,C.1K,80
420,2013,12,D.1K,960222
420,2013,12,C.NLP3,226
420,2013,12,P.NLP3,2230922
420,2013,12,C_1K,54.6666666666667
420,2013,12,C_LK98,270.666666666667
420,2013,12,C_NLP3,216
420,2013,12,D_1K,641428.666666667
420,2013,12,P_LK98,2788575.33333333
420,2013,12,P_NLP3,2147146.66666667
420,2013,12,Input_#3_C_1K,56.3333333333333
420,2013,12,Input_#3_C_LK98,269.333333333333
420,2013,12,Input_#3_C_NLP3,213
420,2013,12,Input_#3_D_1K,631015.666666667
420,2013,12,Input_#3_P_LK98,2734048
420,2013,12,Input_#3_P_NLP3,2103032.33333333
421,2014,1,RM Category,20 rm
421,2014,1,C.LK98,268
421,2014,1,P.LK98,2639864
421,2014,1,C.1K,56
421,2014,1,D.1K,644174
421,2014,1,C.NLP3,212
421,2014,1,P.NLP3,1995690
421,2014,1,C_1K,61.3333333333333
421,2014,1,C_LK98,267.333333333333
421,2014,1,C_NLP3,206
421,2014,1,D_1K,717187.333333333
421,2014,1,P_LK98,2716840.66666667
421,2014,1,P_NLP3,1999653.33333333
421,2014,1,Input_#3_C_1K,57
421,2014,1,Input_#3_C_LK98,272
421,2014,1,Input_#3_C_NLP3,215
421,2014,1,Input_#3_D_1K,639980
421,2014,1,Input_#3_P_LK98,2749864.66666667
421,2014,1,Input_#3_P_NLP3,2109884.66666667
422,2014,2,RM Category,20 rm
422,2014,2,C.LK98,258
422,2014,2,P.LK98,2596066
422,2014,2,C.1K,32
422,2014,2,D.1K,395704
422,2014,2,C.NLP3,226
422,2014,2,P.NLP3,2200362
422,2014,2,C_1K,56
422,2014,2,C_LK98,277.333333333333
422,2014,2,C_NLP3,221.333333333333
422,2014,2,D_1K,666700
422,2014,2,P_LK98,2809024.66666667
422,2014,2,P_NLP3,2142324.66666667
422,2014,2,Input_#3_C_1K,53
422,2014,2,Input_#3_C_LK98,267.333333333333
422,2014,2,Input_#3_C_NLP3,214.333333333333
422,2014,2,Input_#3_D_1K,602591.333333333
422,2014,2,Input_#3_P_LK98,2698525.66666667
422,2014,2,Input_#3_P_NLP3,2095934.33333333
423,2014,3,RM Category,20 rm
423,2014,3,C.LK98,224
423,2014,3,P.LK98,2183574
423,2014,3,C.1K,38
423,2014,3,D.1K,428110
423,2014,3,C.NLP3,186
423,2014,3,P.NLP3,1755464
423,2014,3,C_1K,42
423,2014,3,C_LK98,250
423,2014,3,C_NLP3,208
423,2014,3,D_1K,489329.333333333
423,2014,3,P_LK98,2473168
423,2014,3,P_NLP3,1983838.66666667
423,2014,3,Input_#3_C_1K,48.3333333333333
423,2014,3,Input_#3_C_LK98,260.333333333333
423,2014,3,Input_#3_C_NLP3,212
423,2014,3,Input_#3_D_1K,565379
423,2014,3,Input_#3_P_LK98,2630871.66666667
423,2014,3,Input_#3_P_NLP3,2065492.66666667
424,2014,4,RM Category,20 rm
424,2014,4,C.LK98,298
424,2014,4,P.LK98,2969774
424,2014,4,C.1K,54
424,2014,4,D.1K,627526
424,2014,4,C.NLP3,244
424,2014,4,P.NLP3,2342248
424,2014,4,C_1K,41.3333333333333
424,2014,4,C_LK98,260
424,2014,4,C_NLP3,218.666666666667
424,2014,4,D_1K,483780
424,2014,4,P_LK98,2583138
424,2014,4,P_NLP3,2099358
424,2014,4,Input_#3_C_1K,51.3333333333333
424,2014,4,Input_#3_C_LK98,263.666666666667
424,2014,4,Input_#3_C_NLP3,212.333333333333
424,2014,4,Input_#3_D_1K,600483.666666667
424,2014,4,Input_#3_P_LK98,2649989.33333333
424,2014,4,Input_#3_P_NLP3,2049505.66666667
425,2014,5,RM Category,20 rm
425,2014,5,C.LK98,208
425,2014,5,P.LK98,2207038
425,2014,5,C.1K,32
425,2014,5,D.1K,344948.2
425,2014,5,C.NLP3,176
425,2014,5,P.NLP3,1862089.8
425,2014,5,C_1K,41.3333333333333
425,2014,5,C_LK98,243.333333333333
425,2014,5,C_NLP3,202
425,2014,5,D_1K,466861.4
425,2014,5,P_LK98,2453462
425,2014,5,P_NLP3,1986600.6
425,2014,5,Input_#3_C_1K,48.6666666666667
425,2014,5,Input_#3_C_LK98,260.333333333333
425,2014,5,Input_#3_C_NLP3,211.666666666667
425,2014,5,Input_#3_D_1K,566780.7
425,2014,5,Input_#3_P_LK98,2631243.33333333
425,2014,5,Input_#3_P_NLP3,2064462.63333333
426,2014,6,RM Category,20 rm
426,2014,6,C.LK98,292
426,2014,6,P.LK98,3053596
426,2014,6,C.1K,64
426,2014,6,D.1K,707425.14
426,2014,6,C.NLP3,228
426,2014,6,P.NLP3,2346170.86
426,2014,6,C_1K,50
426,2014,6,C_LK98,266
426,2014,6,C_NLP3,216
426,2014,6,D_1K,559966.446666667
426,2014,6,P_LK98,2743469.33333333
426,2014,6,P_NLP3,2183502.88666667
426,2014,6,Input_#3_C_1K,46
426,2014,6,Input_#3_C_LK98,258
426,2014,6,Input_#3_C_NLP3,212
426,2014,6,Input_#3_D_1K,524647.89
426,2014,6,Input_#3_P_LK98,2608318.66666667
426,2014,6,Input_#3_P_NLP3,2083670.77666667
427,2014,7,RM Category,20 rm
427,2014,7,C.LK98,
427,2014,7,P.LK98,
427,2014,7,C.1K,
427,2014,7,D.1K,
427,2014,7,C.NLP3,
427,2014,7,P.NLP3,
427,2014,7,C_1K,32
427,2014,7,C_LK98,166.666666666667
427,2014,7,C_NLP3,134.666666666667
427,2014,7,D_1K,350791.113333333
427,2014,7,P_LK98,1753544.66666667
427,2014,7,P_NLP3,1402753.55333333
427,2014,7,Input_#3_C_1K,36.6666666666667
427,2014,7,Input_#3_C_LK98,213.333333333333
427,2014,7,Input_#3_C_NLP3,176.666666666667
427,2014,7,Input_#3_D_1K,417285.556666667
427,2014,7,Input_#3_P_LK98,2168341.33333333
427,2014,7,Input_#3_P_NLP3,1751055.77666667
428,2014,8,RM Category,20 rm
428,2014,8,C.LK98,
428,2014,8,P.LK98,
428,2014,8,C.1K,
428,2014,8,D.1K,
428,2014,8,C.NLP3,
428,2014,8,P.NLP3,
428,2014,8,C_1K,21.3333333333333
428,2014,8,C_LK98,97.3333333333333
428,2014,8,C_NLP3,76
428,2014,8,D_1K,235808.38
428,2014,8,P_LK98,1017865.33333333
428,2014,8,P_NLP3,782056.953333333
428,2014,8,Input_#3_C_1K,31.3333333333333
428,2014,8,Input_#3_C_LK98,170.333333333333
428,2014,8,Input_#3_C_NLP3,139
428,2014,8,Input_#3_D_1K,351334.89
428,2014,8,Input_#3_P_LK98,1735663.66666667
428,2014,8,Input_#3_P_NLP3,1384328.77666667
429,2014,9,RM Category,20 rm
429,2014,9,C.LK98,
429,2014,9,P.LK98,
429,2014,9,C.1K,
429,2014,9,D.1K,
429,2014,9,C.NLP3,
429,2014,9,P.NLP3,
429,2014,9,C_1K,0
429,2014,9,C_LK98,0
429,2014,9,C_NLP3,0
429,2014,9,D_1K,0
429,2014,9,P_LK98,0
429,2014,9,P_NLP3,0
429,2014,9,Input_#3_C_1K,25
429,2014,9,Input_#3_C_LK98,133
429,2014,9,Input_#3_C_NLP3,108
429,2014,9,Input_#3_D_1K,279983.223333333
429,2014,9,Input_#3_P_LK98,1371734.66666667
429,2014,9,Input_#3_P_NLP3,1091751.44333333
430,2014,10,RM Category,20 rm
430,2014,10,C.LK98,
430,2014,10,P.LK98,
430,2014,10,C.1K,
430,2014,10,D.1K,
430,2014,10,C.NLP3,
430,2014,10,P.NLP3,
430,2014,10,C_1K,0
430,2014,10,C_LK98,0
430,2014,10,C_NLP3,0
430,2014,10,D_1K,0
430,2014,10,P_LK98,0
430,2014,10,P_NLP3,0
430,2014,10,Input_#3_C_1K,16
430,2014,10,Input_#3_C_LK98,83.3333333333333
430,2014,10,Input_#3_C_NLP3,67.3333333333333
430,2014,10,Input_#3_D_1K,175395.556666667
430,2014,10,Input_#3_P_LK98,876772.333333333
430,2014,10,Input_#3_P_NLP3,701376.776666667
431,2014,11,RM Category,20 rm
431,2014,11,C.LK98,
431,2014,11,P.LK98,
431,2014,11,C.1K,
431,2014,11,D.1K,
431,2014,11,C.NLP3,
431,2014,11,P.NLP3,
431,2014,11,C_1K,0
431,2014,11,C_LK98,0
431,2014,11,C_NLP3,0
431,2014,11,D_1K,0
431,2014,11,P_LK98,0
431,2014,11,P_NLP3,0
431,2014,11,Input_#3_C_1K,10.6666666666667
431,2014,11,Input_#3_C_LK98,48.6666666666667
431,2014,11,Input_#3_C_NLP3,38
431,2014,11,Input_#3_D_1K,117904.19
431,2014,11,Input_#3_P_LK98,508932.666666667
431,2014,11,Input_#3_P_NLP3,391028.476666667
432,2014,12,RM Category,20 rm
432,2014,12,C.LK98,
432,2014,12,P.LK98,
432,2014,12,C.1K,
432,2014,12,D.1K,
432,2014,12,C.NLP3,
432,2014,12,P.NLP3,
432,2014,12,C_1K,0
432,2014,12,C_LK98,0
432,2014,12,C_NLP3,0
432,2014,12,D_1K,0
432,2014,12,P_LK98,0
432,2014,12,P_NLP3,0
432,2014,12,Input_#3_C_1K,0
432,2014,12,Input_#3_C_LK98,0
432,2014,12,Input_#3_C_NLP3,0
432,2014,12,Input_#3_D_1K,0
432,2014,12,Input_#3_P_LK98,0
432,2014,12,Input_#3_P_NLP3,0
433,2009,1,RM Category,200 rm
433,2009,1,C.LK98,84
433,2009,1,P.LK98,4562596
433,2009,1,C.1K,34
433,2009,1,D.1K,1579402
433,2009,1,C.NLP3,50
433,2009,1,P.NLP3,2983194
433,2009,1,C_1K,34
433,2009,1,C_LK98,84
433,2009,1,C_NLP3,50
433,2009,1,D_1K,1579402
433,2009,1,P_LK98,4562596
433,2009,1,P_NLP3,2983194
433,2009,1,Input_#3_C_1K,5.66666666666667
433,2009,1,Input_#3_C_LK98,14
433,2009,1,Input_#3_C_NLP3,8.33333333333333
433,2009,1,Input_#3_D_1K,263233.666666667
433,2009,1,Input_#3_P_LK98,760432.666666667
433,2009,1,Input_#3_P_NLP3,497199
434,2009,2,RM Category,200 rm
434,2009,2,C.LK98,84
434,2009,2,P.LK98,4195654
434,2009,2,C.1K,18
434,2009,2,D.1K,946052
434,2009,2,C.NLP3,66
434,2009,2,P.NLP3,3249602
434,2009,2,C_1K,28.6666666666667
434,2009,2,C_LK98,84
434,2009,2,C_NLP3,55.3333333333333
434,2009,2,D_1K,1368285.33333333
434,2009,2,P_LK98,4440282
434,2009,2,P_NLP3,3071996.66666667
434,2009,2,Input_#3_C_1K,8.66666666666667
434,2009,2,Input_#3_C_LK98,28
434,2009,2,Input_#3_C_NLP3,19.3333333333333
434,2009,2,Input_#3_D_1K,420909
434,2009,2,Input_#3_P_LK98,1459708.33333333
434,2009,2,Input_#3_P_NLP3,1038799.33333333
435,2009,3,RM Category,200 rm
435,2009,3,C.LK98,64
435,2009,3,P.LK98,3205572
435,2009,3,C.1K,28
435,2009,3,D.1K,1438590
435,2009,3,C.NLP3,36
435,2009,3,P.NLP3,1766982
435,2009,3,C_1K,26.6666666666667
435,2009,3,C_LK98,77.3333333333333
435,2009,3,C_NLP3,50.6666666666667
435,2009,3,D_1K,1321348
435,2009,3,P_LK98,3987940.66666667
435,2009,3,P_NLP3,2666592.66666667
435,2009,3,Input_#3_C_1K,13.3333333333333
435,2009,3,Input_#3_C_LK98,38.6666666666667
435,2009,3,Input_#3_C_NLP3,25.3333333333333
435,2009,3,Input_#3_D_1K,660674
435,2009,3,Input_#3_P_LK98,1993970.33333333
435,2009,3,Input_#3_P_NLP3,1333296.33333333
436,2009,4,RM Category,200 rm
436,2009,4,C.LK98,48
436,2009,4,P.LK98,2489636
436,2009,4,C.1K,10
436,2009,4,D.1K,569136
436,2009,4,C.NLP3,38
436,2009,4,P.NLP3,1920500
436,2009,4,C_1K,18.6666666666667
436,2009,4,C_LK98,65.3333333333333
436,2009,4,C_NLP3,46.6666666666667
436,2009,4,D_1K,984592.666666667
436,2009,4,P_LK98,3296954
436,2009,4,P_NLP3,2312361.33333333
436,2009,4,Input_#3_C_1K,15
436,2009,4,Input_#3_C_LK98,46.6666666666667
436,2009,4,Input_#3_C_NLP3,31.6666666666667
436,2009,4,Input_#3_D_1K,755530
436,2009,4,Input_#3_P_LK98,2408909.66666667
436,2009,4,Input_#3_P_NLP3,1653379.66666667
437,2009,5,RM Category,200 rm
437,2009,5,C.LK98,52
437,2009,5,P.LK98,2498898
437,2009,5,C.1K,12
437,2009,5,D.1K,561788
437,2009,5,C.NLP3,40
437,2009,5,P.NLP3,1937110
437,2009,5,C_1K,16.6666666666667
437,2009,5,C_LK98,54.6666666666667
437,2009,5,C_NLP3,38
437,2009,5,D_1K,856504.666666667
437,2009,5,P_LK98,2731368.66666667
437,2009,5,P_NLP3,1874864
437,2009,5,Input_#3_C_1K,17
437,2009,5,Input_#3_C_LK98,55.3333333333333
437,2009,5,Input_#3_C_NLP3,38.3333333333333
437,2009,5,Input_#3_D_1K,849161.333333333
437,2009,5,Input_#3_P_LK98,2825392.66666667
437,2009,5,Input_#3_P_NLP3,1976231.33333333
438,2009,6,RM Category,200 rm
438,2009,6,C.LK98,92
438,2009,6,P.LK98,4758200
438,2009,6,C.1K,24
438,2009,6,D.1K,1368922
438,2009,6,C.NLP3,68
438,2009,6,P.NLP3,3389278
438,2009,6,C_1K,15.3333333333333
438,2009,6,C_LK98,64
438,2009,6,C_NLP3,48.6666666666667
438,2009,6,D_1K,833282
438,2009,6,P_LK98,3248911.33333333
438,2009,6,P_NLP3,2415629.33333333
438,2009,6,Input_#3_C_1K,21
438,2009,6,Input_#3_C_LK98,70.6666666666667
438,2009,6,Input_#3_C_NLP3,49.6666666666667
438,2009,6,Input_#3_D_1K,1077315
438,2009,6,Input_#3_P_LK98,3618426
438,2009,6,Input_#3_P_NLP3,2541111
439,2009,7,RM Category,200 rm
439,2009,7,C.LK98,58
439,2009,7,P.LK98,3097866
439,2009,7,C.1K,14
439,2009,7,D.1K,841218
439,2009,7,C.NLP3,44
439,2009,7,P.NLP3,2256648
439,2009,7,C_1K,16.6666666666667
439,2009,7,C_LK98,67.3333333333333
439,2009,7,C_NLP3,50.6666666666667
439,2009,7,D_1K,923976
439,2009,7,P_LK98,3451654.66666667
439,2009,7,P_NLP3,2527678.66666667
439,2009,7,Input_#3_C_1K,17.6666666666667
439,2009,7,Input_#3_C_LK98,66.3333333333333
439,2009,7,Input_#3_C_NLP3,48.6666666666667
439,2009,7,Input_#3_D_1K,954284.333333333
439,2009,7,Input_#3_P_LK98,3374304.33333333
439,2009,7,Input_#3_P_NLP3,2420020
440,2009,8,RM Category,200 rm
440,2009,8,C.LK98,50
440,2009,8,P.LK98,2466386
440,2009,8,C.1K,20
440,2009,8,D.1K,1046062
440,2009,8,C.NLP3,30
440,2009,8,P.NLP3,1420324
440,2009,8,C_1K,19.3333333333333
440,2009,8,C_LK98,66.6666666666667
440,2009,8,C_NLP3,47.3333333333333
440,2009,8,D_1K,1085400.66666667
440,2009,8,P_LK98,3440817.33333333
440,2009,8,P_NLP3,2355416.66666667
440,2009,8,Input_#3_C_1K,18
440,2009,8,Input_#3_C_LK98,60.6666666666667
440,2009,8,Input_#3_C_NLP3,42.6666666666667
440,2009,8,Input_#3_D_1K,970952.666666667
440,2009,8,Input_#3_P_LK98,3086093
440,2009,8,Input_#3_P_NLP3,2115140.33333333
441,2009,9,RM Category,200 rm
441,2009,9,C.LK98,44
441,2009,9,P.LK98,2117390
441,2009,9,C.1K,20
441,2009,9,D.1K,942360
441,2009,9,C.NLP3,24
441,2009,9,P.NLP3,1175030
441,2009,9,C_1K,18
441,2009,9,C_LK98,50.6666666666667
441,2009,9,C_NLP3,32.6666666666667
441,2009,9,D_1K,943213.333333333
441,2009,9,P_LK98,2560547.33333333
441,2009,9,P_NLP3,1617334
441,2009,9,Input_#3_C_1K,16.6666666666667
441,2009,9,Input_#3_C_LK98,57.3333333333333
441,2009,9,Input_#3_C_NLP3,40.6666666666667
441,2009,9,Input_#3_D_1K,888247.666666667
441,2009,9,Input_#3_P_LK98,2904729.33333333
441,2009,9,Input_#3_P_NLP3,2016481.66666667
442,2009,10,RM Category,200 rm
442,2009,10,C.LK98,58
442,2009,10,P.LK98,2871008
442,2009,10,C.1K,16
442,2009,10,D.1K,835392
442,2009,10,C.NLP3,42
442,2009,10,P.NLP3,2035616
442,2009,10,C_1K,18.6666666666667
442,2009,10,C_LK98,50.6666666666667
442,2009,10,C_NLP3,32
442,2009,10,D_1K,941271.333333333
442,2009,10,P_LK98,2484928
442,2009,10,P_NLP3,1543656.66666667
442,2009,10,Input_#3_C_1K,17.6666666666667
442,2009,10,Input_#3_C_LK98,59
442,2009,10,Input_#3_C_NLP3,41.3333333333333
442,2009,10,Input_#3_D_1K,932623.666666667
442,2009,10,Input_#3_P_LK98,2968291.33333333
442,2009,10,Input_#3_P_NLP3,2035667.66666667
443,2009,11,RM Category,200 rm
443,2009,11,C.LK98,64
443,2009,11,P.LK98,3166852
443,2009,11,C.1K,20
443,2009,11,D.1K,1018036
443,2009,11,C.NLP3,44
443,2009,11,P.NLP3,2148816
443,2009,11,C_1K,18.6666666666667
443,2009,11,C_LK98,55.3333333333333
443,2009,11,C_NLP3,36.6666666666667
443,2009,11,D_1K,931929.333333333
443,2009,11,P_LK98,2718416.66666667
443,2009,11,P_NLP3,1786487.33333333
443,2009,11,Input_#3_C_1K,19
443,2009,11,Input_#3_C_LK98,61
443,2009,11,Input_#3_C_NLP3,42
443,2009,11,Input_#3_D_1K,1008665
443,2009,11,Input_#3_P_LK98,3079617
443,2009,11,Input_#3_P_NLP3,2070952
444,2009,12,RM Category,200 rm
444,2009,12,C.LK98,80
444,2009,12,P.LK98,3913390
444,2009,12,C.1K,18
444,2009,12,D.1K,1048552
444,2009,12,C.NLP3,62
444,2009,12,P.NLP3,2864838
444,2009,12,C_1K,18
444,2009,12,C_LK98,67.3333333333333
444,2009,12,C_NLP3,49.3333333333333
444,2009,12,D_1K,967326.666666667
444,2009,12,P_LK98,3317083.33333333
444,2009,12,P_NLP3,2349756.66666667
444,2009,12,Input_#3_C_1K,18
444,2009,12,Input_#3_C_LK98,59
444,2009,12,Input_#3_C_NLP3,41
444,2009,12,Input_#3_D_1K,955270
444,2009,12,Input_#3_P_LK98,2938815.33333333
444,2009,12,Input_#3_P_NLP3,1983545.33333333
445,2010,1,RM Category,200 rm
445,2010,1,C.LK98,54
445,2010,1,P.LK98,2661330
445,2010,1,C.1K,14
445,2010,1,D.1K,673000
445,2010,1,C.NLP3,40
445,2010,1,P.NLP3,1988330
445,2010,1,C_1K,17.3333333333333
445,2010,1,C_LK98,66
445,2010,1,C_NLP3,48.6666666666667
445,2010,1,D_1K,913196
445,2010,1,P_LK98,3247190.66666667
445,2010,1,P_NLP3,2333994.66666667
445,2010,1,Input_#3_C_1K,18
445,2010,1,Input_#3_C_LK98,58.3333333333333
445,2010,1,Input_#3_C_NLP3,40.3333333333333
445,2010,1,Input_#3_D_1K,927233.666666667
445,2010,1,Input_#3_P_LK98,2866059.33333333
445,2010,1,Input_#3_P_NLP3,1938825.66666667
446,2010,2,RM Category,200 rm
446,2010,2,C.LK98,66
446,2010,2,P.LK98,3269668
446,2010,2,C.1K,16
446,2010,2,D.1K,885592
446,2010,2,C.NLP3,50
446,2010,2,P.NLP3,2384076
446,2010,2,C_1K,16
446,2010,2,C_LK98,66.6666666666667
446,2010,2,C_NLP3,50.6666666666667
446,2010,2,D_1K,869048
446,2010,2,P_LK98,3281462.66666667
446,2010,2,P_NLP3,2412414.66666667
446,2010,2,Input_#3_C_1K,17.3333333333333
446,2010,2,Input_#3_C_LK98,61
446,2010,2,Input_#3_C_NLP3,43.6666666666667
446,2010,2,Input_#3_D_1K,900488.666666667
446,2010,2,Input_#3_P_LK98,2999939.66666667
446,2010,2,Input_#3_P_NLP3,2099451
447,2010,3,RM Category,200 rm
447,2010,3,C.LK98,60
447,2010,3,P.LK98,3027354
447,2010,3,C.1K,12
447,2010,3,D.1K,572134
447,2010,3,C.NLP3,48
447,2010,3,P.NLP3,2455220
447,2010,3,C_1K,14
447,2010,3,C_LK98,60
447,2010,3,C_NLP3,46
447,2010,3,D_1K,710242
447,2010,3,P_LK98,2986117.33333333
447,2010,3,P_NLP3,2275875.33333333
447,2010,3,Input_#3_C_1K,16
447,2010,3,Input_#3_C_LK98,63.6666666666667
447,2010,3,Input_#3_C_NLP3,47.6666666666667
447,2010,3,Input_#3_D_1K,838784.333333333
447,2010,3,Input_#3_P_LK98,3151600.33333333
447,2010,3,Input_#3_P_NLP3,2312816
448,2010,4,RM Category,200 rm
448,2010,4,C.LK98,64
448,2010,4,P.LK98,3051968
448,2010,4,C.1K,24
448,2010,4,D.1K,1260324
448,2010,4,C.NLP3,40
448,2010,4,P.NLP3,1791644
448,2010,4,C_1K,17.3333333333333
448,2010,4,C_LK98,63.3333333333333
448,2010,4,C_NLP3,46
448,2010,4,D_1K,906016.666666667
448,2010,4,P_LK98,3116330
448,2010,4,P_NLP3,2210313.33333333
448,2010,4,Input_#3_C_1K,17.3333333333333
448,2010,4,Input_#3_C_LK98,64.6666666666667
448,2010,4,Input_#3_C_NLP3,47.3333333333333
448,2010,4,Input_#3_D_1K,909606.333333333
448,2010,4,Input_#3_P_LK98,3181760.33333333
448,2010,4,Input_#3_P_NLP3,2272154
449,2010,5,RM Category,200 rm
449,2010,5,C.LK98,90
449,2010,5,P.LK98,4545850
449,2010,5,C.1K,36
449,2010,5,D.1K,2002708
449,2010,5,C.NLP3,54
449,2010,5,P.NLP3,2543142
449,2010,5,C_1K,24
449,2010,5,C_LK98,71.3333333333333
449,2010,5,C_NLP3,47.3333333333333
449,2010,5,D_1K,1278388.66666667
449,2010,5,P_LK98,3541724
449,2010,5,P_NLP3,2263335.33333333
449,2010,5,Input_#3_C_1K,20
449,2010,5,Input_#3_C_LK98,69
449,2010,5,Input_#3_C_NLP3,49
449,2010,5,Input_#3_D_1K,1073718.33333333
449,2010,5,Input_#3_P_LK98,3411593.33333333
449,2010,5,Input_#3_P_NLP3,2337875
450,2010,6,RM Category,200 rm
450,2010,6,C.LK98,80
450,2010,6,P.LK98,3777982
450,2010,6,C.1K,32
450,2010,6,D.1K,1735262
450,2010,6,C.NLP3,48
450,2010,6,P.NLP3,2042720
450,2010,6,C_1K,30.6666666666667
450,2010,6,C_LK98,78
450,2010,6,C_NLP3,47.3333333333333
450,2010,6,D_1K,1666098
450,2010,6,P_LK98,3791933.33333333
450,2010,6,P_NLP3,2125835.33333333
450,2010,6,Input_#3_C_1K,22.3333333333333
450,2010,6,Input_#3_C_LK98,69
450,2010,6,Input_#3_C_NLP3,46.6666666666667
450,2010,6,Input_#3_D_1K,1188170
450,2010,6,Input_#3_P_LK98,3389025.33333333
450,2010,6,Input_#3_P_NLP3,2200855.33333333
451,2010,7,RM Category,200 rm
451,2010,7,C.LK98,88
451,2010,7,P.LK98,4287168
451,2010,7,C.1K,38
451,2010,7,D.1K,1772874
451,2010,7,C.NLP3,50
451,2010,7,P.NLP3,2514294
451,2010,7,C_1K,35.3333333333333
451,2010,7,C_LK98,86
451,2010,7,C_NLP3,50.6666666666667
451,2010,7,D_1K,1836948
451,2010,7,P_LK98,4203666.66666667
451,2010,7,P_NLP3,2366718.66666667
451,2010,7,Input_#3_C_1K,26.3333333333333
451,2010,7,Input_#3_C_LK98,74.6666666666667
451,2010,7,Input_#3_C_NLP3,48.3333333333333
451,2010,7,Input_#3_D_1K,1371482.33333333
451,2010,7,Input_#3_P_LK98,3659998.33333333
451,2010,7,Input_#3_P_NLP3,2288516
452,2010,8,RM Category,200 rm
452,2010,8,C.LK98,54
452,2010,8,P.LK98,2669124
452,2010,8,C.1K,14
452,2010,8,D.1K,717220
452,2010,8,C.NLP3,40
452,2010,8,P.NLP3,1951904
452,2010,8,C_1K,28
452,2010,8,C_LK98,74
452,2010,8,C_NLP3,46
452,2010,8,D_1K,1408452
452,2010,8,P_LK98,3578091.33333333
452,2010,8,P_NLP3,2169639.33333333
452,2010,8,Input_#3_C_1K,26
452,2010,8,Input_#3_C_LK98,72.6666666666667
452,2010,8,Input_#3_C_NLP3,46.6666666666667
452,2010,8,Input_#3_D_1K,1343420.33333333
452,2010,8,Input_#3_P_LK98,3559907.66666667
452,2010,8,Input_#3_P_NLP3,2216487.33333333
453,2010,9,RM Category,200 rm
453,2010,9,C.LK98,82
453,2010,9,P.LK98,3988284
453,2010,9,C.1K,24
453,2010,9,D.1K,1337870
453,2010,9,C.NLP3,58
453,2010,9,P.NLP3,2650414
453,2010,9,C_1K,25.3333333333333
453,2010,9,C_LK98,74.6666666666667
453,2010,9,C_NLP3,49.3333333333333
453,2010,9,D_1K,1275988
453,2010,9,P_LK98,3648192
453,2010,9,P_NLP3,2372204
453,2010,9,Input_#3_C_1K,28
453,2010,9,Input_#3_C_LK98,76.3333333333333
453,2010,9,Input_#3_C_NLP3,48.3333333333333
453,2010,9,Input_#3_D_1K,1471043
453,2010,9,Input_#3_P_LK98,3720062.66666667
453,2010,9,Input_#3_P_NLP3,2249019.66666667
454,2010,10,RM Category,200 rm
454,2010,10,C.LK98,102
454,2010,10,P.LK98,4989920
454,2010,10,C.1K,30
454,2010,10,D.1K,1470794
454,2010,10,C.NLP3,72
454,2010,10,P.NLP3,3519126
454,2010,10,C_1K,22.6666666666667
454,2010,10,C_LK98,79.3333333333333
454,2010,10,C_NLP3,56.6666666666667
454,2010,10,D_1K,1175294.66666667
454,2010,10,P_LK98,3882442.66666667
454,2010,10,P_NLP3,2707148
454,2010,10,Input_#3_C_1K,29
454,2010,10,Input_#3_C_LK98,82.6666666666667
454,2010,10,Input_#3_C_NLP3,53.6666666666667
454,2010,10,Input_#3_D_1K,1506121.33333333
454,2010,10,Input_#3_P_LK98,4043054.66666667
454,2010,10,Input_#3_P_NLP3,2536933.33333333
455,2010,11,RM Category,200 rm
455,2010,11,C.LK98,82
455,2010,11,P.LK98,4525074
455,2010,11,C.1K,26
455,2010,11,D.1K,1482664
455,2010,11,C.NLP3,56
455,2010,11,P.NLP3,3042410
455,2010,11,C_1K,26.6666666666667
455,2010,11,C_LK98,88.6666666666667
455,2010,11,C_NLP3,62
455,2010,11,D_1K,1430442.66666667
455,2010,11,P_LK98,4501092.66666667
455,2010,11,P_NLP3,3070650
455,2010,11,Input_#3_C_1K,27.3333333333333
455,2010,11,Input_#3_C_LK98,81.3333333333333
455,2010,11,Input_#3_C_NLP3,54
455,2010,11,Input_#3_D_1K,1419447.33333333
455,2010,11,Input_#3_P_LK98,4039592
455,2010,11,Input_#3_P_NLP3,2620144.66666667
456,2010,12,RM Category,200 rm
456,2010,12,C.LK98,128
456,2010,12,P.LK98,6689526
456,2010,12,C.1K,48
456,2010,12,D.1K,2715582
456,2010,12,C.NLP3,80
456,2010,12,P.NLP3,3973944
456,2010,12,C_1K,34.6666666666667
456,2010,12,C_LK98,104
456,2010,12,C_NLP3,69.3333333333333
456,2010,12,D_1K,1889680
456,2010,12,P_LK98,5401506.66666667
456,2010,12,P_NLP3,3511826.66666667
456,2010,12,Input_#3_C_1K,30
456,2010,12,Input_#3_C_LK98,89.3333333333333
456,2010,12,Input_#3_C_NLP3,59.3333333333333
456,2010,12,Input_#3_D_1K,1582834
456,2010,12,Input_#3_P_LK98,4524849.33333333
456,2010,12,Input_#3_P_NLP3,2942015.33333333
457,2011,1,RM Category,200 rm
457,2011,1,C.LK98,74
457,2011,1,P.LK98,4278054
457,2011,1,C.1K,26
457,2011,1,D.1K,1578348
457,2011,1,C.NLP3,48
457,2011,1,P.NLP3,2699706
457,2011,1,C_1K,33.3333333333333
457,2011,1,C_LK98,94.6666666666667
457,2011,1,C_NLP3,61.3333333333333
457,2011,1,D_1K,1925531.33333333
457,2011,1,P_LK98,5164218
457,2011,1,P_NLP3,3238686.66666667
457,2011,1,Input_#3_C_1K,28
457,2011,1,Input_#3_C_LK98,87
457,2011,1,Input_#3_C_NLP3,59
457,2011,1,Input_#3_D_1K,1550413
457,2011,1,Input_#3_P_LK98,4523330.33333333
457,2011,1,Input_#3_P_NLP3,2972917.33333333
458,2011,2,RM Category,200 rm
458,2011,2,C.LK98,74
458,2011,2,P.LK98,4864918
458,2011,2,C.1K,16
458,2011,2,D.1K,956196
458,2011,2,C.NLP3,58
458,2011,2,P.NLP3,3908722
458,2011,2,C_1K,30
458,2011,2,C_LK98,92
458,2011,2,C_NLP3,62
458,2011,2,D_1K,1750042
458,2011,2,P_LK98,5277499.33333333
458,2011,2,P_NLP3,3527457.33333333
458,2011,2,Input_#3_C_1K,28.3333333333333
458,2011,2,Input_#3_C_LK98,90.3333333333333
458,2011,2,Input_#3_C_NLP3,62
458,2011,2,Input_#3_D_1K,1590242.33333333
458,2011,2,Input_#3_P_LK98,4889296
458,2011,2,Input_#3_P_NLP3,3299053.66666667
459,2011,3,RM Category,200 rm
459,2011,3,C.LK98,98
459,2011,3,P.LK98,4995800
459,2011,3,C.1K,8
459,2011,3,D.1K,458564
459,2011,3,C.NLP3,90
459,2011,3,P.NLP3,4537236
459,2011,3,C_1K,16.6666666666667
459,2011,3,C_LK98,82
459,2011,3,C_NLP3,65.3333333333333
459,2011,3,D_1K,997702.666666667
459,2011,3,P_LK98,4712924
459,2011,3,P_NLP3,3715221.33333333
459,2011,3,Input_#3_C_1K,25.6666666666667
459,2011,3,Input_#3_C_LK98,93
459,2011,3,Input_#3_C_NLP3,67.3333333333333
459,2011,3,Input_#3_D_1K,1443691.33333333
459,2011,3,Input_#3_P_LK98,5057215.33333333
459,2011,3,Input_#3_P_NLP3,3613524
460,2011,4,RM Category,200 rm
460,2011,4,C.LK98,114
460,2011,4,P.LK98,5767426
460,2011,4,C.1K,44
460,2011,4,D.1K,2312326
460,2011,4,C.NLP3,70
460,2011,4,P.NLP3,3455100
460,2011,4,C_1K,22.6666666666667
460,2011,4,C_LK98,95.3333333333333
460,2011,4,C_NLP3,72.6666666666667
460,2011,4,D_1K,1242362
460,2011,4,P_LK98,5209381.33333333
460,2011,4,P_NLP3,3967019.33333333
460,2011,4,Input_#3_C_1K,28
460,2011,4,Input_#3_C_LK98,95
460,2011,4,Input_#3_C_NLP3,67
460,2011,4,Input_#3_D_1K,1583946.66666667
460,2011,4,Input_#3_P_LK98,5186799.66666667
460,2011,4,Input_#3_P_NLP3,3602853
461,2011,5,RM Category,200 rm
461,2011,5,C.LK98,102
461,2011,5,P.LK98,6180430
461,2011,5,C.1K,12
461,2011,5,D.1K,696208
461,2011,5,C.NLP3,90
461,2011,5,P.NLP3,5484222
461,2011,5,C_1K,21.3333333333333
461,2011,5,C_LK98,104.666666666667
461,2011,5,C_NLP3,83.3333333333333
461,2011,5,D_1K,1155699.33333333
461,2011,5,P_LK98,5647885.33333333
461,2011,5,P_NLP3,4492186
461,2011,5,Input_#3_C_1K,25.6666666666667
461,2011,5,Input_#3_C_LK98,98.3333333333333
461,2011,5,Input_#3_C_NLP3,72.6666666666667
461,2011,5,Input_#3_D_1K,1452870.66666667
461,2011,5,Input_#3_P_LK98,5462692.33333333
461,2011,5,Input_#3_P_NLP3,4009821.66666667
462,2011,6,RM Category,200 rm
462,2011,6,C.LK98,100
462,2011,6,P.LK98,5710752
462,2011,6,C.1K,32
462,2011,6,D.1K,1528252
462,2011,6,C.NLP3,68
462,2011,6,P.NLP3,4182500
462,2011,6,C_1K,29.3333333333333
462,2011,6,C_LK98,105.333333333333
462,2011,6,C_NLP3,76
462,2011,6,D_1K,1512262
462,2011,6,P_LK98,5886202.66666667
462,2011,6,P_NLP3,4373940.66666667
462,2011,6,Input_#3_C_1K,23
462,2011,6,Input_#3_C_LK98,93.6666666666667
462,2011,6,Input_#3_C_NLP3,70.6666666666667
462,2011,6,Input_#3_D_1K,1254982.33333333
462,2011,6,Input_#3_P_LK98,5299563.33333333
462,2011,6,Input_#3_P_NLP3,4044581
463,2011,7,RM Category,200 rm
463,2011,7,C.LK98,106
463,2011,7,P.LK98,5620800
463,2011,7,C.1K,32
463,2011,7,D.1K,1816668
463,2011,7,C.NLP3,74
463,2011,7,P.NLP3,3804132
463,2011,7,C_1K,25.3333333333333
463,2011,7,C_LK98,102.666666666667
463,2011,7,C_NLP3,77.3333333333333
463,2011,7,D_1K,1347042.66666667
463,2011,7,P_LK98,5837327.33333333
463,2011,7,P_NLP3,4490284.66666667
463,2011,7,Input_#3_C_1K,24
463,2011,7,Input_#3_C_LK98,99
463,2011,7,Input_#3_C_NLP3,75
463,2011,7,Input_#3_D_1K,1294702.33333333
463,2011,7,Input_#3_P_LK98,5523354.33333333
463,2011,7,Input_#3_P_NLP3,4228652
464,2011,8,RM Category,200 rm
464,2011,8,C.LK98,132
464,2011,8,P.LK98,7668254
464,2011,8,C.1K,32
464,2011,8,D.1K,1905080
464,2011,8,C.NLP3,100
464,2011,8,P.NLP3,5763174
464,2011,8,C_1K,32
464,2011,8,C_LK98,112.666666666667
464,2011,8,C_NLP3,80.6666666666667
464,2011,8,D_1K,1750000
464,2011,8,P_LK98,6333268.66666667
464,2011,8,P_NLP3,4583268.66666667
464,2011,8,Input_#3_C_1K,26.6666666666667
464,2011,8,Input_#3_C_LK98,108.666666666667
464,2011,8,Input_#3_C_NLP3,82
464,2011,8,Input_#3_D_1K,1452849.66666667
464,2011,8,Input_#3_P_LK98,5990577
464,2011,8,Input_#3_P_NLP3,4537727.33333333
465,2011,9,RM Category,200 rm
465,2011,9,C.LK98,130
465,2011,9,P.LK98,7281936
465,2011,9,C.1K,26
465,2011,9,D.1K,1486584
465,2011,9,C.NLP3,104
465,2011,9,P.NLP3,5795352
465,2011,9,C_1K,30
465,2011,9,C_LK98,122.666666666667
465,2011,9,C_NLP3,92.6666666666667
465,2011,9,D_1K,1736110.66666667
465,2011,9,P_LK98,6856996.66666667
465,2011,9,P_NLP3,5120886
465,2011,9,Input_#3_C_1K,29.6666666666667
465,2011,9,Input_#3_C_LK98,114
465,2011,9,Input_#3_C_NLP3,84.3333333333333
465,2011,9,Input_#3_D_1K,1624186.33333333
465,2011,9,Input_#3_P_LK98,6371599.66666667
465,2011,9,Input_#3_P_NLP3,4747413.33333333
466,2011,10,RM Category,200 rm
466,2011,10,C.LK98,140
466,2011,10,P.LK98,8403220
466,2011,10,C.1K,50
466,2011,10,D.1K,2994526
466,2011,10,C.NLP3,90
466,2011,10,P.NLP3,5408694
466,2011,10,C_1K,36
466,2011,10,C_LK98,134
466,2011,10,C_NLP3,98
466,2011,10,D_1K,2128730
466,2011,10,P_LK98,7784470
466,2011,10,P_NLP3,5655740
466,2011,10,Input_#3_C_1K,30.6666666666667
466,2011,10,Input_#3_C_LK98,118.333333333333
466,2011,10,Input_#3_C_NLP3,87.6666666666667
466,2011,10,Input_#3_D_1K,1737886.33333333
466,2011,10,Input_#3_P_LK98,6810898.66666667
466,2011,10,Input_#3_P_NLP3,5073012.33333333
467,2011,11,RM Category,200 rm
467,2011,11,C.LK98,98
467,2011,11,P.LK98,5474866
467,2011,11,C.1K,40
467,2011,11,D.1K,2275112
467,2011,11,C.NLP3,58
467,2011,11,P.NLP3,3199754
467,2011,11,C_1K,38.6666666666667
467,2011,11,C_LK98,122.666666666667
467,2011,11,C_NLP3,84
467,2011,11,D_1K,2252074
467,2011,11,P_LK98,7053340.66666667
467,2011,11,P_NLP3,4801266.66666667
467,2011,11,Input_#3_C_1K,35.3333333333333
467,2011,11,Input_#3_C_LK98,117.666666666667
467,2011,11,Input_#3_C_NLP3,82.3333333333333
467,2011,11,Input_#3_D_1K,2001037
467,2011,11,Input_#3_P_LK98,6693304.66666667
467,2011,11,Input_#3_P_NLP3,4692267.66666667
468,2011,12,RM Category,200 rm
468,2011,12,C.LK98,136
468,2011,12,P.LK98,7356510
468,2011,12,C.1K,52
468,2011,12,D.1K,2992528
468,2011,12,C.NLP3,84
468,2011,12,P.NLP3,4363982
468,2011,12,C_1K,47.3333333333333
468,2011,12,C_LK98,124.666666666667
468,2011,12,C_NLP3,77.3333333333333
468,2011,12,D_1K,2754055.33333333
468,2011,12,P_LK98,7078198.66666667
468,2011,12,P_NLP3,4324143.33333333
468,2011,12,Input_#3_C_1K,38.6666666666667
468,2011,12,Input_#3_C_LK98,123.666666666667
468,2011,12,Input_#3_C_NLP3,85
468,2011,12,Input_#3_D_1K,2245083
468,2011,12,Input_#3_P_LK98,6967597.66666667
468,2011,12,Input_#3_P_NLP3,4722514.66666667
469,2012,1,RM Category,200 rm
469,2012,1,C.LK98,72
469,2012,1,P.LK98,3852128
469,2012,1,C.1K,24
469,2012,1,D.1K,1432646
469,2012,1,C.NLP3,48
469,2012,1,P.NLP3,2419482
469,2012,1,C_1K,38.6666666666667
469,2012,1,C_LK98,102
469,2012,1,C_NLP3,63.3333333333333
469,2012,1,D_1K,2233428.66666667
469,2012,1,P_LK98,5561168
469,2012,1,P_NLP3,3327739.33333333
469,2012,1,Input_#3_C_1K,37.3333333333333
469,2012,1,Input_#3_C_LK98,118
469,2012,1,Input_#3_C_NLP3,80.6666666666667
469,2012,1,Input_#3_D_1K,2181079.33333333
469,2012,1,Input_#3_P_LK98,6672819
469,2012,1,Input_#3_P_NLP3,4491739.66666667
470,2012,2,RM Category,200 rm
470,2012,2,C.LK98,94
470,2012,2,P.LK98,4997302
470,2012,2,C.1K,20
470,2012,2,D.1K,1160458
470,2012,2,C.NLP3,74
470,2012,2,P.NLP3,3836844
470,2012,2,C_1K,32
470,2012,2,C_LK98,100.666666666667
470,2012,2,C_NLP3,68.6666666666667
470,2012,2,D_1K,1861877.33333333
470,2012,2,P_LK98,5401980
470,2012,2,P_NLP3,3540102.66666667
470,2012,2,Input_#3_C_1K,35.3333333333333
470,2012,2,Input_#3_C_LK98,111.666666666667
470,2012,2,Input_#3_C_NLP3,76.3333333333333
470,2012,2,Input_#3_D_1K,2056975.66666667
470,2012,2,Input_#3_P_LK98,6227660.33333333
470,2012,2,Input_#3_P_NLP3,4170684.66666667
471,2012,3,RM Category,200 rm
471,2012,3,C.LK98,90
471,2012,3,P.LK98,4572338
471,2012,3,C.1K,22
471,2012,3,D.1K,1220026
471,2012,3,C.NLP3,68
471,2012,3,P.NLP3,3352312
471,2012,3,C_1K,22
471,2012,3,C_LK98,85.3333333333333
471,2012,3,C_NLP3,63.3333333333333
471,2012,3,D_1K,1271043.33333333
471,2012,3,P_LK98,4473922.66666667
471,2012,3,P_NLP3,3202879.33333333
471,2012,3,Input_#3_C_1K,34.6666666666667
471,2012,3,Input_#3_C_LK98,105
471,2012,3,Input_#3_C_NLP3,70.3333333333333
471,2012,3,Input_#3_D_1K,2012549.33333333
471,2012,3,Input_#3_P_LK98,5776060.66666667
471,2012,3,Input_#3_P_NLP3,3763511.33333333
472,2012,4,RM Category,200 rm
472,2012,4,C.LK98,122
472,2012,4,P.LK98,7172232
472,2012,4,C.1K,40
472,2012,4,D.1K,2366694
472,2012,4,C.NLP3,82
472,2012,4,P.NLP3,4805538
472,2012,4,C_1K,27.3333333333333
472,2012,4,C_LK98,102
472,2012,4,C_NLP3,74.6666666666667
472,2012,4,D_1K,1582392.66666667
472,2012,4,P_LK98,5580624
472,2012,4,P_NLP3,3998231.33333333
472,2012,4,Input_#3_C_1K,33
472,2012,4,Input_#3_C_LK98,102
472,2012,4,Input_#3_C_NLP3,69
472,2012,4,Input_#3_D_1K,1907910.66666667
472,2012,4,Input_#3_P_LK98,5570896
472,2012,4,Input_#3_P_NLP3,3662985.33333333
473,2012,5,RM Category,200 rm
473,2012,5,C.LK98,114
473,2012,5,P.LK98,6550246
473,2012,5,C.1K,24
473,2012,5,D.1K,1358426
473,2012,5,C.NLP3,90
473,2012,5,P.NLP3,5191820
473,2012,5,C_1K,28.6666666666667
473,2012,5,C_LK98,108.666666666667
473,2012,5,C_NLP3,80
473,2012,5,D_1K,1648382
473,2012,5,P_LK98,6098272
473,2012,5,P_NLP3,4449890
473,2012,5,Input_#3_C_1K,30.3333333333333
473,2012,5,Input_#3_C_LK98,104.666666666667
473,2012,5,Input_#3_C_NLP3,74.3333333333333
473,2012,5,Input_#3_D_1K,1755129.66666667
473,2012,5,Input_#3_P_LK98,5750126
473,2012,5,Input_#3_P_NLP3,3994996.33333333
474,2012,6,RM Category,200 rm
474,2012,6,C.LK98,138
474,2012,6,P.LK98,7947044
474,2012,6,C.1K,46
474,2012,6,D.1K,2598584
474,2012,6,C.NLP3,92
474,2012,6,P.NLP3,5348460
474,2012,6,C_1K,36.6666666666667
474,2012,6,C_LK98,124.666666666667
474,2012,6,C_NLP3,88
474,2012,6,D_1K,2107901.33333333
474,2012,6,P_LK98,7223174
474,2012,6,P_NLP3,5115272.66666667
474,2012,6,Input_#3_C_1K,29.3333333333333
474,2012,6,Input_#3_C_LK98,105
474,2012,6,Input_#3_C_NLP3,75.6666666666667
474,2012,6,Input_#3_D_1K,1689472.33333333
474,2012,6,Input_#3_P_LK98,5848548.33333333
474,2012,6,Input_#3_P_NLP3,4159076
475,2012,7,RM Category,200 rm
475,2012,7,C.LK98,82
475,2012,7,P.LK98,4924616
475,2012,7,C.1K,22
475,2012,7,D.1K,1361286
475,2012,7,C.NLP3,60
475,2012,7,P.NLP3,3563330
475,2012,7,C_1K,30.6666666666667
475,2012,7,C_LK98,111.333333333333
475,2012,7,C_NLP3,80.6666666666667
475,2012,7,D_1K,1772765.33333333
475,2012,7,P_LK98,6473968.66666667
475,2012,7,P_NLP3,4701203.33333333
475,2012,7,Input_#3_C_1K,29
475,2012,7,Input_#3_C_LK98,106.666666666667
475,2012,7,Input_#3_C_NLP3,77.6666666666667
475,2012,7,Input_#3_D_1K,1677579
475,2012,7,Input_#3_P_LK98,6027296.33333333
475,2012,7,Input_#3_P_NLP3,4349717.33333333
476,2012,8,RM Category,200 rm
476,2012,8,C.LK98,92
476,2012,8,P.LK98,4960914
476,2012,8,C.1K,34
476,2012,8,D.1K,1960116
476,2012,8,C.NLP3,58
476,2012,8,P.NLP3,3000798
476,2012,8,C_1K,34
476,2012,8,C_LK98,104
476,2012,8,C_NLP3,70
476,2012,8,D_1K,1973328.66666667
476,2012,8,P_LK98,5944191.33333333
476,2012,8,P_NLP3,3970862.66666667
476,2012,8,Input_#3_C_1K,31.3333333333333
476,2012,8,Input_#3_C_LK98,106.333333333333
476,2012,8,Input_#3_C_NLP3,75
476,2012,8,Input_#3_D_1K,1810855.33333333
476,2012,8,Input_#3_P_LK98,6021231.66666667
476,2012,8,Input_#3_P_NLP3,4210376.33333333
477,2012,9,RM Category,200 rm
477,2012,9,C.LK98,128
477,2012,9,P.LK98,6919632
477,2012,9,C.1K,40
477,2012,9,D.1K,2306572
477,2012,9,C.NLP3,88
477,2012,9,P.NLP3,4613060
477,2012,9,C_1K,32
477,2012,9,C_LK98,100.666666666667
477,2012,9,C_NLP3,68.6666666666667
477,2012,9,D_1K,1875991.33333333
477,2012,9,P_LK98,5601720.66666667
477,2012,9,P_NLP3,3725729.33333333
477,2012,9,Input_#3_C_1K,34.3333333333333
477,2012,9,Input_#3_C_LK98,112.666666666667
477,2012,9,Input_#3_C_NLP3,78.3333333333333
477,2012,9,Input_#3_D_1K,1991946.33333333
477,2012,9,Input_#3_P_LK98,6412447.33333333
477,2012,9,Input_#3_P_NLP3,4420501
478,2012,10,RM Category,200 rm
478,2012,10,C.LK98,122
478,2012,10,P.LK98,7176638
478,2012,10,C.1K,32
478,2012,10,D.1K,1956740
478,2012,10,C.NLP3,90
478,2012,10,P.NLP3,5219898
478,2012,10,C_1K,35.3333333333333
478,2012,10,C_LK98,114
478,2012,10,C_NLP3,78.6666666666667
478,2012,10,D_1K,2074476
478,2012,10,P_LK98,6352394.66666667
478,2012,10,P_NLP3,4277918.66666667
478,2012,10,Input_#3_C_1K,33
478,2012,10,Input_#3_C_LK98,112.666666666667
478,2012,10,Input_#3_C_NLP3,79.6666666666667
478,2012,10,Input_#3_D_1K,1923620.66666667
478,2012,10,Input_#3_P_LK98,6413181.66666667
478,2012,10,Input_#3_P_NLP3,4489561
479,2012,11,RM Category,200 rm
479,2012,11,C.LK98,118
479,2012,11,P.LK98,7044790
479,2012,11,C.1K,42
479,2012,11,D.1K,2615268
479,2012,11,C.NLP3,76
479,2012,11,P.NLP3,4429522
479,2012,11,C_1K,38
479,2012,11,C_LK98,122.666666666667
479,2012,11,C_NLP3,84.6666666666667
479,2012,11,D_1K,2292860
479,2012,11,P_LK98,7047020
479,2012,11,P_NLP3,4754160
479,2012,11,Input_#3_C_1K,36
479,2012,11,Input_#3_C_LK98,113.333333333333
479,2012,11,Input_#3_C_NLP3,77.3333333333333
479,2012,11,Input_#3_D_1K,2133094.33333333
479,2012,11,Input_#3_P_LK98,6495605.66666667
479,2012,11,Input_#3_P_NLP3,4362511.33333333
480,2012,12,RM Category,200 rm
480,2012,12,C.LK98,158
480,2012,12,P.LK98,9961630
480,2012,12,C.1K,58
480,2012,12,D.1K,3512100
480,2012,12,C.NLP3,100
480,2012,12,P.NLP3,6449530
480,2012,12,C_1K,44
480,2012,12,C_LK98,132.666666666667
480,2012,12,C_NLP3,88.6666666666667
480,2012,12,D_1K,2694702.66666667
480,2012,12,P_LK98,8061019.33333333
480,2012,12,P_NLP3,5366316.66666667
480,2012,12,Input_#3_C_1K,38
480,2012,12,Input_#3_C_LK98,116.666666666667
480,2012,12,Input_#3_C_NLP3,78.6666666666667
480,2012,12,Input_#3_D_1K,2285347
480,2012,12,Input_#3_P_LK98,6831370
480,2012,12,Input_#3_P_NLP3,4546023
481,2013,1,RM Category,200 rm
481,2013,1,C.LK98,84
481,2013,1,P.LK98,4602536
481,2013,1,C.1K,24
481,2013,1,D.1K,1321590
481,2013,1,C.NLP3,60
481,2013,1,P.NLP3,3280946
481,2013,1,C_1K,41.3333333333333
481,2013,1,C_LK98,120
481,2013,1,C_NLP3,78.6666666666667
481,2013,1,D_1K,2482986
481,2013,1,P_LK98,7202985.33333333
481,2013,1,P_NLP3,4719999.33333333
481,2013,1,Input_#3_C_1K,38.3333333333333
481,2013,1,Input_#3_C_LK98,117
481,2013,1,Input_#3_C_NLP3,78.6666666666667
481,2013,1,Input_#3_D_1K,2278731
481,2013,1,Input_#3_P_LK98,6777690
481,2013,1,Input_#3_P_NLP3,4498959
482,2013,2,RM Category,200 rm
482,2013,2,C.LK98,114
482,2013,2,P.LK98,6085094
482,2013,2,C.1K,34
482,2013,2,D.1K,1984282
482,2013,2,C.NLP3,80
482,2013,2,P.NLP3,4100812
482,2013,2,C_1K,38.6666666666667
482,2013,2,C_LK98,118.666666666667
482,2013,2,C_NLP3,80
482,2013,2,D_1K,2272657.33333333
482,2013,2,P_LK98,6883086.66666667
482,2013,2,P_NLP3,4610429.33333333
482,2013,2,Input_#3_C_1K,38.3333333333333
482,2013,2,Input_#3_C_LK98,120.666666666667
482,2013,2,Input_#3_C_NLP3,82.3333333333333
482,2013,2,Input_#3_D_1K,2282758.66666667
482,2013,2,Input_#3_P_LK98,6965053.33333333
482,2013,2,Input_#3_P_NLP3,4682294.66666667
483,2013,3,RM Category,200 rm
483,2013,3,C.LK98,168
483,2013,3,P.LK98,8727594
483,2013,3,C.1K,46
483,2013,3,D.1K,2836376
483,2013,3,C.NLP3,122
483,2013,3,P.NLP3,5891218
483,2013,3,C_1K,34.6666666666667
483,2013,3,C_LK98,122
483,2013,3,C_NLP3,87.3333333333333
483,2013,3,D_1K,2047416
483,2013,3,P_LK98,6471741.33333333
483,2013,3,P_NLP3,4424325.33333333
483,2013,3,Input_#3_C_1K,39.3333333333333
483,2013,3,Input_#3_C_LK98,127.333333333333
483,2013,3,Input_#3_C_NLP3,88
483,2013,3,Input_#3_D_1K,2371059.33333333
483,2013,3,Input_#3_P_LK98,7266380.33333333
483,2013,3,Input_#3_P_NLP3,4895321
484,2013,4,RM Category,200 rm
484,2013,4,C.LK98,120
484,2013,4,P.LK98,6716606
484,2013,4,C.1K,42
484,2013,4,D.1K,2611078
484,2013,4,C.NLP3,78
484,2013,4,P.NLP3,4105528
484,2013,4,C_1K,40.6666666666667
484,2013,4,C_LK98,134
484,2013,4,C_NLP3,93.3333333333333
484,2013,4,D_1K,2477245.33333333
484,2013,4,P_LK98,7176431.33333333
484,2013,4,P_NLP3,4699186
484,2013,4,Input_#3_C_1K,41
484,2013,4,Input_#3_C_LK98,127
484,2013,4,Input_#3_C_NLP3,86
484,2013,4,Input_#3_D_1K,2480115.66666667
484,2013,4,Input_#3_P_LK98,7189708.33333333
484,2013,4,Input_#3_P_NLP3,4709592.66666667
485,2013,5,RM Category,200 rm
485,2013,5,C.LK98,134
485,2013,5,P.LK98,7599226
485,2013,5,C.1K,48
485,2013,5,D.1K,3218934
485,2013,5,C.NLP3,86
485,2013,5,P.NLP3,4380292
485,2013,5,C_1K,45.3333333333333
485,2013,5,C_LK98,140.666666666667
485,2013,5,C_NLP3,95.3333333333333
485,2013,5,D_1K,2888796
485,2013,5,P_LK98,7681142
485,2013,5,P_NLP3,4792346
485,2013,5,Input_#3_C_1K,42
485,2013,5,Input_#3_C_LK98,129.666666666667
485,2013,5,Input_#3_C_NLP3,87.6666666666667
485,2013,5,Input_#3_D_1K,2580726.66666667
485,2013,5,Input_#3_P_LK98,7282114.33333333
485,2013,5,Input_#3_P_NLP3,4701387.66666667
486,2013,6,RM Category,200 rm
486,2013,6,C.LK98,122
486,2013,6,P.LK98,6821956
486,2013,6,C.1K,50
486,2013,6,D.1K,3026358
486,2013,6,C.NLP3,72
486,2013,6,P.NLP3,3795598
486,2013,6,C_1K,46.6666666666667
486,2013,6,C_LK98,125.333333333333
486,2013,6,C_NLP3,78.6666666666667
486,2013,6,D_1K,2952123.33333333
486,2013,6,P_LK98,7045929.33333333
486,2013,6,P_NLP3,4093806
486,2013,6,Input_#3_C_1K,40.6666666666667
486,2013,6,Input_#3_C_LK98,123.666666666667
486,2013,6,Input_#3_C_NLP3,83
486,2013,6,Input_#3_D_1K,2499769.66666667
486,2013,6,Input_#3_P_LK98,6758835.33333333
486,2013,6,Input_#3_P_NLP3,4259065.66666667
487,2013,7,RM Category,200 rm
487,2013,7,C.LK98,90
487,2013,7,P.LK98,4900274
487,2013,7,C.1K,20
487,2013,7,D.1K,1255136
487,2013,7,C.NLP3,70
487,2013,7,P.NLP3,3645138
487,2013,7,C_1K,39.3333333333333
487,2013,7,C_LK98,115.333333333333
487,2013,7,C_NLP3,76
487,2013,7,D_1K,2500142.66666667
487,2013,7,P_LK98,6440485.33333333
487,2013,7,P_NLP3,3940342.66666667
487,2013,7,Input_#3_C_1K,40
487,2013,7,Input_#3_C_LK98,124.666666666667
487,2013,7,Input_#3_C_NLP3,84.6666666666667
487,2013,7,Input_#3_D_1K,2488694
487,2013,7,Input_#3_P_LK98,6808458.33333333
487,2013,7,Input_#3_P_NLP3,4319764.33333333
488,2013,8,RM Category,200 rm
488,2013,8,C.LK98,128
488,2013,8,P.LK98,7248310
488,2013,8,C.1K,50
488,2013,8,D.1K,2793578
488,2013,8,C.NLP3,78
488,2013,8,P.NLP3,4454732
488,2013,8,C_1K,40
488,2013,8,C_LK98,113.333333333333
488,2013,8,C_NLP3,73.3333333333333
488,2013,8,D_1K,2358357.33333333
488,2013,8,P_LK98,6323513.33333333
488,2013,8,P_NLP3,3965156
488,2013,8,Input_#3_C_1K,42.6666666666667
488,2013,8,Input_#3_C_LK98,127
488,2013,8,Input_#3_C_NLP3,84.3333333333333
488,2013,8,Input_#3_D_1K,2623576.66666667
488,2013,8,Input_#3_P_LK98,7002327.66666667
488,2013,8,Input_#3_P_NLP3,4378751
489,2013,9,RM Category,200 rm
489,2013,9,C.LK98,94
489,2013,9,P.LK98,5059236
489,2013,9,C.1K,38
489,2013,9,D.1K,2268500
489,2013,9,C.NLP3,56
489,2013,9,P.NLP3,2790736
489,2013,9,C_1K,36
489,2013,9,C_LK98,104
489,2013,9,C_NLP3,68
489,2013,9,D_1K,2105738
489,2013,9,P_LK98,5735940
489,2013,9,P_NLP3,3630202
489,2013,9,Input_#3_C_1K,41.3333333333333
489,2013,9,Input_#3_C_LK98,114.666666666667
489,2013,9,Input_#3_C_NLP3,73.3333333333333
489,2013,9,Input_#3_D_1K,2528930.66666667
489,2013,9,Input_#3_P_LK98,6390934.66666667
489,2013,9,Input_#3_P_NLP3,3862004
490,2013,10,RM Category,200 rm
490,2013,10,C.LK98,100
490,2013,10,P.LK98,5304648
490,2013,10,C.1K,16
490,2013,10,D.1K,943614
490,2013,10,C.NLP3,84
490,2013,10,P.NLP3,4361034
490,2013,10,C_1K,34.6666666666667
490,2013,10,C_LK98,107.333333333333
490,2013,10,C_NLP3,72.6666666666667
490,2013,10,D_1K,2001897.33333333
490,2013,10,P_LK98,5870731.33333333
490,2013,10,P_NLP3,3868834
490,2013,10,Input_#3_C_1K,37
490,2013,10,Input_#3_C_LK98,111.333333333333
490,2013,10,Input_#3_C_NLP3,74.3333333333333
490,2013,10,Input_#3_D_1K,2251020
490,2013,10,Input_#3_P_LK98,6155608.33333333
490,2013,10,Input_#3_P_NLP3,3904588.33333333
491,2013,11,RM Category,200 rm
491,2013,11,C.LK98,130
491,2013,11,P.LK98,7223972
491,2013,11,C.1K,30
491,2013,11,D.1K,1936670
491,2013,11,C.NLP3,100
491,2013,11,P.NLP3,5287302
491,2013,11,C_1K,28
491,2013,11,C_LK98,108
491,2013,11,C_NLP3,80
491,2013,11,D_1K,1716261.33333333
491,2013,11,P_LK98,5862618.66666667
491,2013,11,P_NLP3,4146357.33333333
491,2013,11,Input_#3_C_1K,34
491,2013,11,Input_#3_C_LK98,110.666666666667
491,2013,11,Input_#3_C_NLP3,76.6666666666667
491,2013,11,Input_#3_D_1K,2037309.33333333
491,2013,11,Input_#3_P_LK98,6093066
491,2013,11,Input_#3_P_NLP3,4055756.66666667
492,2013,12,RM Category,200 rm
492,2013,12,C.LK98,192
492,2013,12,P.LK98,10877232
492,2013,12,C.1K,82
492,2013,12,D.1K,4922900
492,2013,12,C.NLP3,110
492,2013,12,P.NLP3,5954332
492,2013,12,C_1K,42.6666666666667
492,2013,12,C_LK98,140.666666666667
492,2013,12,C_NLP3,98
492,2013,12,D_1K,2601061.33333333
492,2013,12,P_LK98,7801950.66666667
492,2013,12,P_NLP3,5200889.33333333
492,2013,12,Input_#3_C_1K,39.3333333333333
492,2013,12,Input_#3_C_LK98,122.333333333333
492,2013,12,Input_#3_C_NLP3,83
492,2013,12,Input_#3_D_1K,2353399.66666667
492,2013,12,Input_#3_P_LK98,6768945.33333333
492,2013,12,Input_#3_P_NLP3,4415545.66666667
493,2014,1,RM Category,200 rm
493,2014,1,C.LK98,86
493,2014,1,P.LK98,4708110
493,2014,1,C.1K,22
493,2014,1,D.1K,1296438
493,2014,1,C.NLP3,64
493,2014,1,P.NLP3,3411672
493,2014,1,C_1K,44.6666666666667
493,2014,1,C_LK98,136
493,2014,1,C_NLP3,91.3333333333333
493,2014,1,D_1K,2718669.33333333
493,2014,1,P_LK98,7603104.66666667
493,2014,1,P_NLP3,4884435.33333333
493,2014,1,Input_#3_C_1K,39.6666666666667
493,2014,1,Input_#3_C_LK98,121.666666666667
493,2014,1,Input_#3_C_NLP3,82
493,2014,1,Input_#3_D_1K,2360283.33333333
493,2014,1,Input_#3_P_LK98,6736918
493,2014,1,Input_#3_P_NLP3,4376634.66666667
494,2014,2,RM Category,200 rm
494,2014,2,C.LK98,96
494,2014,2,P.LK98,5561206
494,2014,2,C.1K,30
494,2014,2,D.1K,1948348
494,2014,2,C.NLP3,66
494,2014,2,P.NLP3,3612858
494,2014,2,C_1K,44.6666666666667
494,2014,2,C_LK98,124.666666666667
494,2014,2,C_NLP3,80
494,2014,2,D_1K,2722562
494,2014,2,P_LK98,7048849.33333333
494,2014,2,P_NLP3,4326287.33333333
494,2014,2,Input_#3_C_1K,36.3333333333333
494,2014,2,Input_#3_C_LK98,116.333333333333
494,2014,2,Input_#3_C_NLP3,80
494,2014,2,Input_#3_D_1K,2219411.66666667
494,2014,2,Input_#3_P_LK98,6455734
494,2014,2,Input_#3_P_NLP3,4236322.33333333
495,2014,3,RM Category,200 rm
495,2014,3,C.LK98,98
495,2014,3,P.LK98,5465090
495,2014,3,C.1K,20
495,2014,3,D.1K,1064398
495,2014,3,C.NLP3,78
495,2014,3,P.NLP3,4400692
495,2014,3,C_1K,24
495,2014,3,C_LK98,93.3333333333333
495,2014,3,C_NLP3,69.3333333333333
495,2014,3,D_1K,1436394.66666667
495,2014,3,P_LK98,5244802
495,2014,3,P_NLP3,3808407.33333333
495,2014,3,Input_#3_C_1K,33.3333333333333
495,2014,3,Input_#3_C_LK98,117
495,2014,3,Input_#3_C_NLP3,83.6666666666667
495,2014,3,Input_#3_D_1K,2018728
495,2014,3,Input_#3_P_LK98,6523376.33333333
495,2014,3,Input_#3_P_NLP3,4504648.33333333
496,2014,4,RM Category,200 rm
496,2014,4,C.LK98,82
496,2014,4,P.LK98,4998256
496,2014,4,C.1K,26
496,2014,4,D.1K,1402914
496,2014,4,C.NLP3,56
496,2014,4,P.NLP3,3595342
496,2014,4,C_1K,25.3333333333333
496,2014,4,C_LK98,92
496,2014,4,C_NLP3,66.6666666666667
496,2014,4,D_1K,1471886.66666667
496,2014,4,P_LK98,5341517.33333333
496,2014,4,P_NLP3,3869630.66666667
496,2014,4,Input_#3_C_1K,35
496,2014,4,Input_#3_C_LK98,114
496,2014,4,Input_#3_C_NLP3,79
496,2014,4,Input_#3_D_1K,2095278
496,2014,4,Input_#3_P_LK98,6472311
496,2014,4,Input_#3_P_NLP3,4377033
497,2014,5,RM Category,200 rm
497,2014,5,C.LK98,90
497,2014,5,P.LK98,5304034
497,2014,5,C.1K,22
497,2014,5,D.1K,1274547.2
497,2014,5,C.NLP3,68
497,2014,5,P.NLP3,4029486.8
497,2014,5,C_1K,22.6666666666667
497,2014,5,C_LK98,90
497,2014,5,C_NLP3,67.3333333333333
497,2014,5,D_1K,1247286.4
497,2014,5,P_LK98,5255793.33333333
497,2014,5,P_NLP3,4008506.93333333
497,2014,5,Input_#3_C_1K,33.6666666666667
497,2014,5,Input_#3_C_LK98,107.333333333333
497,2014,5,Input_#3_C_NLP3,73.6666666666667
497,2014,5,Input_#3_D_1K,1984924.2
497,2014,5,Input_#3_P_LK98,6152321.33333333
497,2014,5,Input_#3_P_NLP3,4167397.13333333
498,2014,6,RM Category,200 rm
498,2014,6,C.LK98,118
498,2014,6,P.LK98,6364976
498,2014,6,C.1K,24
498,2014,6,D.1K,1384035.16
498,2014,6,C.NLP3,94
498,2014,6,P.NLP3,4980940.84
498,2014,6,C_1K,24
498,2014,6,C_LK98,96.6666666666667
498,2014,6,C_NLP3,72.6666666666667
498,2014,6,D_1K,1353832.12
498,2014,6,P_LK98,5555755.33333333
498,2014,6,P_NLP3,4201923.21333333
498,2014,6,Input_#3_C_1K,24
498,2014,6,Input_#3_C_LK98,95
498,2014,6,Input_#3_C_NLP3,71
498,2014,6,Input_#3_D_1K,1395113.39333333
498,2014,6,Input_#3_P_LK98,5400278.66666667
498,2014,6,Input_#3_P_NLP3,4005165.27333333
499,2014,7,RM Category,200 rm
499,2014,7,C.LK98,
499,2014,7,P.LK98,
499,2014,7,C.1K,
499,2014,7,D.1K,
499,2014,7,C.NLP3,
499,2014,7,P.NLP3,
499,2014,7,C_1K,15.3333333333333
499,2014,7,C_LK98,69.3333333333333
499,2014,7,C_NLP3,54
499,2014,7,D_1K,886194.12
499,2014,7,P_LK98,3889670
499,2014,7,P_NLP3,3003475.88
499,2014,7,Input_#3_C_1K,20.3333333333333
499,2014,7,Input_#3_C_LK98,80.6666666666667
499,2014,7,Input_#3_C_NLP3,60.3333333333333
499,2014,7,Input_#3_D_1K,1179040.39333333
499,2014,7,Input_#3_P_LK98,4615593.66666667
499,2014,7,Input_#3_P_NLP3,3436553.27333333
500,2014,8,RM Category,200 rm
500,2014,8,C.LK98,
500,2014,8,P.LK98,
500,2014,8,C.1K,
500,2014,8,D.1K,
500,2014,8,C.NLP3,
500,2014,8,P.NLP3,
500,2014,8,C_1K,8
500,2014,8,C_LK98,39.3333333333333
500,2014,8,C_NLP3,31.3333333333333
500,2014,8,D_1K,461345.053333333
500,2014,8,P_LK98,2121658.66666667
500,2014,8,P_NLP3,1660313.61333333
500,2014,8,Input_#3_C_1K,15.3333333333333
500,2014,8,Input_#3_C_LK98,64.6666666666667
500,2014,8,Input_#3_C_NLP3,49.3333333333333
500,2014,8,Input_#3_D_1K,854315.726666667
500,2014,8,Input_#3_P_LK98,3688726
500,2014,8,Input_#3_P_NLP3,2834410.27333333
501,2014,9,RM Category,200 rm
501,2014,9,C.LK98,
501,2014,9,P.LK98,
501,2014,9,C.1K,
501,2014,9,D.1K,
501,2014,9,C.NLP3,
501,2014,9,P.NLP3,
501,2014,9,C_1K,0
501,2014,9,C_LK98,0
501,2014,9,C_NLP3,0
501,2014,9,D_1K,0
501,2014,9,P_LK98,0
501,2014,9,P_NLP3,0
501,2014,9,Input_#3_C_1K,12
501,2014,9,Input_#3_C_LK98,48.3333333333333
501,2014,9,Input_#3_C_NLP3,36.3333333333333
501,2014,9,Input_#3_D_1K,676916.06
501,2014,9,Input_#3_P_LK98,2777877.66666667
501,2014,9,Input_#3_P_NLP3,2100961.60666667
502,2014,10,RM Category,200 rm
502,2014,10,C.LK98,
502,2014,10,P.LK98,
502,2014,10,C.1K,
502,2014,10,D.1K,
502,2014,10,C.NLP3,
502,2014,10,P.NLP3,
502,2014,10,C_1K,0
502,2014,10,C_LK98,0
502,2014,10,C_NLP3,0
502,2014,10,D_1K,0
502,2014,10,P_LK98,0
502,2014,10,P_NLP3,0
502,2014,10,Input_#3_C_1K,7.66666666666667
502,2014,10,Input_#3_C_LK98,34.6666666666667
502,2014,10,Input_#3_C_NLP3,27
502,2014,10,Input_#3_D_1K,443097.06
502,2014,10,Input_#3_P_LK98,1944835
502,2014,10,Input_#3_P_NLP3,1501737.94
503,2014,11,RM Category,200 rm
503,2014,11,C.LK98,
503,2014,11,P.LK98,
503,2014,11,C.1K,
503,2014,11,D.1K,
503,2014,11,C.NLP3,
503,2014,11,P.NLP3,
503,2014,11,C_1K,0
503,2014,11,C_LK98,0
503,2014,11,C_NLP3,0
503,2014,11,D_1K,0
503,2014,11,P_LK98,0
503,2014,11,P_NLP3,0
503,2014,11,Input_#3_C_1K,4
503,2014,11,Input_#3_C_LK98,19.6666666666667
503,2014,11,Input_#3_C_NLP3,15.6666666666667
503,2014,11,Input_#3_D_1K,230672.526666667
503,2014,11,Input_#3_P_LK98,1060829.33333333
503,2014,11,Input_#3_P_NLP3,830156.806666667
504,2014,12,RM Category,200 rm
504,2014,12,C.LK98,
504,2014,12,P.LK98,
504,2014,12,C.1K,
504,2014,12,D.1K,
504,2014,12,C.NLP3,
504,2014,12,P.NLP3,
504,2014,12,C_1K,0
504,2014,12,C_LK98,0
504,2014,12,C_NLP3,0
504,2014,12,D_1K,0
504,2014,12,P_LK98,0
504,2014,12,P_NLP3,0
504,2014,12,Input_#3_C_1K,0
504,2014,12,Input_#3_C_LK98,0
504,2014,12,Input_#3_C_NLP3,0
504,2014,12,Input_#3_D_1K,0
504,2014,12,Input_#3_P_LK98,0
504,2014,12,Input_#3_P_NLP3,0
505,2009,1,RM Category,25 rm
505,2009,1,C.LK98,258
505,2009,1,P.LK98,2667756
505,2009,1,C.1K,58
505,2009,1,D.1K,623730
505,2009,1,C.NLP3,200
505,2009,1,P.NLP3,2044026
505,2009,1,C_1K,58
505,2009,1,C_LK98,258
505,2009,1,C_NLP3,200
505,2009,1,D_1K,623730
505,2009,1,P_LK98,2667756
505,2009,1,P_NLP3,2044026
505,2009,1,Input_#3_C_1K,9.66666666666667
505,2009,1,Input_#3_C_LK98,43
505,2009,1,Input_#3_C_NLP3,33.3333333333333
505,2009,1,Input_#3_D_1K,103955
505,2009,1,Input_#3_P_LK98,444626
505,2009,1,Input_#3_P_NLP3,340671
506,2009,2,RM Category,25 rm
506,2009,2,C.LK98,256
506,2009,2,P.LK98,2474360
506,2009,2,C.1K,58
506,2009,2,D.1K,567570
506,2009,2,C.NLP3,198
506,2009,2,P.NLP3,1906790
506,2009,2,C_1K,58
506,2009,2,C_LK98,257.333333333333
506,2009,2,C_NLP3,199.333333333333
506,2009,2,D_1K,605010
506,2009,2,P_LK98,2603290.66666667
506,2009,2,P_NLP3,1998280.66666667
506,2009,2,Input_#3_C_1K,19.3333333333333
506,2009,2,Input_#3_C_LK98,85.6666666666667
506,2009,2,Input_#3_C_NLP3,66.3333333333333
506,2009,2,Input_#3_D_1K,198550
506,2009,2,Input_#3_P_LK98,857019.333333333
506,2009,2,Input_#3_P_NLP3,658469.333333333
507,2009,3,RM Category,25 rm
507,2009,3,C.LK98,248
507,2009,3,P.LK98,2360076
507,2009,3,C.1K,44
507,2009,3,D.1K,429842
507,2009,3,C.NLP3,204
507,2009,3,P.NLP3,1930234
507,2009,3,C_1K,53.3333333333333
507,2009,3,C_LK98,254
507,2009,3,C_NLP3,200.666666666667
507,2009,3,D_1K,540380.666666667
507,2009,3,P_LK98,2500730.66666667
507,2009,3,P_NLP3,1960350
507,2009,3,Input_#3_C_1K,26.6666666666667
507,2009,3,Input_#3_C_LK98,127
507,2009,3,Input_#3_C_NLP3,100.333333333333
507,2009,3,Input_#3_D_1K,270190.333333333
507,2009,3,Input_#3_P_LK98,1250365.33333333
507,2009,3,Input_#3_P_NLP3,980175
508,2009,4,RM Category,25 rm
508,2009,4,C.LK98,206
508,2009,4,P.LK98,1885504
508,2009,4,C.1K,58
508,2009,4,D.1K,566652
508,2009,4,C.NLP3,148
508,2009,4,P.NLP3,1318852
508,2009,4,C_1K,53.3333333333333
508,2009,4,C_LK98,236.666666666667
508,2009,4,C_NLP3,183.333333333333
508,2009,4,D_1K,521354.666666667
508,2009,4,P_LK98,2239980
508,2009,4,P_NLP3,1718625.33333333
508,2009,4,Input_#3_C_1K,36.3333333333333
508,2009,4,Input_#3_C_LK98,161.333333333333
508,2009,4,Input_#3_C_NLP3,125
508,2009,4,Input_#3_D_1K,364632.333333333
508,2009,4,Input_#3_P_LK98,1564616
508,2009,4,Input_#3_P_NLP3,1199983.66666667
509,2009,5,RM Category,25 rm
509,2009,5,C.LK98,198
509,2009,5,P.LK98,1984324
509,2009,5,C.1K,64
509,2009,5,D.1K,701406
509,2009,5,C.NLP3,134
509,2009,5,P.NLP3,1282918
509,2009,5,C_1K,55.3333333333333
509,2009,5,C_LK98,217.333333333333
509,2009,5,C_NLP3,162
509,2009,5,D_1K,565966.666666667
509,2009,5,P_LK98,2076634.66666667
509,2009,5,P_NLP3,1510668
509,2009,5,Input_#3_C_1K,47
509,2009,5,Input_#3_C_LK98,194.333333333333
509,2009,5,Input_#3_C_NLP3,147.333333333333
509,2009,5,Input_#3_D_1K,481533.333333333
509,2009,5,Input_#3_P_LK98,1895336.66666667
509,2009,5,Input_#3_P_NLP3,1413803.33333333
510,2009,6,RM Category,25 rm
510,2009,6,C.LK98,224
510,2009,6,P.LK98,2117530
510,2009,6,C.1K,64
510,2009,6,D.1K,568466
510,2009,6,C.NLP3,160
510,2009,6,P.NLP3,1549064
510,2009,6,C_1K,62
510,2009,6,C_LK98,209.333333333333
510,2009,6,C_NLP3,147.333333333333
510,2009,6,D_1K,612174.666666667
510,2009,6,P_LK98,1995786
510,2009,6,P_NLP3,1383611.33333333
510,2009,6,Input_#3_C_1K,57.6666666666667
510,2009,6,Input_#3_C_LK98,231.666666666667
510,2009,6,Input_#3_C_NLP3,174
510,2009,6,Input_#3_D_1K,576277.666666667
510,2009,6,Input_#3_P_LK98,2248258.33333333
510,2009,6,Input_#3_P_NLP3,1671980.66666667
511,2009,7,RM Category,25 rm
511,2009,7,C.LK98,202
511,2009,7,P.LK98,1832690
511,2009,7,C.1K,60
511,2009,7,D.1K,547706
511,2009,7,C.NLP3,142
511,2009,7,P.NLP3,1284984
511,2009,7,C_1K,62.6666666666667
511,2009,7,C_LK98,208
511,2009,7,C_NLP3,145.333333333333
511,2009,7,D_1K,605859.333333333
511,2009,7,P_LK98,1978181.33333333
511,2009,7,P_NLP3,1372322
511,2009,7,Input_#3_C_1K,58
511,2009,7,Input_#3_C_LK98,222.333333333333
511,2009,7,Input_#3_C_NLP3,164.333333333333
511,2009,7,Input_#3_D_1K,563607
511,2009,7,Input_#3_P_LK98,2109080.66666667
511,2009,7,Input_#3_P_NLP3,1545473.66666667
512,2009,8,RM Category,25 rm
512,2009,8,C.LK98,188
512,2009,8,P.LK98,1739934
512,2009,8,C.1K,38
512,2009,8,D.1K,351244
512,2009,8,C.NLP3,150
512,2009,8,P.NLP3,1388690
512,2009,8,C_1K,54
512,2009,8,C_LK98,204.666666666667
512,2009,8,C_NLP3,150.666666666667
512,2009,8,D_1K,489138.666666667
512,2009,8,P_LK98,1896718
512,2009,8,P_NLP3,1407579.33333333
512,2009,8,Input_#3_C_1K,54.6666666666667
512,2009,8,Input_#3_C_LK98,211
512,2009,8,Input_#3_C_NLP3,156.333333333333
512,2009,8,Input_#3_D_1K,527552.666666667
512,2009,8,Input_#3_P_LK98,1986676.33333333
512,2009,8,Input_#3_P_NLP3,1459123.66666667
513,2009,9,RM Category,25 rm
513,2009,9,C.LK98,248
513,2009,9,P.LK98,2266388
513,2009,9,C.1K,86
513,2009,9,D.1K,771214
513,2009,9,C.NLP3,162
513,2009,9,P.NLP3,1495174
513,2009,9,C_1K,61.3333333333333
513,2009,9,C_LK98,212.666666666667
513,2009,9,C_NLP3,151.333333333333
513,2009,9,D_1K,556721.333333333
513,2009,9,P_LK98,1946337.33333333
513,2009,9,P_NLP3,1389616
513,2009,9,Input_#3_C_1K,61.6666666666667
513,2009,9,Input_#3_C_LK98,211
513,2009,9,Input_#3_C_NLP3,149.333333333333
513,2009,9,Input_#3_D_1K,584448
513,2009,9,Input_#3_P_LK98,1971061.66666667
513,2009,9,Input_#3_P_NLP3,1386613.66666667
514,2009,10,RM Category,25 rm
514,2009,10,C.LK98,216
514,2009,10,P.LK98,2163822
514,2009,10,C.1K,70
514,2009,10,D.1K,663040
514,2009,10,C.NLP3,146
514,2009,10,P.NLP3,1500782
514,2009,10,C_1K,64.6666666666667
514,2009,10,C_LK98,217.333333333333
514,2009,10,C_NLP3,152.666666666667
514,2009,10,D_1K,595166
514,2009,10,P_LK98,2056714.66666667
514,2009,10,P_NLP3,1461548.66666667
514,2009,10,Input_#3_C_1K,63.6666666666667
514,2009,10,Input_#3_C_LK98,212.666666666667
514,2009,10,Input_#3_C_NLP3,149
514,2009,10,Input_#3_D_1K,600512.666666667
514,2009,10,Input_#3_P_LK98,2017448
514,2009,10,Input_#3_P_NLP3,1416935.33333333
515,2009,11,RM Category,25 rm
515,2009,11,C.LK98,288
515,2009,11,P.LK98,2669900
515,2009,11,C.1K,98
515,2009,11,D.1K,922138
515,2009,11,C.NLP3,190
515,2009,11,P.NLP3,1747762
515,2009,11,C_1K,84.6666666666667
515,2009,11,C_LK98,250.666666666667
515,2009,11,C_NLP3,166
515,2009,11,D_1K,785464
515,2009,11,P_LK98,2366703.33333333
515,2009,11,P_NLP3,1581239.33333333
515,2009,11,Input_#3_C_1K,69.3333333333333
515,2009,11,Input_#3_C_LK98,227.666666666667
515,2009,11,Input_#3_C_NLP3,158.333333333333
515,2009,11,Input_#3_D_1K,637301.333333333
515,2009,11,Input_#3_P_LK98,2131710.66666667
515,2009,11,Input_#3_P_NLP3,1494409.33333333
516,2009,12,RM Category,25 rm
516,2009,12,C.LK98,248
516,2009,12,P.LK98,2307266
516,2009,12,C.1K,80
516,2009,12,D.1K,726808
516,2009,12,C.NLP3,168
516,2009,12,P.NLP3,1580458
516,2009,12,C_1K,82.6666666666667
516,2009,12,C_LK98,250.666666666667
516,2009,12,C_NLP3,168
516,2009,12,D_1K,770662
516,2009,12,P_LK98,2380329.33333333
516,2009,12,P_NLP3,1609667.33333333
516,2009,12,Input_#3_C_1K,72
516,2009,12,Input_#3_C_LK98,231.666666666667
516,2009,12,Input_#3_C_NLP3,159.666666666667
516,2009,12,Input_#3_D_1K,663691.666666667
516,2009,12,Input_#3_P_LK98,2163333.33333333
516,2009,12,Input_#3_P_NLP3,1499641.66666667
517,2010,1,RM Category,25 rm
517,2010,1,C.LK98,218
517,2010,1,P.LK98,2022848
517,2010,1,C.1K,36
517,2010,1,D.1K,315670
517,2010,1,C.NLP3,182
517,2010,1,P.NLP3,1707178
517,2010,1,C_1K,71.3333333333333
517,2010,1,C_LK98,251.333333333333
517,2010,1,C_NLP3,180
517,2010,1,D_1K,654872
517,2010,1,P_LK98,2333338
517,2010,1,P_NLP3,1678466
517,2010,1,Input_#3_C_1K,68
517,2010,1,Input_#3_C_LK98,234.333333333333
517,2010,1,Input_#3_C_NLP3,166.333333333333
517,2010,1,Input_#3_D_1K,625019
517,2010,1,Input_#3_P_LK98,2195026.33333333
517,2010,1,Input_#3_P_NLP3,1570007.33333333
518,2010,2,RM Category,25 rm
518,2010,2,C.LK98,218
518,2010,2,P.LK98,2060896
518,2010,2,C.1K,44
518,2010,2,D.1K,399162
518,2010,2,C.NLP3,174
518,2010,2,P.NLP3,1661734
518,2010,2,C_1K,53.3333333333333
518,2010,2,C_LK98,228
518,2010,2,C_NLP3,174.666666666667
518,2010,2,D_1K,480546.666666667
518,2010,2,P_LK98,2130336.66666667
518,2010,2,P_NLP3,1649790
518,2010,2,Input_#3_C_1K,69
518,2010,2,Input_#3_C_LK98,239.333333333333
518,2010,2,Input_#3_C_NLP3,170.333333333333
518,2010,2,Input_#3_D_1K,633005.333333333
518,2010,2,Input_#3_P_LK98,2248520
518,2010,2,Input_#3_P_NLP3,1615514.66666667
519,2010,3,RM Category,25 rm
519,2010,3,C.LK98,314
519,2010,3,P.LK98,3020548
519,2010,3,C.1K,60
519,2010,3,D.1K,545808
519,2010,3,C.NLP3,254
519,2010,3,P.NLP3,2474740
519,2010,3,C_1K,46.6666666666667
519,2010,3,C_LK98,250
519,2010,3,C_NLP3,203.333333333333
519,2010,3,D_1K,420213.333333333
519,2010,3,P_LK98,2368097.33333333
519,2010,3,P_NLP3,1947884
519,2010,3,Input_#3_C_1K,64.6666666666667
519,2010,3,Input_#3_C_LK98,250.333333333333
519,2010,3,Input_#3_C_NLP3,185.666666666667
519,2010,3,Input_#3_D_1K,595437.666666667
519,2010,3,Input_#3_P_LK98,2374213.33333333
519,2010,3,Input_#3_P_NLP3,1778775.66666667
520,2010,4,RM Category,25 rm
520,2010,4,C.LK98,252
520,2010,4,P.LK98,2458278
520,2010,4,C.1K,80
520,2010,4,D.1K,779664
520,2010,4,C.NLP3,172
520,2010,4,P.NLP3,1678614
520,2010,4,C_1K,61.3333333333333
520,2010,4,C_LK98,261.333333333333
520,2010,4,C_NLP3,200
520,2010,4,D_1K,574878
520,2010,4,P_LK98,2513240.66666667
520,2010,4,P_NLP3,1938362.66666667
520,2010,4,Input_#3_C_1K,66.3333333333333
520,2010,4,Input_#3_C_LK98,256.333333333333
520,2010,4,Input_#3_C_NLP3,190
520,2010,4,Input_#3_D_1K,614875
520,2010,4,Input_#3_P_LK98,2423289.33333333
520,2010,4,Input_#3_P_NLP3,1808414.33333333
521,2010,5,RM Category,25 rm
521,2010,5,C.LK98,208
521,2010,5,P.LK98,2060964
521,2010,5,C.1K,46
521,2010,5,D.1K,507038
521,2010,5,C.NLP3,162
521,2010,5,P.NLP3,1553926
521,2010,5,C_1K,62
521,2010,5,C_LK98,258
521,2010,5,C_NLP3,196
521,2010,5,D_1K,610836.666666667
521,2010,5,P_LK98,2513263.33333333
521,2010,5,P_NLP3,1902426.66666667
521,2010,5,Input_#3_C_1K,57.6666666666667
521,2010,5,Input_#3_C_LK98,243
521,2010,5,Input_#3_C_NLP3,185.333333333333
521,2010,5,Input_#3_D_1K,545691.666666667
521,2010,5,Input_#3_P_LK98,2321800
521,2010,5,Input_#3_P_NLP3,1776108.33333333
522,2010,6,RM Category,25 rm
522,2010,6,C.LK98,338
522,2010,6,P.LK98,3350054
522,2010,6,C.1K,82
522,2010,6,D.1K,841534
522,2010,6,C.NLP3,256
522,2010,6,P.NLP3,2508520
522,2010,6,C_1K,69.3333333333333
522,2010,6,C_LK98,266
522,2010,6,C_NLP3,196.666666666667
522,2010,6,D_1K,709412
522,2010,6,P_LK98,2623098.66666667
522,2010,6,P_NLP3,1913686.66666667
522,2010,6,Input_#3_C_1K,58
522,2010,6,Input_#3_C_LK98,258
522,2010,6,Input_#3_C_NLP3,200
522,2010,6,Input_#3_D_1K,564812.666666667
522,2010,6,Input_#3_P_LK98,2495598
522,2010,6,Input_#3_P_NLP3,1930785.33333333
523,2010,7,RM Category,25 rm
523,2010,7,C.LK98,322
523,2010,7,P.LK98,3107056
523,2010,7,C.1K,76
523,2010,7,D.1K,769178
523,2010,7,C.NLP3,246
523,2010,7,P.NLP3,2337878
523,2010,7,C_1K,68
523,2010,7,C_LK98,289.333333333333
523,2010,7,C_NLP3,221.333333333333
523,2010,7,D_1K,705916.666666667
523,2010,7,P_LK98,2839358
523,2010,7,P_NLP3,2133441.33333333
523,2010,7,Input_#3_C_1K,64.6666666666667
523,2010,7,Input_#3_C_LK98,275.333333333333
523,2010,7,Input_#3_C_NLP3,210.666666666667
523,2010,7,Input_#3_D_1K,640397.333333333
523,2010,7,Input_#3_P_LK98,2676299.33333333
523,2010,7,Input_#3_P_NLP3,2035902
524,2010,8,RM Category,25 rm
524,2010,8,C.LK98,296
524,2010,8,P.LK98,2994438
524,2010,8,C.1K,72
524,2010,8,D.1K,748776
524,2010,8,C.NLP3,224
524,2010,8,P.NLP3,2245662
524,2010,8,C_1K,76.6666666666667
524,2010,8,C_LK98,318.666666666667
524,2010,8,C_NLP3,242
524,2010,8,D_1K,786496
524,2010,8,P_LK98,3150516
524,2010,8,P_NLP3,2364020
524,2010,8,Input_#3_C_1K,69.3333333333333
524,2010,8,Input_#3_C_LK98,288.333333333333
524,2010,8,Input_#3_C_NLP3,219
524,2010,8,Input_#3_D_1K,698666.333333333
524,2010,8,Input_#3_P_LK98,2831889.66666667
524,2010,8,Input_#3_P_NLP3,2133223.33333333
525,2010,9,RM Category,25 rm
525,2010,9,C.LK98,326
525,2010,9,P.LK98,3188664
525,2010,9,C.1K,68
525,2010,9,D.1K,685218
525,2010,9,C.NLP3,258
525,2010,9,P.NLP3,2503446
525,2010,9,C_1K,72
525,2010,9,C_LK98,314.666666666667
525,2010,9,C_NLP3,242.666666666667
525,2010,9,D_1K,734390.666666667
525,2010,9,P_LK98,3096719.33333333
525,2010,9,P_NLP3,2362328.66666667
525,2010,9,Input_#3_C_1K,70.6666666666667
525,2010,9,Input_#3_C_LK98,290.333333333333
525,2010,9,Input_#3_C_NLP3,219.666666666667
525,2010,9,Input_#3_D_1K,721901.333333333
525,2010,9,Input_#3_P_LK98,2859909
525,2010,9,Input_#3_P_NLP3,2138007.66666667
526,2010,10,RM Category,25 rm
526,2010,10,C.LK98,280
526,2010,10,P.LK98,2829892
526,2010,10,C.1K,68
526,2010,10,D.1K,697666
526,2010,10,C.NLP3,212
526,2010,10,P.NLP3,2132226
526,2010,10,C_1K,69.3333333333333
526,2010,10,C_LK98,300.666666666667
526,2010,10,C_NLP3,231.333333333333
526,2010,10,D_1K,710553.333333333
526,2010,10,P_LK98,3004331.33333333
526,2010,10,P_NLP3,2293778
526,2010,10,Input_#3_C_1K,68.6666666666667
526,2010,10,Input_#3_C_LK98,295
526,2010,10,Input_#3_C_NLP3,226.333333333333
526,2010,10,Input_#3_D_1K,708235
526,2010,10,Input_#3_P_LK98,2921844.66666667
526,2010,10,Input_#3_P_NLP3,2213609.66666667
527,2010,11,RM Category,25 rm
527,2010,11,C.LK98,324
527,2010,11,P.LK98,3105698
527,2010,11,C.1K,62
527,2010,11,D.1K,604270
527,2010,11,C.NLP3,262
527,2010,11,P.NLP3,2501428
527,2010,11,C_1K,66
527,2010,11,C_LK98,310
527,2010,11,C_NLP3,244
527,2010,11,D_1K,662384.666666667
527,2010,11,P_LK98,3041418
527,2010,11,P_NLP3,2379033.33333333
527,2010,11,Input_#3_C_1K,71.3333333333333
527,2010,11,Input_#3_C_LK98,314.333333333333
527,2010,11,Input_#3_C_NLP3,243
527,2010,11,Input_#3_D_1K,724440.333333333
527,2010,11,Input_#3_P_LK98,3095967
527,2010,11,Input_#3_P_NLP3,2371526.66666667
528,2010,12,RM Category,25 rm
528,2010,12,C.LK98,400
528,2010,12,P.LK98,3966102
528,2010,12,C.1K,76
528,2010,12,D.1K,809760
528,2010,12,C.NLP3,324
528,2010,12,P.NLP3,3156342
528,2010,12,C_1K,68.6666666666667
528,2010,12,C_LK98,334.666666666667
528,2010,12,C_NLP3,266
528,2010,12,D_1K,703898.666666667
528,2010,12,P_LK98,3300564
528,2010,12,P_NLP3,2596665.33333333
528,2010,12,Input_#3_C_1K,70.3333333333333
528,2010,12,Input_#3_C_LK98,324.666666666667
528,2010,12,Input_#3_C_NLP3,254.333333333333
528,2010,12,Input_#3_D_1K,719144.666666667
528,2010,12,Input_#3_P_LK98,3198641.66666667
528,2010,12,Input_#3_P_NLP3,2479497
529,2011,1,RM Category,25 rm
529,2011,1,C.LK98,264
529,2011,1,P.LK98,2662938
529,2011,1,C.1K,52
529,2011,1,D.1K,567012
529,2011,1,C.NLP3,212
529,2011,1,P.NLP3,2095926
529,2011,1,C_1K,63.3333333333333
529,2011,1,C_LK98,329.333333333333
529,2011,1,C_NLP3,266
529,2011,1,D_1K,660347.333333333
529,2011,1,P_LK98,3244912.66666667
529,2011,1,P_NLP3,2584565.33333333
529,2011,1,Input_#3_C_1K,66.3333333333333
529,2011,1,Input_#3_C_LK98,315
529,2011,1,Input_#3_C_NLP3,248.666666666667
529,2011,1,Input_#3_D_1K,685450.333333333
529,2011,1,Input_#3_P_LK98,3124622
529,2011,1,Input_#3_P_NLP3,2439171.66666667
530,2011,2,RM Category,25 rm
530,2011,2,C.LK98,254
530,2011,2,P.LK98,2514630
530,2011,2,C.1K,56
530,2011,2,D.1K,586600
530,2011,2,C.NLP3,198
530,2011,2,P.NLP3,1928030
530,2011,2,C_1K,61.3333333333333
530,2011,2,C_LK98,306
530,2011,2,C_NLP3,244.666666666667
530,2011,2,D_1K,654457.333333333
530,2011,2,P_LK98,3047890
530,2011,2,P_NLP3,2393432.66666667
530,2011,2,Input_#3_C_1K,63.6666666666667
530,2011,2,Input_#3_C_LK98,308
530,2011,2,Input_#3_C_NLP3,244.333333333333
530,2011,2,Input_#3_D_1K,658421
530,2011,2,Input_#3_P_LK98,3044654
530,2011,2,Input_#3_P_NLP3,2386233
531,2011,3,RM Category,25 rm
531,2011,3,C.LK98,322
531,2011,3,P.LK98,3149534
531,2011,3,C.1K,62
531,2011,3,D.1K,651686
531,2011,3,C.NLP3,260
531,2011,3,P.NLP3,2497848
531,2011,3,C_1K,56.6666666666667
531,2011,3,C_LK98,280
531,2011,3,C_NLP3,223.333333333333
531,2011,3,D_1K,601766
531,2011,3,P_LK98,2775700.66666667
531,2011,3,P_NLP3,2173934.66666667
531,2011,3,Input_#3_C_1K,62.6666666666667
531,2011,3,Input_#3_C_LK98,307.333333333333
531,2011,3,Input_#3_C_NLP3,244.666666666667
531,2011,3,Input_#3_D_1K,652832.333333333
531,2011,3,Input_#3_P_LK98,3038132.33333333
531,2011,3,Input_#3_P_NLP3,2385300
532,2011,4,RM Category,25 rm
532,2011,4,C.LK98,274
532,2011,4,P.LK98,2814648
532,2011,4,C.1K,42
532,2011,4,D.1K,484450
532,2011,4,C.NLP3,232
532,2011,4,P.NLP3,2330198
532,2011,4,C_1K,53.3333333333333
532,2011,4,C_LK98,283.333333333333
532,2011,4,C_NLP3,230
532,2011,4,D_1K,574245.333333333
532,2011,4,P_LK98,2826270.66666667
532,2011,4,P_NLP3,2252025.33333333
532,2011,4,Input_#3_C_1K,58.3333333333333
532,2011,4,Input_#3_C_LK98,306.333333333333
532,2011,4,Input_#3_C_NLP3,248
532,2011,4,Input_#3_D_1K,617296.333333333
532,2011,4,Input_#3_P_LK98,3035591.66666667
532,2011,4,Input_#3_P_NLP3,2418295.33333333
533,2011,5,RM Category,25 rm
533,2011,5,C.LK98,282
533,2011,5,P.LK98,2827828
533,2011,5,C.1K,58
533,2011,5,D.1K,594748
533,2011,5,C.NLP3,224
533,2011,5,P.NLP3,2233080
533,2011,5,C_1K,54
533,2011,5,C_LK98,292.666666666667
533,2011,5,C_NLP3,238.666666666667
533,2011,5,D_1K,576961.333333333
533,2011,5,P_LK98,2930670
533,2011,5,P_NLP3,2353708.66666667
533,2011,5,Input_#3_C_1K,57.6666666666667
533,2011,5,Input_#3_C_LK98,299.333333333333
533,2011,5,Input_#3_C_NLP3,241.666666666667
533,2011,5,Input_#3_D_1K,615709.333333333
533,2011,5,Input_#3_P_LK98,2989280
533,2011,5,Input_#3_P_NLP3,2373570.66666667
534,2011,6,RM Category,25 rm
534,2011,6,C.LK98,370
534,2011,6,P.LK98,3805998
534,2011,6,C.1K,108
534,2011,6,D.1K,1155624
534,2011,6,C.NLP3,262
534,2011,6,P.NLP3,2650374
534,2011,6,C_1K,69.3333333333333
534,2011,6,C_LK98,308.666666666667
534,2011,6,C_NLP3,239.333333333333
534,2011,6,D_1K,744940.666666667
534,2011,6,P_LK98,3149491.33333333
534,2011,6,P_NLP3,2404550.66666667
534,2011,6,Input_#3_C_1K,63
534,2011,6,Input_#3_C_LK98,294.333333333333
534,2011,6,Input_#3_C_NLP3,231.333333333333
534,2011,6,Input_#3_D_1K,673353.333333333
534,2011,6,Input_#3_P_LK98,2962596
534,2011,6,Input_#3_P_NLP3,2289242.66666667
535,2011,7,RM Category,25 rm
535,2011,7,C.LK98,260
535,2011,7,P.LK98,2642342
535,2011,7,C.1K,52
535,2011,7,D.1K,546606
535,2011,7,C.NLP3,208
535,2011,7,P.NLP3,2095736
535,2011,7,C_1K,72.6666666666667
535,2011,7,C_LK98,304
535,2011,7,C_NLP3,231.333333333333
535,2011,7,D_1K,765659.333333333
535,2011,7,P_LK98,3092056
535,2011,7,P_NLP3,2326396.66666667
535,2011,7,Input_#3_C_1K,63
535,2011,7,Input_#3_C_LK98,293.666666666667
535,2011,7,Input_#3_C_NLP3,230.666666666667
535,2011,7,Input_#3_D_1K,669952.333333333
535,2011,7,Input_#3_P_LK98,2959163.33333333
535,2011,7,Input_#3_P_NLP3,2289211
536,2011,8,RM Category,25 rm
536,2011,8,C.LK98,348
536,2011,8,P.LK98,3651572
536,2011,8,C.1K,70
536,2011,8,D.1K,795626
536,2011,8,C.NLP3,278
536,2011,8,P.NLP3,2855946
536,2011,8,C_1K,76.6666666666667
536,2011,8,C_LK98,326
536,2011,8,C_NLP3,249.333333333333
536,2011,8,D_1K,832618.666666667
536,2011,8,P_LK98,3366637.33333333
536,2011,8,P_NLP3,2534018.66666667
536,2011,8,Input_#3_C_1K,65.3333333333333
536,2011,8,Input_#3_C_LK98,309.333333333333
536,2011,8,Input_#3_C_NLP3,244
536,2011,8,Input_#3_D_1K,704790
536,2011,8,Input_#3_P_LK98,3148653.66666667
536,2011,8,Input_#3_P_NLP3,2443863.66666667
537,2011,9,RM Category,25 rm
537,2011,9,C.LK98,324
537,2011,9,P.LK98,3274744
537,2011,9,C.1K,60
537,2011,9,D.1K,668334
537,2011,9,C.NLP3,264
537,2011,9,P.NLP3,2606410
537,2011,9,C_1K,60.6666666666667
537,2011,9,C_LK98,310.666666666667
537,2011,9,C_NLP3,250
537,2011,9,D_1K,670188.666666667
537,2011,9,P_LK98,3189552.66666667
537,2011,9,P_NLP3,2519364
537,2011,9,Input_#3_C_1K,65
537,2011,9,Input_#3_C_LK98,309.666666666667
537,2011,9,Input_#3_C_NLP3,244.666666666667
537,2011,9,Input_#3_D_1K,707564.666666667
537,2011,9,Input_#3_P_LK98,3169522
537,2011,9,Input_#3_P_NLP3,2461957.33333333
538,2011,10,RM Category,25 rm
538,2011,10,C.LK98,324
538,2011,10,P.LK98,3399016
538,2011,10,C.1K,58
538,2011,10,D.1K,678062
538,2011,10,C.NLP3,266
538,2011,10,P.NLP3,2720954
538,2011,10,C_1K,62.6666666666667
538,2011,10,C_LK98,332
538,2011,10,C_NLP3,269.333333333333
538,2011,10,D_1K,714007.333333333
538,2011,10,P_LK98,3441777.33333333
538,2011,10,P_NLP3,2727770
538,2011,10,Input_#3_C_1K,67.6666666666667
538,2011,10,Input_#3_C_LK98,318
538,2011,10,Input_#3_C_NLP3,250.333333333333
538,2011,10,Input_#3_D_1K,739833.333333333
538,2011,10,Input_#3_P_LK98,3266916.66666667
538,2011,10,Input_#3_P_NLP3,2527083.33333333
539,2011,11,RM Category,25 rm
539,2011,11,C.LK98,334
539,2011,11,P.LK98,3484500
539,2011,11,C.1K,62
539,2011,11,D.1K,636204
539,2011,11,C.NLP3,272
539,2011,11,P.NLP3,2848296
539,2011,11,C_1K,60
539,2011,11,C_LK98,327.333333333333
539,2011,11,C_NLP3,267.333333333333
539,2011,11,D_1K,660866.666666667
539,2011,11,P_LK98,3386086.66666667
539,2011,11,P_NLP3,2725220
539,2011,11,Input_#3_C_1K,68.3333333333333
539,2011,11,Input_#3_C_LK98,326.666666666667
539,2011,11,Input_#3_C_NLP3,258.333333333333
539,2011,11,Input_#3_D_1K,746742.666666667
539,2011,11,Input_#3_P_LK98,3376362
539,2011,11,Input_#3_P_NLP3,2629619.33333333
540,2011,12,RM Category,25 rm
540,2011,12,C.LK98,364
540,2011,12,P.LK98,3651994
540,2011,12,C.1K,68
540,2011,12,D.1K,693404
540,2011,12,C.NLP3,296
540,2011,12,P.NLP3,2958590
540,2011,12,C_1K,62.6666666666667
540,2011,12,C_LK98,340.666666666667
540,2011,12,C_NLP3,278
540,2011,12,D_1K,669223.333333333
540,2011,12,P_LK98,3511836.66666667
540,2011,12,P_NLP3,2842613.33333333
540,2011,12,Input_#3_C_1K,61.6666666666667
540,2011,12,Input_#3_C_LK98,325.666666666667
540,2011,12,Input_#3_C_NLP3,264
540,2011,12,Input_#3_D_1K,669706
540,2011,12,Input_#3_P_LK98,3350694.66666667
540,2011,12,Input_#3_P_NLP3,2680988.66666667
541,2012,1,RM Category,25 rm
541,2012,1,C.LK98,306
541,2012,1,P.LK98,3117152
541,2012,1,C.1K,66
541,2012,1,D.1K,642628
541,2012,1,C.NLP3,240
541,2012,1,P.NLP3,2474524
541,2012,1,C_1K,65.3333333333333
541,2012,1,C_LK98,334.666666666667
541,2012,1,C_NLP3,269.333333333333
541,2012,1,D_1K,657412
541,2012,1,P_LK98,3417882
541,2012,1,P_NLP3,2760470
541,2012,1,Input_#3_C_1K,64
541,2012,1,Input_#3_C_LK98,333.333333333333
541,2012,1,Input_#3_C_NLP3,269.333333333333
541,2012,1,Input_#3_D_1K,685709.666666667
541,2012,1,Input_#3_P_LK98,3429829.66666667
541,2012,1,Input_#3_P_NLP3,2744120
542,2012,2,RM Category,25 rm
542,2012,2,C.LK98,336
542,2012,2,P.LK98,3340172
542,2012,2,C.1K,68
542,2012,2,D.1K,634394
542,2012,2,C.NLP3,268
542,2012,2,P.NLP3,2705778
542,2012,2,C_1K,67.3333333333333
542,2012,2,C_LK98,335.333333333333
542,2012,2,C_NLP3,268
542,2012,2,D_1K,656808.666666667
542,2012,2,P_LK98,3369772.66666667
542,2012,2,P_NLP3,2712964
542,2012,2,Input_#3_C_1K,63.6666666666667
542,2012,2,Input_#3_C_LK98,331.333333333333
542,2012,2,Input_#3_C_NLP3,267.666666666667
542,2012,2,Input_#3_D_1K,658837.666666667
542,2012,2,Input_#3_P_LK98,3377929.66666667
542,2012,2,Input_#3_P_NLP3,2719092
543,2012,3,RM Category,25 rm
543,2012,3,C.LK98,358
543,2012,3,P.LK98,3645060
543,2012,3,C.1K,56
543,2012,3,D.1K,532188
543,2012,3,C.NLP3,302
543,2012,3,P.NLP3,3112872
543,2012,3,C_1K,63.3333333333333
543,2012,3,C_LK98,333.333333333333
543,2012,3,C_NLP3,270
543,2012,3,D_1K,603070
543,2012,3,P_LK98,3367461.33333333
543,2012,3,P_NLP3,2764391.33333333
543,2012,3,Input_#3_C_1K,63
543,2012,3,Input_#3_C_LK98,337
543,2012,3,Input_#3_C_NLP3,274
543,2012,3,Input_#3_D_1K,636146.666666667
543,2012,3,Input_#3_P_LK98,3439649
543,2012,3,Input_#3_P_NLP3,2803502.33333333
544,2012,4,RM Category,25 rm
544,2012,4,C.LK98,320
544,2012,4,P.LK98,3245340
544,2012,4,C.1K,60
544,2012,4,D.1K,593762
544,2012,4,C.NLP3,260
544,2012,4,P.NLP3,2651578
544,2012,4,C_1K,61.3333333333333
544,2012,4,C_LK98,338
544,2012,4,C_NLP3,276.666666666667
544,2012,4,D_1K,586781.333333333
544,2012,4,P_LK98,3410190.66666667
544,2012,4,P_NLP3,2823409.33333333
544,2012,4,Input_#3_C_1K,63.3333333333333
544,2012,4,Input_#3_C_LK98,336.333333333333
544,2012,4,Input_#3_C_NLP3,273
544,2012,4,Input_#3_D_1K,622096.666666667
544,2012,4,Input_#3_P_LK98,3414036.33333333
544,2012,4,Input_#3_P_NLP3,2791939.66666667
545,2012,5,RM Category,25 rm
545,2012,5,C.LK98,436
545,2012,5,P.LK98,4577838
545,2012,5,C.1K,70
545,2012,5,D.1K,840778
545,2012,5,C.NLP3,366
545,2012,5,P.NLP3,3737060
545,2012,5,C_1K,62
545,2012,5,C_LK98,371.333333333333
545,2012,5,C_NLP3,309.333333333333
545,2012,5,D_1K,655576
545,2012,5,P_LK98,3822746
545,2012,5,P_NLP3,3167170
545,2012,5,Input_#3_C_1K,64.6666666666667
545,2012,5,Input_#3_C_LK98,353.333333333333
545,2012,5,Input_#3_C_NLP3,288.666666666667
545,2012,5,Input_#3_D_1K,656192.333333333
545,2012,5,Input_#3_P_LK98,3596259.33333333
545,2012,5,Input_#3_P_NLP3,2940067
546,2012,6,RM Category,25 rm
546,2012,6,C.LK98,324
546,2012,6,P.LK98,3397634
546,2012,6,C.1K,58
546,2012,6,D.1K,638246
546,2012,6,C.NLP3,266
546,2012,6,P.NLP3,2759388
546,2012,6,C_1K,62.6666666666667
546,2012,6,C_LK98,360
546,2012,6,C_NLP3,297.333333333333
546,2012,6,D_1K,690928.666666667
546,2012,6,P_LK98,3740270.66666667
546,2012,6,P_NLP3,3049342
546,2012,6,Input_#3_C_1K,63
546,2012,6,Input_#3_C_LK98,346.666666666667
546,2012,6,Input_#3_C_NLP3,283.666666666667
546,2012,6,Input_#3_D_1K,646999.333333333
546,2012,6,Input_#3_P_LK98,3553866
546,2012,6,Input_#3_P_NLP3,2906866.66666667
547,2012,7,RM Category,25 rm
547,2012,7,C.LK98,382
547,2012,7,P.LK98,3978576
547,2012,7,C.1K,82
547,2012,7,D.1K,937860
547,2012,7,C.NLP3,300
547,2012,7,P.NLP3,3040716
547,2012,7,C_1K,70
547,2012,7,C_LK98,380.666666666667
547,2012,7,C_NLP3,310.666666666667
547,2012,7,D_1K,805628
547,2012,7,P_LK98,3984682.66666667
547,2012,7,P_NLP3,3179054.66666667
547,2012,7,Input_#3_C_1K,65.6666666666667
547,2012,7,Input_#3_C_LK98,359.333333333333
547,2012,7,Input_#3_C_NLP3,293.666666666667
547,2012,7,Input_#3_D_1K,696204.666666667
547,2012,7,Input_#3_P_LK98,3697436.66666667
547,2012,7,Input_#3_P_NLP3,3001232
548,2012,8,RM Category,25 rm
548,2012,8,C.LK98,380
548,2012,8,P.LK98,4042242
548,2012,8,C.1K,94
548,2012,8,D.1K,1035966
548,2012,8,C.NLP3,286
548,2012,8,P.NLP3,3006276
548,2012,8,C_1K,78
548,2012,8,C_LK98,362
548,2012,8,C_NLP3,284
548,2012,8,D_1K,870690.666666667
548,2012,8,P_LK98,3806150.66666667
548,2012,8,P_NLP3,2935460
548,2012,8,Input_#3_C_1K,70
548,2012,8,Input_#3_C_LK98,366.666666666667
548,2012,8,Input_#3_C_NLP3,296.666666666667
548,2012,8,Input_#3_D_1K,763133.333333333
548,2012,8,Input_#3_P_LK98,3814448.33333333
548,2012,8,Input_#3_P_NLP3,3051315
549,2012,9,RM Category,25 rm
549,2012,9,C.LK98,344
549,2012,9,P.LK98,3675406
549,2012,9,C.1K,72
549,2012,9,D.1K,768198
549,2012,9,C.NLP3,272
549,2012,9,P.NLP3,2907208
549,2012,9,C_1K,82.6666666666667
549,2012,9,C_LK98,368.666666666667
549,2012,9,C_NLP3,286
549,2012,9,D_1K,914008
549,2012,9,P_LK98,3898741.33333333
549,2012,9,P_NLP3,2984733.33333333
549,2012,9,Input_#3_C_1K,72.6666666666667
549,2012,9,Input_#3_C_LK98,364.333333333333
549,2012,9,Input_#3_C_NLP3,291.666666666667
549,2012,9,Input_#3_D_1K,802468.333333333
549,2012,9,Input_#3_P_LK98,3819506
549,2012,9,Input_#3_P_NLP3,3017037.66666667
550,2012,10,RM Category,25 rm
550,2012,10,C.LK98,400
550,2012,10,P.LK98,4523538
550,2012,10,C.1K,76
550,2012,10,D.1K,974082
550,2012,10,C.NLP3,324
550,2012,10,P.NLP3,3549456
550,2012,10,C_1K,80.6666666666667
550,2012,10,C_LK98,374.666666666667
550,2012,10,C_NLP3,294
550,2012,10,D_1K,926082
550,2012,10,P_LK98,4080395.33333333
550,2012,10,P_NLP3,3154313.33333333
550,2012,10,Input_#3_C_1K,75.3333333333333
550,2012,10,Input_#3_C_LK98,377.666666666667
550,2012,10,Input_#3_C_NLP3,302.333333333333
550,2012,10,Input_#3_D_1K,865855
550,2012,10,Input_#3_P_LK98,4032539
550,2012,10,Input_#3_P_NLP3,3166684
551,2012,11,RM Category,25 rm
551,2012,11,C.LK98,338
551,2012,11,P.LK98,3625474
551,2012,11,C.1K,76
551,2012,11,D.1K,858370
551,2012,11,C.NLP3,262
551,2012,11,P.NLP3,2767104
551,2012,11,C_1K,74.6666666666667
551,2012,11,C_LK98,360.666666666667
551,2012,11,C_NLP3,286
551,2012,11,D_1K,866883.333333333
551,2012,11,P_LK98,3941472.66666667
551,2012,11,P_NLP3,3074589.33333333
551,2012,11,Input_#3_C_1K,76.3333333333333
551,2012,11,Input_#3_C_LK98,361.333333333333
551,2012,11,Input_#3_C_NLP3,285
551,2012,11,Input_#3_D_1K,868787
551,2012,11,Input_#3_P_LK98,3873811.66666667
551,2012,11,Input_#3_P_NLP3,3005024.66666667
552,2012,12,RM Category,25 rm
552,2012,12,C.LK98,328
552,2012,12,P.LK98,3532594
552,2012,12,C.1K,68
552,2012,12,D.1K,759158
552,2012,12,C.NLP3,260
552,2012,12,P.NLP3,2773436
552,2012,12,C_1K,73.3333333333333
552,2012,12,C_LK98,355.333333333333
552,2012,12,C_NLP3,282
552,2012,12,D_1K,863870
552,2012,12,P_LK98,3893868.66666667
552,2012,12,P_NLP3,3029998.66666667
552,2012,12,Input_#3_C_1K,78
552,2012,12,Input_#3_C_LK98,362
552,2012,12,Input_#3_C_NLP3,284
552,2012,12,Input_#3_D_1K,888939
552,2012,12,Input_#3_P_LK98,3896305
552,2012,12,Input_#3_P_NLP3,3007366
553,2013,1,RM Category,25 rm
553,2013,1,C.LK98,300
553,2013,1,P.LK98,3307816
553,2013,1,C.1K,72
553,2013,1,D.1K,824518
553,2013,1,C.NLP3,228
553,2013,1,P.NLP3,2483298
553,2013,1,C_1K,72
553,2013,1,C_LK98,322
553,2013,1,C_NLP3,250
553,2013,1,D_1K,814015.333333333
553,2013,1,P_LK98,3488628
553,2013,1,P_NLP3,2674612.66666667
553,2013,1,Input_#3_C_1K,76.3333333333333
553,2013,1,Input_#3_C_LK98,348.333333333333
553,2013,1,Input_#3_C_NLP3,272
553,2013,1,Input_#3_D_1K,870048.666666667
553,2013,1,Input_#3_P_LK98,3784511.66666667
553,2013,1,Input_#3_P_NLP3,2914463
554,2013,2,RM Category,25 rm
554,2013,2,C.LK98,356
554,2013,2,P.LK98,3860112
554,2013,2,C.1K,88
554,2013,2,D.1K,987874
554,2013,2,C.NLP3,268
554,2013,2,P.NLP3,2872238
554,2013,2,C_1K,76
554,2013,2,C_LK98,328
554,2013,2,C_NLP3,252
554,2013,2,D_1K,857183.333333333
554,2013,2,P_LK98,3566840.66666667
554,2013,2,P_NLP3,2709657.33333333
554,2013,2,Input_#3_C_1K,75.3333333333333
554,2013,2,Input_#3_C_LK98,344.333333333333
554,2013,2,Input_#3_C_NLP3,269
554,2013,2,Input_#3_D_1K,862033.333333333
554,2013,2,Input_#3_P_LK98,3754156.66666667
554,2013,2,Input_#3_P_NLP3,2892123.33333333
555,2013,3,RM Category,25 rm
555,2013,3,C.LK98,374
555,2013,3,P.LK98,3860714
555,2013,3,C.1K,64
555,2013,3,D.1K,677668
555,2013,3,C.NLP3,310
555,2013,3,P.NLP3,3183046
555,2013,3,C_1K,74.6666666666667
555,2013,3,C_LK98,343.333333333333
555,2013,3,C_NLP3,268.666666666667
555,2013,3,D_1K,830020
555,2013,3,P_LK98,3676214
555,2013,3,P_NLP3,2846194
555,2013,3,Input_#3_C_1K,74
555,2013,3,Input_#3_C_LK98,349.333333333333
555,2013,3,Input_#3_C_NLP3,275.333333333333
555,2013,3,Input_#3_D_1K,846945
555,2013,3,Input_#3_P_LK98,3785041.33333333
555,2013,3,Input_#3_P_NLP3,2938096.33333333
556,2013,4,RM Category,25 rm
556,2013,4,C.LK98,312
556,2013,4,P.LK98,3366932
556,2013,4,C.1K,70
556,2013,4,D.1K,799490
556,2013,4,C.NLP3,242
556,2013,4,P.NLP3,2567442
556,2013,4,C_1K,74
556,2013,4,C_LK98,347.333333333333
556,2013,4,C_NLP3,273.333333333333
556,2013,4,D_1K,821677.333333333
556,2013,4,P_LK98,3695919.33333333
556,2013,4,P_NLP3,2874242
556,2013,4,Input_#3_C_1K,73
556,2013,4,Input_#3_C_LK98,334.666666666667
556,2013,4,Input_#3_C_NLP3,261.666666666667
556,2013,4,Input_#3_D_1K,817846.333333333
556,2013,4,Input_#3_P_LK98,3592273.66666667
556,2013,4,Input_#3_P_NLP3,2774427.33333333
557,2013,5,RM Category,25 rm
557,2013,5,C.LK98,358
557,2013,5,P.LK98,3898880
557,2013,5,C.1K,68
557,2013,5,D.1K,763306
557,2013,5,C.NLP3,290
557,2013,5,P.NLP3,3135574
557,2013,5,C_1K,67.3333333333333
557,2013,5,C_LK98,348
557,2013,5,C_NLP3,280.666666666667
557,2013,5,D_1K,746821.333333333
557,2013,5,P_LK98,3708842
557,2013,5,P_NLP3,2962020.66666667
557,2013,5,Input_#3_C_1K,71.6666666666667
557,2013,5,Input_#3_C_LK98,338
557,2013,5,Input_#3_C_NLP3,266.333333333333
557,2013,5,Input_#3_D_1K,802002.333333333
557,2013,5,Input_#3_P_LK98,3637841.33333333
557,2013,5,Input_#3_P_NLP3,2835839
558,2013,6,RM Category,25 rm
558,2013,6,C.LK98,384
558,2013,6,P.LK98,4020244
558,2013,6,C.1K,90
558,2013,6,D.1K,1073556
558,2013,6,C.NLP3,294
558,2013,6,P.NLP3,2946688
558,2013,6,C_1K,76
558,2013,6,C_LK98,351.333333333333
558,2013,6,C_NLP3,275.333333333333
558,2013,6,D_1K,878784
558,2013,6,P_LK98,3762018.66666667
558,2013,6,P_NLP3,2883234.66666667
558,2013,6,Input_#3_C_1K,75.3333333333333
558,2013,6,Input_#3_C_LK98,347.333333333333
558,2013,6,Input_#3_C_NLP3,272
558,2013,6,Input_#3_D_1K,854402
558,2013,6,Input_#3_P_LK98,3719116.33333333
558,2013,6,Input_#3_P_NLP3,2864714.33333333
559,2013,7,RM Category,25 rm
559,2013,7,C.LK98,314
559,2013,7,P.LK98,3349924
559,2013,7,C.1K,56
559,2013,7,D.1K,651548
559,2013,7,C.NLP3,258
559,2013,7,P.NLP3,2698376
559,2013,7,C_1K,71.3333333333333
559,2013,7,C_LK98,352
559,2013,7,C_NLP3,280.666666666667
559,2013,7,D_1K,829470
559,2013,7,P_LK98,3756349.33333333
559,2013,7,P_NLP3,2926879.33333333
559,2013,7,Input_#3_C_1K,72.6666666666667
559,2013,7,Input_#3_C_LK98,349.666666666667
559,2013,7,Input_#3_C_NLP3,277
559,2013,7,Input_#3_D_1K,825573.666666667
559,2013,7,Input_#3_P_LK98,3726134.33333333
559,2013,7,Input_#3_P_NLP3,2900560.66666667
560,2013,8,RM Category,25 rm
560,2013,8,C.LK98,330
560,2013,8,P.LK98,3712798
560,2013,8,C.1K,70
560,2013,8,D.1K,828724
560,2013,8,C.NLP3,260
560,2013,8,P.NLP3,2884074
560,2013,8,C_1K,72
560,2013,8,C_LK98,342.666666666667
560,2013,8,C_NLP3,270.666666666667
560,2013,8,D_1K,851276
560,2013,8,P_LK98,3694322
560,2013,8,P_NLP3,2843046
560,2013,8,Input_#3_C_1K,69.6666666666667
560,2013,8,Input_#3_C_LK98,345.333333333333
560,2013,8,Input_#3_C_NLP3,275.666666666667
560,2013,8,Input_#3_D_1K,799048.666666667
560,2013,8,Input_#3_P_LK98,3701582
560,2013,8,Input_#3_P_NLP3,2902533.33333333
561,2013,9,RM Category,25 rm
561,2013,9,C.LK98,330
561,2013,9,P.LK98,3419562
561,2013,9,C.1K,66
561,2013,9,D.1K,633172
561,2013,9,C.NLP3,264
561,2013,9,P.NLP3,2786390
561,2013,9,C_1K,64
561,2013,9,C_LK98,324.666666666667
561,2013,9,C_NLP3,260.666666666667
561,2013,9,D_1K,704481.333333333
561,2013,9,P_LK98,3494094.66666667
561,2013,9,P_NLP3,2789613.33333333
561,2013,9,Input_#3_C_1K,70
561,2013,9,Input_#3_C_LK98,338
561,2013,9,Input_#3_C_NLP3,268
561,2013,9,Input_#3_D_1K,791632.666666667
561,2013,9,Input_#3_P_LK98,3628056.66666667
561,2013,9,Input_#3_P_NLP3,2836424
562,2013,10,RM Category,25 rm
562,2013,10,C.LK98,310
562,2013,10,P.LK98,3476882
562,2013,10,C.1K,48
562,2013,10,D.1K,529346
562,2013,10,C.NLP3,262
562,2013,10,P.NLP3,2947536
562,2013,10,C_1K,61.3333333333333
562,2013,10,C_LK98,323.333333333333
562,2013,10,C_NLP3,262
562,2013,10,D_1K,663747.333333333
562,2013,10,P_LK98,3536414
562,2013,10,P_NLP3,2872666.66666667
562,2013,10,Input_#3_C_1K,66.3333333333333
562,2013,10,Input_#3_C_LK98,337.666666666667
562,2013,10,Input_#3_C_NLP3,271.333333333333
562,2013,10,Input_#3_D_1K,746608.666666667
562,2013,10,Input_#3_P_LK98,3646381.66666667
562,2013,10,Input_#3_P_NLP3,2899773
563,2013,11,RM Category,25 rm
563,2013,11,C.LK98,298
563,2013,11,P.LK98,3251422
563,2013,11,C.1K,72
563,2013,11,D.1K,820660
563,2013,11,C.NLP3,226
563,2013,11,P.NLP3,2430762
563,2013,11,C_1K,62
563,2013,11,C_LK98,312.666666666667
563,2013,11,C_NLP3,250.666666666667
563,2013,11,D_1K,661059.333333333
563,2013,11,P_LK98,3382622
563,2013,11,P_NLP3,2721562.66666667
563,2013,11,Input_#3_C_1K,67
563,2013,11,Input_#3_C_LK98,327.666666666667
563,2013,11,Input_#3_C_NLP3,260.666666666667
563,2013,11,Input_#3_D_1K,756167.666666667
563,2013,11,Input_#3_P_LK98,3538472
563,2013,11,Input_#3_P_NLP3,2782304.33333333
564,2013,12,RM Category,25 rm
564,2013,12,C.LK98,332
564,2013,12,P.LK98,3703486
564,2013,12,C.1K,86
564,2013,12,D.1K,997538
564,2013,12,C.NLP3,246
564,2013,12,P.NLP3,2705948
564,2013,12,C_1K,68.6666666666667
564,2013,12,C_LK98,313.333333333333
564,2013,12,C_NLP3,244.666666666667
564,2013,12,D_1K,782514.666666667
564,2013,12,P_LK98,3477263.33333333
564,2013,12,P_NLP3,2694748.66666667
564,2013,12,Input_#3_C_1K,66.3333333333333
564,2013,12,Input_#3_C_LK98,319
564,2013,12,Input_#3_C_NLP3,252.666666666667
564,2013,12,Input_#3_D_1K,743498
564,2013,12,Input_#3_P_LK98,3485679
564,2013,12,Input_#3_P_NLP3,2742181
565,2014,1,RM Category,25 rm
565,2014,1,C.LK98,322
565,2014,1,P.LK98,3524724
565,2014,1,C.1K,72
565,2014,1,D.1K,852948
565,2014,1,C.NLP3,250
565,2014,1,P.NLP3,2671776
565,2014,1,C_1K,76.6666666666667
565,2014,1,C_LK98,317.333333333333
565,2014,1,C_NLP3,240.666666666667
565,2014,1,D_1K,890382
565,2014,1,P_LK98,3493210.66666667
565,2014,1,P_NLP3,2602828.66666667
565,2014,1,Input_#3_C_1K,69
565,2014,1,Input_#3_C_LK98,320.333333333333
565,2014,1,Input_#3_C_NLP3,251.333333333333
565,2014,1,Input_#3_D_1K,777064.666666667
565,2014,1,Input_#3_P_LK98,3514812.33333333
565,2014,1,Input_#3_P_NLP3,2737747.66666667
566,2014,2,RM Category,25 rm
566,2014,2,C.LK98,358
566,2014,2,P.LK98,3996552
566,2014,2,C.1K,80
566,2014,2,D.1K,947012
566,2014,2,C.NLP3,278
566,2014,2,P.NLP3,3049540
566,2014,2,C_1K,79.3333333333333
566,2014,2,C_LK98,337.333333333333
566,2014,2,C_NLP3,258
566,2014,2,D_1K,932499.333333333
566,2014,2,P_LK98,3741587.33333333
566,2014,2,P_NLP3,2809088
566,2014,2,Input_#3_C_1K,70.6666666666667
566,2014,2,Input_#3_C_LK98,325
566,2014,2,Input_#3_C_NLP3,254.333333333333
566,2014,2,Input_#3_D_1K,796779.333333333
566,2014,2,Input_#3_P_LK98,3562104.66666667
566,2014,2,Input_#3_P_NLP3,2765325.33333333
567,2014,3,RM Category,25 rm
567,2014,3,C.LK98,376
567,2014,3,P.LK98,4297172
567,2014,3,C.1K,80
567,2014,3,D.1K,954456
567,2014,3,C.NLP3,296
567,2014,3,P.NLP3,3342716
567,2014,3,C_1K,77.3333333333333
567,2014,3,C_LK98,352
567,2014,3,C_NLP3,274.666666666667
567,2014,3,D_1K,918138.666666667
567,2014,3,P_LK98,3939482.66666667
567,2014,3,P_NLP3,3021344
567,2014,3,Input_#3_C_1K,73
567,2014,3,Input_#3_C_LK98,332.666666666667
567,2014,3,Input_#3_C_NLP3,259.666666666667
567,2014,3,Input_#3_D_1K,850326.666666667
567,2014,3,Input_#3_P_LK98,3708373
567,2014,3,Input_#3_P_NLP3,2858046.33333333
568,2014,4,RM Category,25 rm
568,2014,4,C.LK98,358
568,2014,4,P.LK98,3914646
568,2014,4,C.1K,86
568,2014,4,D.1K,1024782
568,2014,4,C.NLP3,272
568,2014,4,P.NLP3,2889864
568,2014,4,C_1K,82
568,2014,4,C_LK98,364
568,2014,4,C_NLP3,282
568,2014,4,D_1K,975416.666666667
568,2014,4,P_LK98,4069456.66666667
568,2014,4,P_NLP3,3094040
568,2014,4,Input_#3_C_1K,79.3333333333333
568,2014,4,Input_#3_C_LK98,340.666666666667
568,2014,4,Input_#3_C_NLP3,261.333333333333
568,2014,4,Input_#3_D_1K,932899.333333333
568,2014,4,Input_#3_P_LK98,3781333.66666667
568,2014,4,Input_#3_P_NLP3,2848434.33333333
569,2014,5,RM Category,25 rm
569,2014,5,C.LK98,372
569,2014,5,P.LK98,4024696
569,2014,5,C.1K,86
569,2014,5,D.1K,1013152
569,2014,5,C.NLP3,286
569,2014,5,P.NLP3,3011544
569,2014,5,C_1K,84
569,2014,5,C_LK98,368.666666666667
569,2014,5,C_NLP3,284.666666666667
569,2014,5,D_1K,997463.333333333
569,2014,5,P_LK98,4078838
569,2014,5,P_NLP3,3081374.66666667
569,2014,5,Input_#3_C_1K,81.6666666666667
569,2014,5,Input_#3_C_LK98,353
569,2014,5,Input_#3_C_NLP3,271.333333333333
569,2014,5,Input_#3_D_1K,964981.333333333
569,2014,5,Input_#3_P_LK98,3910212.66666667
569,2014,5,Input_#3_P_NLP3,2945231.33333333
570,2014,6,RM Category,25 rm
570,2014,6,C.LK98,432
570,2014,6,P.LK98,4938978
570,2014,6,C.1K,86
570,2014,6,D.1K,1006932.54
570,2014,6,C.NLP3,346
570,2014,6,P.NLP3,3932045.46
570,2014,6,C_1K,86
570,2014,6,C_LK98,387.333333333333
570,2014,6,C_NLP3,301.333333333333
570,2014,6,D_1K,1014955.51333333
570,2014,6,P_LK98,4292773.33333333
570,2014,6,P_NLP3,3277817.82
570,2014,6,Input_#3_C_1K,81.6666666666667
570,2014,6,Input_#3_C_LK98,369.666666666667
570,2014,6,Input_#3_C_NLP3,288
570,2014,6,Input_#3_D_1K,966547.09
570,2014,6,Input_#3_P_LK98,4116128
570,2014,6,Input_#3_P_NLP3,3149580.91
571,2014,7,RM Category,25 rm
571,2014,7,C.LK98,
571,2014,7,P.LK98,
571,2014,7,C.1K,
571,2014,7,D.1K,
571,2014,7,C.NLP3,
571,2014,7,P.NLP3,
571,2014,7,C_1K,57.3333333333333
571,2014,7,C_LK98,268
571,2014,7,C_NLP3,210.666666666667
571,2014,7,D_1K,673361.513333333
571,2014,7,P_LK98,2987891.33333333
571,2014,7,P_NLP3,2314529.82
571,2014,7,Input_#3_C_1K,69.6666666666667
571,2014,7,Input_#3_C_LK98,316
571,2014,7,Input_#3_C_NLP3,246.333333333333
571,2014,7,Input_#3_D_1K,824389.09
571,2014,7,Input_#3_P_LK98,3528674
571,2014,7,Input_#3_P_NLP3,2704284.91
572,2014,8,RM Category,25 rm
572,2014,8,C.LK98,
572,2014,8,P.LK98,
572,2014,8,C.1K,
572,2014,8,D.1K,
572,2014,8,C.NLP3,
572,2014,8,P.NLP3,
572,2014,8,C_1K,28.6666666666667
572,2014,8,C_LK98,144
572,2014,8,C_NLP3,115.333333333333
572,2014,8,D_1K,335644.18
572,2014,8,P_LK98,1646326
572,2014,8,P_NLP3,1310681.82
572,2014,8,Input_#3_C_1K,56.3333333333333
572,2014,8,Input_#3_C_LK98,256.333333333333
572,2014,8,Input_#3_C_NLP3,200
572,2014,8,Input_#3_D_1K,666553.756666667
572,2014,8,Input_#3_P_LK98,2862582
572,2014,8,Input_#3_P_NLP3,2196028.24333333
573,2014,9,RM Category,25 rm
573,2014,9,C.LK98,
573,2014,9,P.LK98,
573,2014,9,C.1K,
573,2014,9,D.1K,
573,2014,9,C.NLP3,
573,2014,9,P.NLP3,
573,2014,9,C_1K,0
573,2014,9,C_LK98,0
573,2014,9,C_NLP3,0
573,2014,9,D_1K,0
573,2014,9,P_LK98,0
573,2014,9,P_NLP3,0
573,2014,9,Input_#3_C_1K,43
573,2014,9,Input_#3_C_LK98,193.666666666667
573,2014,9,Input_#3_C_NLP3,150.666666666667
573,2014,9,Input_#3_D_1K,507477.756666667
573,2014,9,Input_#3_P_LK98,2146386.66666667
573,2014,9,Input_#3_P_NLP3,1638908.91
574,2014,10,RM Category,25 rm
574,2014,10,C.LK98,
574,2014,10,P.LK98,
574,2014,10,C.1K,
574,2014,10,D.1K,
574,2014,10,C.NLP3,
574,2014,10,P.NLP3,
574,2014,10,C_1K,0
574,2014,10,C_LK98,0
574,2014,10,C_NLP3,0
574,2014,10,D_1K,0
574,2014,10,P_LK98,0
574,2014,10,P_NLP3,0
574,2014,10,Input_#3_C_1K,28.6666666666667
574,2014,10,Input_#3_C_LK98,134
574,2014,10,Input_#3_C_NLP3,105.333333333333
574,2014,10,Input_#3_D_1K,336680.756666667
574,2014,10,Input_#3_P_LK98,1493945.66666667
574,2014,10,Input_#3_P_NLP3,1157264.91
575,2014,11,RM Category,25 rm
575,2014,11,C.LK98,
575,2014,11,P.LK98,
575,2014,11,C.1K,
575,2014,11,D.1K,
575,2014,11,C.NLP3,
575,2014,11,P.NLP3,
575,2014,11,C_1K,0
575,2014,11,C_LK98,0
575,2014,11,C_NLP3,0
575,2014,11,D_1K,0
575,2014,11,P_LK98,0
575,2014,11,P_NLP3,0
575,2014,11,Input_#3_C_1K,14.3333333333333
575,2014,11,Input_#3_C_LK98,72
575,2014,11,Input_#3_C_NLP3,57.6666666666667
575,2014,11,Input_#3_D_1K,167822.09
575,2014,11,Input_#3_P_LK98,823163
575,2014,11,Input_#3_P_NLP3,655340.91
576,2014,12,RM Category,25 rm
576,2014,12,C.LK98,
576,2014,12,P.LK98,
576,2014,12,C.1K,
576,2014,12,D.1K,
576,2014,12,C.NLP3,
576,2014,12,P.NLP3,
576,2014,12,C_1K,0
576,2014,12,C_LK98,0
576,2014,12,C_NLP3,0
576,2014,12,D_1K,0
576,2014,12,P_LK98,0
576,2014,12,P_NLP3,0
576,2014,12,Input_#3_C_1K,0
576,2014,12,Input_#3_C_LK98,0
576,2014,12,Input_#3_C_NLP3,0
576,2014,12,Input_#3_D_1K,0
576,2014,12,Input_#3_P_LK98,0
576,2014,12,Input_#3_P_NLP3,0
577,2009,1,RM Category,250 rm
577,2009,1,C.LK98,12
577,2009,1,P.LK98,865758
577,2009,1,C.1K,4
577,2009,1,D.1K,266270
577,2009,1,C.NLP3,8
577,2009,1,P.NLP3,599488
577,2009,1,C_1K,4
577,2009,1,C_LK98,12
577,2009,1,C_NLP3,8
577,2009,1,D_1K,266270
577,2009,1,P_LK98,865758
577,2009,1,P_NLP3,599488
577,2009,1,Input_#3_C_1K,0.666666666666667
577,2009,1,Input_#3_C_LK98,2
577,2009,1,Input_#3_C_NLP3,1.33333333333333
577,2009,1,Input_#3_D_1K,44378.3333333333
577,2009,1,Input_#3_P_LK98,144293
577,2009,1,Input_#3_P_NLP3,99914.6666666667
578,2009,2,RM Category,250 rm
578,2009,2,C.LK98,12
578,2009,2,P.LK98,877632
578,2009,2,C.1K,2
578,2009,2,D.1K,130280
578,2009,2,C.NLP3,10
578,2009,2,P.NLP3,747352
578,2009,2,C_1K,3.33333333333333
578,2009,2,C_LK98,12
578,2009,2,C_NLP3,8.66666666666667
578,2009,2,D_1K,220940
578,2009,2,P_LK98,869716
578,2009,2,P_NLP3,648776
578,2009,2,Input_#3_C_1K,1
578,2009,2,Input_#3_C_LK98,4
578,2009,2,Input_#3_C_NLP3,3
578,2009,2,Input_#3_D_1K,66091.6666666667
578,2009,2,Input_#3_P_LK98,290565
578,2009,2,Input_#3_P_NLP3,224473.333333333
579,2009,3,RM Category,250 rm
579,2009,3,C.LK98,28
579,2009,3,P.LK98,1785206
579,2009,3,C.1K,8
579,2009,3,D.1K,527328
579,2009,3,C.NLP3,20
579,2009,3,P.NLP3,1257878
579,2009,3,C_1K,4.66666666666667
579,2009,3,C_LK98,17.3333333333333
579,2009,3,C_NLP3,12.6666666666667
579,2009,3,D_1K,307959.333333333
579,2009,3,P_LK98,1176198.66666667
579,2009,3,P_NLP3,868239.333333333
579,2009,3,Input_#3_C_1K,2.33333333333333
579,2009,3,Input_#3_C_LK98,8.66666666666667
579,2009,3,Input_#3_C_NLP3,6.33333333333333
579,2009,3,Input_#3_D_1K,153979.666666667
579,2009,3,Input_#3_P_LK98,588099.333333333
579,2009,3,Input_#3_P_NLP3,434119.666666667
580,2009,4,RM Category,250 rm
580,2009,4,C.LK98,8
580,2009,4,P.LK98,544184
580,2009,4,C.1K,4
580,2009,4,D.1K,270772
580,2009,4,C.NLP3,4
580,2009,4,P.NLP3,273412
580,2009,4,C_1K,4.66666666666667
580,2009,4,C_LK98,16
580,2009,4,C_NLP3,11.3333333333333
580,2009,4,D_1K,309460
580,2009,4,P_LK98,1069007.33333333
580,2009,4,P_NLP3,759547.333333333
580,2009,4,Input_#3_C_1K,3
580,2009,4,Input_#3_C_LK98,10
580,2009,4,Input_#3_C_NLP3,7
580,2009,4,Input_#3_D_1K,199108.333333333
580,2009,4,Input_#3_P_LK98,678796.666666667
580,2009,4,Input_#3_P_NLP3,479688.333333333
581,2009,5,RM Category,250 rm
581,2009,5,C.LK98,22
581,2009,5,P.LK98,1298924
581,2009,5,C.1K,24
581,2009,5,D.1K,1599676
581,2009,5,C.NLP3,-2
581,2009,5,P.NLP3,-300752
581,2009,5,C_1K,12
581,2009,5,C_LK98,19.3333333333333
581,2009,5,C_NLP3,7.33333333333333
581,2009,5,D_1K,799258.666666667
581,2009,5,P_LK98,1209438
581,2009,5,P_NLP3,410179.333333333
581,2009,5,Input_#3_C_1K,7
581,2009,5,Input_#3_C_LK98,13.6666666666667
581,2009,5,Input_#3_C_NLP3,6.66666666666667
581,2009,5,Input_#3_D_1K,465721
581,2009,5,Input_#3_P_LK98,895284
581,2009,5,Input_#3_P_NLP3,429563
582,2009,6,RM Category,250 rm
582,2009,6,C.LK98,20
582,2009,6,P.LK98,1295706
582,2009,6,C.1K,4
582,2009,6,D.1K,296834
582,2009,6,C.NLP3,16
582,2009,6,P.NLP3,998872
582,2009,6,C_1K,10.6666666666667
582,2009,6,C_LK98,16.6666666666667
582,2009,6,C_NLP3,6
582,2009,6,D_1K,722427.333333333
582,2009,6,P_LK98,1046271.33333333
582,2009,6,P_NLP3,323844
582,2009,6,Input_#3_C_1K,7.66666666666667
582,2009,6,Input_#3_C_LK98,17
582,2009,6,Input_#3_C_NLP3,9.33333333333333
582,2009,6,Input_#3_D_1K,515193.333333333
582,2009,6,Input_#3_P_LK98,1111235
582,2009,6,Input_#3_P_NLP3,596041.666666667
583,2009,7,RM Category,250 rm
583,2009,7,C.LK98,16
583,2009,7,P.LK98,1119844
583,2009,7,C.1K,8
583,2009,7,D.1K,694298
583,2009,7,C.NLP3,8
583,2009,7,P.NLP3,425546
583,2009,7,C_1K,12
583,2009,7,C_LK98,19.3333333333333
583,2009,7,C_NLP3,7.33333333333333
583,2009,7,D_1K,863602.666666667
583,2009,7,P_LK98,1238158
583,2009,7,P_NLP3,374555.333333333
583,2009,7,Input_#3_C_1K,8.33333333333333
583,2009,7,Input_#3_C_LK98,17.6666666666667
583,2009,7,Input_#3_C_NLP3,9.33333333333333
583,2009,7,Input_#3_D_1K,586531.333333333
583,2009,7,Input_#3_P_LK98,1153582.66666667
583,2009,7,Input_#3_P_NLP3,567051.333333333
584,2009,8,RM Category,250 rm
584,2009,8,C.LK98,22
584,2009,8,P.LK98,1456304
584,2009,8,C.1K,4
584,2009,8,D.1K,322598
584,2009,8,C.NLP3,18
584,2009,8,P.NLP3,1133706
584,2009,8,C_1K,5.33333333333333
584,2009,8,C_LK98,19.3333333333333
584,2009,8,C_NLP3,14
584,2009,8,D_1K,437910
584,2009,8,P_LK98,1290618
584,2009,8,P_NLP3,852708
584,2009,8,Input_#3_C_1K,8.66666666666667
584,2009,8,Input_#3_C_LK98,19.3333333333333
584,2009,8,Input_#3_C_NLP3,10.6666666666667
584,2009,8,Input_#3_D_1K,618584.333333333
584,2009,8,Input_#3_P_LK98,1250028
584,2009,8,Input_#3_P_NLP3,631443.666666667
585,2009,9,RM Category,250 rm
585,2009,9,C.LK98,24
585,2009,9,P.LK98,1560864
585,2009,9,C.1K,6
585,2009,9,D.1K,294338
585,2009,9,C.NLP3,18
585,2009,9,P.NLP3,1266526
585,2009,9,C_1K,6
585,2009,9,C_LK98,20.6666666666667
585,2009,9,C_NLP3,14.6666666666667
585,2009,9,D_1K,437078
585,2009,9,P_LK98,1379004
585,2009,9,P_NLP3,941926
585,2009,9,Input_#3_C_1K,8.33333333333333
585,2009,9,Input_#3_C_LK98,18.6666666666667
585,2009,9,Input_#3_C_NLP3,10.3333333333333
585,2009,9,Input_#3_D_1K,579752.666666667
585,2009,9,Input_#3_P_LK98,1212637.66666667
585,2009,9,Input_#3_P_NLP3,632885
586,2009,10,RM Category,250 rm
586,2009,10,C.LK98,10
586,2009,10,P.LK98,538924
586,2009,10,C.1K,4
586,2009,10,D.1K,230856
586,2009,10,C.NLP3,6
586,2009,10,P.NLP3,308068
586,2009,10,C_1K,4.66666666666667
586,2009,10,C_LK98,18.6666666666667
586,2009,10,C_NLP3,14
586,2009,10,D_1K,282597.333333333
586,2009,10,P_LK98,1185364
586,2009,10,P_NLP3,902766.666666667
586,2009,10,Input_#3_C_1K,8.33333333333333
586,2009,10,Input_#3_C_LK98,19
586,2009,10,Input_#3_C_NLP3,10.6666666666667
586,2009,10,Input_#3_D_1K,573100
586,2009,10,Input_#3_P_LK98,1211761
586,2009,10,Input_#3_P_NLP3,638661
587,2009,11,RM Category,250 rm
587,2009,11,C.LK98,16
587,2009,11,P.LK98,1064410
587,2009,11,C.1K,2
587,2009,11,D.1K,163142
587,2009,11,C.NLP3,14
587,2009,11,P.NLP3,901268
587,2009,11,C_1K,4
587,2009,11,C_LK98,16.6666666666667
587,2009,11,C_NLP3,12.6666666666667
587,2009,11,D_1K,229445.333333333
587,2009,11,P_LK98,1054732.66666667
587,2009,11,P_NLP3,825287.333333333
587,2009,11,Input_#3_C_1K,4.66666666666667
587,2009,11,Input_#3_C_LK98,18
587,2009,11,Input_#3_C_NLP3,13.3333333333333
587,2009,11,Input_#3_D_1K,333677.666666667
587,2009,11,Input_#3_P_LK98,1172675.33333333
587,2009,11,Input_#3_P_NLP3,838997.666666667
588,2009,12,RM Category,250 rm
588,2009,12,C.LK98,10
588,2009,12,P.LK98,652048
588,2009,12,C.1K,4
588,2009,12,D.1K,218470
588,2009,12,C.NLP3,6
588,2009,12,P.NLP3,433578
588,2009,12,C_1K,3.33333333333333
588,2009,12,C_LK98,12
588,2009,12,C_NLP3,8.66666666666667
588,2009,12,D_1K,204156
588,2009,12,P_LK98,751794
588,2009,12,P_NLP3,547638
588,2009,12,Input_#3_C_1K,4.66666666666667
588,2009,12,Input_#3_C_LK98,16.3333333333333
588,2009,12,Input_#3_C_NLP3,11.6666666666667
588,2009,12,Input_#3_D_1K,320617
588,2009,12,Input_#3_P_LK98,1065399
588,2009,12,Input_#3_P_NLP3,744782
589,2010,1,RM Category,250 rm
589,2010,1,C.LK98,10
589,2010,1,P.LK98,660332
589,2010,1,C.1K,2
589,2010,1,D.1K,110978
589,2010,1,C.NLP3,8
589,2010,1,P.NLP3,549354
589,2010,1,C_1K,2.66666666666667
589,2010,1,C_LK98,12
589,2010,1,C_NLP3,9.33333333333333
589,2010,1,D_1K,164196.666666667
589,2010,1,P_LK98,792263.333333333
589,2010,1,P_NLP3,628066.666666667
589,2010,1,Input_#3_C_1K,3.66666666666667
589,2010,1,Input_#3_C_LK98,15.3333333333333
589,2010,1,Input_#3_C_NLP3,11.6666666666667
589,2010,1,Input_#3_D_1K,223397
589,2010,1,Input_#3_P_LK98,988813.666666667
589,2010,1,Input_#3_P_NLP3,765416.666666667
590,2010,2,RM Category,250 rm
590,2010,2,C.LK98,16
590,2010,2,P.LK98,924140
590,2010,2,C.1K,0
590,2010,2,D.1K,0
590,2010,2,C.NLP3,16
590,2010,2,P.NLP3,924140
590,2010,2,C_1K,2
590,2010,2,C_LK98,12
590,2010,2,C_NLP3,10
590,2010,2,D_1K,109816
590,2010,2,P_LK98,745506.666666667
590,2010,2,P_NLP3,635690.666666667
590,2010,2,Input_#3_C_1K,3
590,2010,2,Input_#3_C_LK98,14.3333333333333
590,2010,2,Input_#3_C_NLP3,11.3333333333333
590,2010,2,Input_#3_D_1K,169630.666666667
590,2010,2,Input_#3_P_LK98,900119.666666667
590,2010,2,Input_#3_P_NLP3,730489
591,2010,3,RM Category,250 rm
591,2010,3,C.LK98,16
591,2010,3,P.LK98,924140
591,2010,3,C.1K,4
591,2010,3,D.1K,300798
591,2010,3,C.NLP3,12
591,2010,3,P.NLP3,623342
591,2010,3,C_1K,2
591,2010,3,C_LK98,14
591,2010,3,C_NLP3,12
591,2010,3,D_1K,137258.666666667
591,2010,3,P_LK98,836204
591,2010,3,P_NLP3,698945.333333333
591,2010,3,Input_#3_C_1K,2.66666666666667
591,2010,3,Input_#3_C_LK98,13
591,2010,3,Input_#3_C_NLP3,10.3333333333333
591,2010,3,Input_#3_D_1K,170707.333333333
591,2010,3,Input_#3_P_LK98,793999
591,2010,3,Input_#3_P_NLP3,623291.666666667
592,2010,4,RM Category,250 rm
592,2010,4,C.LK98,10
592,2010,4,P.LK98,682276
592,2010,4,C.1K,0
592,2010,4,D.1K,0
592,2010,4,C.NLP3,10
592,2010,4,P.NLP3,682276
592,2010,4,C_1K,1.33333333333333
592,2010,4,C_LK98,14
592,2010,4,C_NLP3,12.6666666666667
592,2010,4,D_1K,100266
592,2010,4,P_LK98,843518.666666667
592,2010,4,P_NLP3,743252.666666667
592,2010,4,Input_#3_C_1K,2
592,2010,4,Input_#3_C_LK98,13
592,2010,4,Input_#3_C_NLP3,11
592,2010,4,Input_#3_D_1K,132231.333333333
592,2010,4,Input_#3_P_LK98,817891
592,2010,4,Input_#3_P_NLP3,685659.666666667
593,2010,5,RM Category,250 rm
593,2010,5,C.LK98,10
593,2010,5,P.LK98,682276
593,2010,5,C.1K,10
593,2010,5,D.1K,849192
593,2010,5,C.NLP3,0
593,2010,5,P.NLP3,-166916
593,2010,5,C_1K,4.66666666666667
593,2010,5,C_LK98,12
593,2010,5,C_NLP3,7.33333333333333
593,2010,5,D_1K,383330
593,2010,5,P_LK98,762897.333333333
593,2010,5,P_NLP3,379567.333333333
593,2010,5,Input_#3_C_1K,3.33333333333333
593,2010,5,Input_#3_C_LK98,12
593,2010,5,Input_#3_C_NLP3,8.66666666666667
593,2010,5,Input_#3_D_1K,246573
593,2010,5,Input_#3_P_LK98,754202
593,2010,5,Input_#3_P_NLP3,507629
594,2010,6,RM Category,250 rm
594,2010,6,C.LK98,14
594,2010,6,P.LK98,784202
594,2010,6,C.1K,2
594,2010,6,D.1K,169270
594,2010,6,C.NLP3,12
594,2010,6,P.NLP3,614932
594,2010,6,C_1K,4
594,2010,6,C_LK98,11.3333333333333
594,2010,6,C_NLP3,7.33333333333333
594,2010,6,D_1K,339487.333333333
594,2010,6,P_LK98,716251.333333333
594,2010,6,P_NLP3,376764
594,2010,6,Input_#3_C_1K,3
594,2010,6,Input_#3_C_LK98,12.6666666666667
594,2010,6,Input_#3_C_NLP3,9.66666666666667
594,2010,6,Input_#3_D_1K,238373
594,2010,6,Input_#3_P_LK98,776227.666666667
594,2010,6,Input_#3_P_NLP3,537854.666666667
595,2010,7,RM Category,250 rm
595,2010,7,C.LK98,14
595,2010,7,P.LK98,784202
595,2010,7,C.1K,4
595,2010,7,D.1K,264602
595,2010,7,C.NLP3,10
595,2010,7,P.NLP3,519600
595,2010,7,C_1K,5.33333333333333
595,2010,7,C_LK98,12.6666666666667
595,2010,7,C_NLP3,7.33333333333333
595,2010,7,D_1K,427688
595,2010,7,P_LK98,750226.666666667
595,2010,7,P_NLP3,322538.666666667
595,2010,7,Input_#3_C_1K,3.33333333333333
595,2010,7,Input_#3_C_LK98,13.3333333333333
595,2010,7,Input_#3_C_NLP3,10
595,2010,7,Input_#3_D_1K,263977
595,2010,7,Input_#3_P_LK98,796872.666666667
595,2010,7,Input_#3_P_NLP3,532895.666666667
596,2010,8,RM Category,250 rm
596,2010,8,C.LK98,24
596,2010,8,P.LK98,1451246
596,2010,8,C.1K,18
596,2010,8,D.1K,978662
596,2010,8,C.NLP3,6
596,2010,8,P.NLP3,472584
596,2010,8,C_1K,8
596,2010,8,C_LK98,17.3333333333333
596,2010,8,C_NLP3,9.33333333333333
596,2010,8,D_1K,470844.666666667
596,2010,8,P_LK98,1006550
596,2010,8,P_NLP3,535705.333333333
596,2010,8,Input_#3_C_1K,6.33333333333333
596,2010,8,Input_#3_C_LK98,14.6666666666667
596,2010,8,Input_#3_C_NLP3,8.33333333333333
596,2010,8,Input_#3_D_1K,427087.333333333
596,2010,8,Input_#3_P_LK98,884723.666666667
596,2010,8,Input_#3_P_NLP3,457636.333333333
597,2010,9,RM Category,250 rm
597,2010,9,C.LK98,24
597,2010,9,P.LK98,1436644
597,2010,9,C.1K,6
597,2010,9,D.1K,428110
597,2010,9,C.NLP3,18
597,2010,9,P.NLP3,1008534
597,2010,9,C_1K,9.33333333333333
597,2010,9,C_LK98,20.6666666666667
597,2010,9,C_NLP3,11.3333333333333
597,2010,9,D_1K,557124.666666667
597,2010,9,P_LK98,1224030.66666667
597,2010,9,P_NLP3,666906
597,2010,9,Input_#3_C_1K,6.66666666666667
597,2010,9,Input_#3_C_LK98,16
597,2010,9,Input_#3_C_NLP3,9.33333333333333
597,2010,9,Input_#3_D_1K,448306
597,2010,9,Input_#3_P_LK98,970141
597,2010,9,Input_#3_P_NLP3,521835
598,2010,10,RM Category,250 rm
598,2010,10,C.LK98,36
598,2010,10,P.LK98,2294710
598,2010,10,C.1K,6
598,2010,10,D.1K,401894
598,2010,10,C.NLP3,30
598,2010,10,P.NLP3,1892816
598,2010,10,C_1K,10
598,2010,10,C_LK98,28
598,2010,10,C_NLP3,18
598,2010,10,D_1K,602888.666666667
598,2010,10,P_LK98,1727533.33333333
598,2010,10,P_NLP3,1124644.66666667
598,2010,10,Input_#3_C_1K,7.66666666666667
598,2010,10,Input_#3_C_LK98,20.3333333333333
598,2010,10,Input_#3_C_NLP3,12.6666666666667
598,2010,10,Input_#3_D_1K,515288.333333333
598,2010,10,Input_#3_P_LK98,1238880
598,2010,10,Input_#3_P_NLP3,723591.666666667
599,2010,11,RM Category,250 rm
599,2010,11,C.LK98,20
599,2010,11,P.LK98,1357052
599,2010,11,C.1K,10
599,2010,11,D.1K,778838
599,2010,11,C.NLP3,10
599,2010,11,P.NLP3,578214
599,2010,11,C_1K,7.33333333333333
599,2010,11,C_LK98,26.6666666666667
599,2010,11,C_NLP3,19.3333333333333
599,2010,11,D_1K,536280.666666667
599,2010,11,P_LK98,1696135.33333333
599,2010,11,P_NLP3,1159854.66666667
599,2010,11,Input_#3_C_1K,7.66666666666667
599,2010,11,Input_#3_C_LK98,22
599,2010,11,Input_#3_C_NLP3,14.3333333333333
599,2010,11,Input_#3_D_1K,503562.666666667
599,2010,11,Input_#3_P_LK98,1351342.66666667
599,2010,11,Input_#3_P_NLP3,847780
600,2010,12,RM Category,250 rm
600,2010,12,C.LK98,22
600,2010,12,P.LK98,1611720
600,2010,12,C.1K,8
600,2010,12,D.1K,746994
600,2010,12,C.NLP3,14
600,2010,12,P.NLP3,864726
600,2010,12,C_1K,8
600,2010,12,C_LK98,26
600,2010,12,C_NLP3,18
600,2010,12,D_1K,642575.333333333
600,2010,12,P_LK98,1754494
600,2010,12,P_NLP3,1111918.66666667
600,2010,12,Input_#3_C_1K,8.66666666666667
600,2010,12,Input_#3_C_LK98,23.3333333333333
600,2010,12,Input_#3_C_NLP3,14.6666666666667
600,2010,12,Input_#3_D_1K,599850
600,2010,12,Input_#3_P_LK98,1489262.33333333
600,2010,12,Input_#3_P_NLP3,889412.333333333
601,2011,1,RM Category,250 rm
601,2011,1,C.LK98,20
601,2011,1,P.LK98,1321278
601,2011,1,C.1K,2
601,2011,1,D.1K,184548
601,2011,1,C.NLP3,18
601,2011,1,P.NLP3,1136730
601,2011,1,C_1K,6.66666666666667
601,2011,1,C_LK98,20.6666666666667
601,2011,1,C_NLP3,14
601,2011,1,D_1K,570126.666666667
601,2011,1,P_LK98,1430016.66666667
601,2011,1,P_NLP3,859890
601,2011,1,Input_#3_C_1K,8.33333333333333
601,2011,1,Input_#3_C_LK98,24.3333333333333
601,2011,1,Input_#3_C_NLP3,16
601,2011,1,Input_#3_D_1K,586507.666666667
601,2011,1,Input_#3_P_LK98,1578775
601,2011,1,Input_#3_P_NLP3,992267.333333333
602,2011,2,RM Category,250 rm
602,2011,2,C.LK98,18
602,2011,2,P.LK98,1081254
602,2011,2,C.1K,4
602,2011,2,D.1K,253980
602,2011,2,C.NLP3,14
602,2011,2,P.NLP3,827274
602,2011,2,C_1K,4.66666666666667
602,2011,2,C_LK98,20
602,2011,2,C_NLP3,15.3333333333333
602,2011,2,D_1K,395174
602,2011,2,P_LK98,1338084
602,2011,2,P_NLP3,942910
602,2011,2,Input_#3_C_1K,6
602,2011,2,Input_#3_C_LK98,23.3333333333333
602,2011,2,Input_#3_C_NLP3,17.3333333333333
602,2011,2,Input_#3_D_1K,465727.333333333
602,2011,2,Input_#3_P_LK98,1517109.66666667
602,2011,2,Input_#3_P_NLP3,1051382.33333333
603,2011,3,RM Category,250 rm
603,2011,3,C.LK98,26
603,2011,3,P.LK98,1751052
603,2011,3,C.1K,4
603,2011,3,D.1K,360340
603,2011,3,C.NLP3,22
603,2011,3,P.NLP3,1390712
603,2011,3,C_1K,3.33333333333333
603,2011,3,C_LK98,21.3333333333333
603,2011,3,C_NLP3,18
603,2011,3,D_1K,266289.333333333
603,2011,3,P_LK98,1384528
603,2011,3,P_NLP3,1118238.66666667
603,2011,3,Input_#3_C_1K,5.66666666666667
603,2011,3,Input_#3_C_LK98,23.6666666666667
603,2011,3,Input_#3_C_NLP3,18
603,2011,3,Input_#3_D_1K,454432.333333333
603,2011,3,Input_#3_P_LK98,1569511
603,2011,3,Input_#3_P_NLP3,1115078.66666667
604,2011,4,RM Category,250 rm
604,2011,4,C.LK98,30
604,2011,4,P.LK98,1938756
604,2011,4,C.1K,4
604,2011,4,D.1K,258840
604,2011,4,C.NLP3,26
604,2011,4,P.NLP3,1679916
604,2011,4,C_1K,4
604,2011,4,C_LK98,24.6666666666667
604,2011,4,C_NLP3,20.6666666666667
604,2011,4,D_1K,291053.333333333
604,2011,4,P_LK98,1590354
604,2011,4,P_NLP3,1299300.66666667
604,2011,4,Input_#3_C_1K,5.33333333333333
604,2011,4,Input_#3_C_LK98,22.6666666666667
604,2011,4,Input_#3_C_NLP3,17.3333333333333
604,2011,4,Input_#3_D_1K,430590
604,2011,4,Input_#3_P_LK98,1510185.33333333
604,2011,4,Input_#3_P_NLP3,1079595.33333333
605,2011,5,RM Category,250 rm
605,2011,5,C.LK98,30
605,2011,5,P.LK98,1938756
605,2011,5,C.1K,10
605,2011,5,D.1K,707448
605,2011,5,C.NLP3,20
605,2011,5,P.NLP3,1231308
605,2011,5,C_1K,6
605,2011,5,C_LK98,28.6666666666667
605,2011,5,C_NLP3,22.6666666666667
605,2011,5,D_1K,442209.333333333
605,2011,5,P_LK98,1876188
605,2011,5,P_NLP3,1433978.66666667
605,2011,5,Input_#3_C_1K,5.33333333333333
605,2011,5,Input_#3_C_LK98,24.3333333333333
605,2011,5,Input_#3_C_NLP3,19
605,2011,5,Input_#3_D_1K,418691.666666667
605,2011,5,Input_#3_P_LK98,1607136
605,2011,5,Input_#3_P_NLP3,1188444.33333333
606,2011,6,RM Category,250 rm
606,2011,6,C.LK98,30
606,2011,6,P.LK98,1938756
606,2011,6,C.1K,6
606,2011,6,D.1K,479822
606,2011,6,C.NLP3,24
606,2011,6,P.NLP3,1458934
606,2011,6,C_1K,6.66666666666667
606,2011,6,C_LK98,30
606,2011,6,C_NLP3,23.3333333333333
606,2011,6,D_1K,482036.666666667
606,2011,6,P_LK98,1938756
606,2011,6,P_NLP3,1456719.33333333
606,2011,6,Input_#3_C_1K,5
606,2011,6,Input_#3_C_LK98,25.6666666666667
606,2011,6,Input_#3_C_NLP3,20.6666666666667
606,2011,6,Input_#3_D_1K,374163
606,2011,6,Input_#3_P_LK98,1661642
606,2011,6,Input_#3_P_NLP3,1287479
607,2011,7,RM Category,250 rm
607,2011,7,C.LK98,46
607,2011,7,P.LK98,2870990
607,2011,7,C.1K,22
607,2011,7,D.1K,1448066
607,2011,7,C.NLP3,24
607,2011,7,P.NLP3,1422924
607,2011,7,C_1K,12.6666666666667
607,2011,7,C_LK98,35.3333333333333
607,2011,7,C_NLP3,22.6666666666667
607,2011,7,D_1K,878445.333333333
607,2011,7,P_LK98,2249500.66666667
607,2011,7,P_NLP3,1371055.33333333
607,2011,7,Input_#3_C_1K,8.33333333333333
607,2011,7,Input_#3_C_LK98,30
607,2011,7,Input_#3_C_NLP3,21.6666666666667
607,2011,7,Input_#3_D_1K,584749.333333333
607,2011,7,Input_#3_P_LK98,1919927.33333333
607,2011,7,Input_#3_P_NLP3,1335178
608,2011,8,RM Category,250 rm
608,2011,8,C.LK98,30
608,2011,8,P.LK98,1998068
608,2011,8,C.1K,4
608,2011,8,D.1K,313278
608,2011,8,C.NLP3,26
608,2011,8,P.NLP3,1684790
608,2011,8,C_1K,10.6666666666667
608,2011,8,C_LK98,35.3333333333333
608,2011,8,C_NLP3,24.6666666666667
608,2011,8,D_1K,747055.333333333
608,2011,8,P_LK98,2269271.33333333
608,2011,8,P_NLP3,1522216
608,2011,8,Input_#3_C_1K,8.33333333333333
608,2011,8,Input_#3_C_LK98,32
608,2011,8,Input_#3_C_NLP3,23.6666666666667
608,2011,8,Input_#3_D_1K,594632.333333333
608,2011,8,Input_#3_P_LK98,2072729.66666667
608,2011,8,Input_#3_P_NLP3,1478097.33333333
609,2011,9,RM Category,250 rm
609,2011,9,C.LK98,38
609,2011,9,P.LK98,2552496
609,2011,9,C.1K,6
609,2011,9,D.1K,447310
609,2011,9,C.NLP3,32
609,2011,9,P.NLP3,2105186
609,2011,9,C_1K,10.6666666666667
609,2011,9,C_LK98,38
609,2011,9,C_NLP3,27.3333333333333
609,2011,9,D_1K,736218
609,2011,9,P_LK98,2473851.33333333
609,2011,9,P_NLP3,1737633.33333333
609,2011,9,Input_#3_C_1K,8.66666666666667
609,2011,9,Input_#3_C_LK98,34
609,2011,9,Input_#3_C_NLP3,25.3333333333333
609,2011,9,Input_#3_D_1K,609127.333333333
609,2011,9,Input_#3_P_LK98,2206303.66666667
609,2011,9,Input_#3_P_NLP3,1597176.33333333
610,2011,10,RM Category,250 rm
610,2011,10,C.LK98,20
610,2011,10,P.LK98,1223738
610,2011,10,C.1K,2
610,2011,10,D.1K,156830
610,2011,10,C.NLP3,18
610,2011,10,P.NLP3,1066908
610,2011,10,C_1K,4
610,2011,10,C_LK98,29.3333333333333
610,2011,10,C_NLP3,25.3333333333333
610,2011,10,D_1K,305806
610,2011,10,P_LK98,1924767.33333333
610,2011,10,P_NLP3,1618961.33333333
610,2011,10,Input_#3_C_1K,8.33333333333333
610,2011,10,Input_#3_C_LK98,32.3333333333333
610,2011,10,Input_#3_C_NLP3,24
610,2011,10,Input_#3_D_1K,592125.666666667
610,2011,10,Input_#3_P_LK98,2087134
610,2011,10,Input_#3_P_NLP3,1495008.33333333
611,2011,11,RM Category,250 rm
611,2011,11,C.LK98,24
611,2011,11,P.LK98,1520296
611,2011,11,C.1K,2
611,2011,11,D.1K,118330
611,2011,11,C.NLP3,22
611,2011,11,P.NLP3,1401966
611,2011,11,C_1K,3.33333333333333
611,2011,11,C_LK98,27.3333333333333
611,2011,11,C_NLP3,24
611,2011,11,D_1K,240823.333333333
611,2011,11,P_LK98,1765510
611,2011,11,P_NLP3,1524686.66666667
611,2011,11,Input_#3_C_1K,7
611,2011,11,Input_#3_C_LK98,31.3333333333333
611,2011,11,Input_#3_C_NLP3,24.3333333333333
611,2011,11,Input_#3_D_1K,493939.333333333
611,2011,11,Input_#3_P_LK98,2017390.66666667
611,2011,11,Input_#3_P_NLP3,1523451.33333333
612,2011,12,RM Category,250 rm
612,2011,12,C.LK98,38
612,2011,12,P.LK98,2408308
612,2011,12,C.1K,4
612,2011,12,D.1K,326124
612,2011,12,C.NLP3,34
612,2011,12,P.NLP3,2082184
612,2011,12,C_1K,2.66666666666667
612,2011,12,C_LK98,27.3333333333333
612,2011,12,C_NLP3,24.6666666666667
612,2011,12,D_1K,200428
612,2011,12,P_LK98,1717447.33333333
612,2011,12,P_NLP3,1517019.33333333
612,2011,12,Input_#3_C_1K,6.66666666666667
612,2011,12,Input_#3_C_LK98,32.6666666666667
612,2011,12,Input_#3_C_NLP3,26
612,2011,12,Input_#3_D_1K,468323
612,2011,12,Input_#3_P_LK98,2095649.33333333
612,2011,12,Input_#3_P_NLP3,1627326.33333333
613,2012,1,RM Category,250 rm
613,2012,1,C.LK98,8
613,2012,1,P.LK98,551880
613,2012,1,C.1K,0
613,2012,1,D.1K,0
613,2012,1,C.NLP3,8
613,2012,1,P.NLP3,551880
613,2012,1,C_1K,2
613,2012,1,C_LK98,23.3333333333333
613,2012,1,C_NLP3,21.3333333333333
613,2012,1,D_1K,148151.333333333
613,2012,1,P_LK98,1493494.66666667
613,2012,1,P_NLP3,1345343.33333333
613,2012,1,Input_#3_C_1K,3
613,2012,1,Input_#3_C_LK98,26.3333333333333
613,2012,1,Input_#3_C_NLP3,23.3333333333333
613,2012,1,Input_#3_D_1K,226978.666666667
613,2012,1,Input_#3_P_LK98,1709131
613,2012,1,Input_#3_P_NLP3,1482152.33333333
614,2012,2,RM Category,250 rm
614,2012,2,C.LK98,38
614,2012,2,P.LK98,2659978
614,2012,2,C.1K,12
614,2012,2,D.1K,929848
614,2012,2,C.NLP3,26
614,2012,2,P.NLP3,1730130
614,2012,2,C_1K,5.33333333333333
614,2012,2,C_LK98,28
614,2012,2,C_NLP3,22.6666666666667
614,2012,2,D_1K,418657.333333333
614,2012,2,P_LK98,1873388.66666667
614,2012,2,P_NLP3,1454731.33333333
614,2012,2,Input_#3_C_1K,4.33333333333333
614,2012,2,Input_#3_C_LK98,27.6666666666667
614,2012,2,Input_#3_C_NLP3,23.3333333333333
614,2012,2,Input_#3_D_1K,329740.333333333
614,2012,2,Input_#3_P_LK98,1819449.33333333
614,2012,2,Input_#3_P_NLP3,1489709
615,2012,3,RM Category,250 rm
615,2012,3,C.LK98,22
615,2012,3,P.LK98,1560354
615,2012,3,C.1K,8
615,2012,3,D.1K,565488
615,2012,3,C.NLP3,14
615,2012,3,P.NLP3,994866
615,2012,3,C_1K,6.66666666666667
615,2012,3,C_LK98,22.6666666666667
615,2012,3,C_NLP3,16
615,2012,3,D_1K,498445.333333333
615,2012,3,P_LK98,1590737.33333333
615,2012,3,P_NLP3,1092292
615,2012,3,Input_#3_C_1K,4.66666666666667
615,2012,3,Input_#3_C_LK98,25
615,2012,3,Input_#3_C_NLP3,20.3333333333333
615,2012,3,Input_#3_D_1K,349436.666666667
615,2012,3,Input_#3_P_LK98,1654092.33333333
615,2012,3,Input_#3_P_NLP3,1304655.66666667
616,2012,4,RM Category,250 rm
616,2012,4,C.LK98,22
616,2012,4,P.LK98,1273960
616,2012,4,C.1K,4
616,2012,4,D.1K,284320
616,2012,4,C.NLP3,18
616,2012,4,P.NLP3,989640
616,2012,4,C_1K,8
616,2012,4,C_LK98,27.3333333333333
616,2012,4,C_NLP3,19.3333333333333
616,2012,4,D_1K,593218.666666667
616,2012,4,P_LK98,1831430.66666667
616,2012,4,P_NLP3,1238212
616,2012,4,Input_#3_C_1K,5
616,2012,4,Input_#3_C_LK98,25.3333333333333
616,2012,4,Input_#3_C_NLP3,20.3333333333333
616,2012,4,Input_#3_D_1K,370685
616,2012,4,Input_#3_P_LK98,1662462.66666667
616,2012,4,Input_#3_P_NLP3,1291777.66666667
617,2012,5,RM Category,250 rm
617,2012,5,C.LK98,40
617,2012,5,P.LK98,2804248
617,2012,5,C.1K,8
617,2012,5,D.1K,653596
617,2012,5,C.NLP3,32
617,2012,5,P.NLP3,2150652
617,2012,5,C_1K,6.66666666666667
617,2012,5,C_LK98,28
617,2012,5,C_NLP3,21.3333333333333
617,2012,5,D_1K,501134.666666667
617,2012,5,P_LK98,1879520.66666667
617,2012,5,P_NLP3,1378386
617,2012,5,Input_#3_C_1K,6
617,2012,5,Input_#3_C_LK98,28
617,2012,5,Input_#3_C_NLP3,22
617,2012,5,Input_#3_D_1K,459896
617,2012,5,Input_#3_P_LK98,1876454.66666667
617,2012,5,Input_#3_P_NLP3,1416558.66666667
618,2012,6,RM Category,250 rm
618,2012,6,C.LK98,32
618,2012,6,P.LK98,2050532
618,2012,6,C.1K,4
618,2012,6,D.1K,347660
618,2012,6,C.NLP3,28
618,2012,6,P.NLP3,1702872
618,2012,6,C_1K,5.33333333333333
618,2012,6,C_LK98,31.3333333333333
618,2012,6,C_NLP3,26
618,2012,6,D_1K,428525.333333333
618,2012,6,P_LK98,2042913.33333333
618,2012,6,P_NLP3,1614388
618,2012,6,Input_#3_C_1K,6
618,2012,6,Input_#3_C_LK98,27
618,2012,6,Input_#3_C_NLP3,21
618,2012,6,Input_#3_D_1K,463485.333333333
618,2012,6,Input_#3_P_LK98,1816825.33333333
618,2012,6,Input_#3_P_NLP3,1353340
619,2012,7,RM Category,250 rm
619,2012,7,C.LK98,44
619,2012,7,P.LK98,3122644
619,2012,7,C.1K,6
619,2012,7,D.1K,434244
619,2012,7,C.NLP3,38
619,2012,7,P.NLP3,2688400
619,2012,7,C_1K,6
619,2012,7,C_LK98,38.6666666666667
619,2012,7,C_NLP3,32.6666666666667
619,2012,7,D_1K,478500
619,2012,7,P_LK98,2659141.33333333
619,2012,7,P_NLP3,2180641.33333333
619,2012,7,Input_#3_C_1K,7
619,2012,7,Input_#3_C_LK98,33
619,2012,7,Input_#3_C_NLP3,26
619,2012,7,Input_#3_D_1K,535859.333333333
619,2012,7,Input_#3_P_LK98,2245286
619,2012,7,Input_#3_P_NLP3,1709426.66666667
620,2012,8,RM Category,250 rm
620,2012,8,C.LK98,46
620,2012,8,P.LK98,3151490
620,2012,8,C.1K,14
620,2012,8,D.1K,1052376
620,2012,8,C.NLP3,32
620,2012,8,P.NLP3,2099114
620,2012,8,C_1K,8
620,2012,8,C_LK98,40.6666666666667
620,2012,8,C_NLP3,32.6666666666667
620,2012,8,D_1K,611426.666666667
620,2012,8,P_LK98,2774888.66666667
620,2012,8,P_NLP3,2163462
620,2012,8,Input_#3_C_1K,7.33333333333333
620,2012,8,Input_#3_C_LK98,34.3333333333333
620,2012,8,Input_#3_C_NLP3,27
620,2012,8,Input_#3_D_1K,556280.666666667
620,2012,8,Input_#3_P_LK98,2327204.66666667
620,2012,8,Input_#3_P_NLP3,1770924
621,2012,9,RM Category,250 rm
621,2012,9,C.LK98,30
621,2012,9,P.LK98,2166202
621,2012,9,C.1K,4
621,2012,9,D.1K,354524
621,2012,9,C.NLP3,26
621,2012,9,P.NLP3,1811678
621,2012,9,C_1K,8
621,2012,9,C_LK98,40
621,2012,9,C_NLP3,32
621,2012,9,D_1K,613714.666666667
621,2012,9,P_LK98,2813445.33333333
621,2012,9,P_NLP3,2199730.66666667
621,2012,9,Input_#3_C_1K,6.66666666666667
621,2012,9,Input_#3_C_LK98,35.6666666666667
621,2012,9,Input_#3_C_NLP3,29
621,2012,9,Input_#3_D_1K,521120
621,2012,9,Input_#3_P_LK98,2428179.33333333
621,2012,9,Input_#3_P_NLP3,1907059.33333333
622,2012,10,RM Category,250 rm
622,2012,10,C.LK98,36
622,2012,10,P.LK98,2747484
622,2012,10,C.1K,14
622,2012,10,D.1K,1109960
622,2012,10,C.NLP3,22
622,2012,10,P.NLP3,1637524
622,2012,10,C_1K,10.6666666666667
622,2012,10,C_LK98,37.3333333333333
622,2012,10,C_NLP3,26.6666666666667
622,2012,10,D_1K,838953.333333333
622,2012,10,P_LK98,2688392
622,2012,10,P_NLP3,1849438.66666667
622,2012,10,Input_#3_C_1K,8.33333333333333
622,2012,10,Input_#3_C_LK98,38
622,2012,10,Input_#3_C_NLP3,29.6666666666667
622,2012,10,Input_#3_D_1K,658726.666666667
622,2012,10,Input_#3_P_LK98,2673766.66666667
622,2012,10,Input_#3_P_NLP3,2015040
623,2012,11,RM Category,250 rm
623,2012,11,C.LK98,46
623,2012,11,P.LK98,3035188
623,2012,11,C.1K,8
623,2012,11,D.1K,624376
623,2012,11,C.NLP3,38
623,2012,11,P.NLP3,2410812
623,2012,11,C_1K,8.66666666666667
623,2012,11,C_LK98,37.3333333333333
623,2012,11,C_NLP3,28.6666666666667
623,2012,11,D_1K,696286.666666667
623,2012,11,P_LK98,2649624.66666667
623,2012,11,P_NLP3,1953338
623,2012,11,Input_#3_C_1K,8.33333333333333
623,2012,11,Input_#3_C_LK98,39
623,2012,11,Input_#3_C_NLP3,30.6666666666667
623,2012,11,Input_#3_D_1K,653856.666666667
623,2012,11,Input_#3_P_LK98,2712256.66666667
623,2012,11,Input_#3_P_NLP3,2058400
624,2012,12,RM Category,250 rm
624,2012,12,C.LK98,64
624,2012,12,P.LK98,4631090
624,2012,12,C.1K,16
624,2012,12,D.1K,1369102
624,2012,12,C.NLP3,48
624,2012,12,P.NLP3,3261988
624,2012,12,C_1K,12.6666666666667
624,2012,12,C_LK98,48.6666666666667
624,2012,12,C_NLP3,36
624,2012,12,D_1K,1034479.33333333
624,2012,12,P_LK98,3471254
624,2012,12,P_NLP3,2436774.66666667
624,2012,12,Input_#3_C_1K,10.3333333333333
624,2012,12,Input_#3_C_LK98,44.3333333333333
624,2012,12,Input_#3_C_NLP3,34
624,2012,12,Input_#3_D_1K,824097
624,2012,12,Input_#3_P_LK98,3142349.66666667
624,2012,12,Input_#3_P_NLP3,2318252.66666667
625,2013,1,RM Category,250 rm
625,2013,1,C.LK98,30
625,2013,1,P.LK98,2251842
625,2013,1,C.1K,4
625,2013,1,D.1K,369096
625,2013,1,C.NLP3,26
625,2013,1,P.NLP3,1882746
625,2013,1,C_1K,9.33333333333333
625,2013,1,C_LK98,46.6666666666667
625,2013,1,C_NLP3,37.3333333333333
625,2013,1,D_1K,787524.666666667
625,2013,1,P_LK98,3306040
625,2013,1,P_NLP3,2518515.33333333
625,2013,1,Input_#3_C_1K,10
625,2013,1,Input_#3_C_LK98,42
625,2013,1,Input_#3_C_NLP3,32
625,2013,1,Input_#3_D_1K,813239
625,2013,1,Input_#3_P_LK98,2997216
625,2013,1,Input_#3_P_NLP3,2183977
626,2013,2,RM Category,250 rm
626,2013,2,C.LK98,28
626,2013,2,P.LK98,1926996
626,2013,2,C.1K,2
626,2013,2,D.1K,189356
626,2013,2,C.NLP3,26
626,2013,2,P.NLP3,1737640
626,2013,2,C_1K,7.33333333333333
626,2013,2,C_LK98,40.6666666666667
626,2013,2,C_NLP3,33.3333333333333
626,2013,2,D_1K,642518
626,2013,2,P_LK98,2936642.66666667
626,2013,2,P_NLP3,2294124.66666667
626,2013,2,Input_#3_C_1K,8
626,2013,2,Input_#3_C_LK98,39
626,2013,2,Input_#3_C_NLP3,31
626,2013,2,Input_#3_D_1K,669402.333333333
626,2013,2,Input_#3_P_LK98,2793133.66666667
626,2013,2,Input_#3_P_NLP3,2123731.33333333
627,2013,3,RM Category,250 rm
627,2013,3,C.LK98,60
627,2013,3,P.LK98,3925006
627,2013,3,C.1K,8
627,2013,3,D.1K,597294
627,2013,3,C.NLP3,52
627,2013,3,P.NLP3,3327712
627,2013,3,C_1K,4.66666666666667
627,2013,3,C_LK98,39.3333333333333
627,2013,3,C_NLP3,34.6666666666667
627,2013,3,D_1K,385248.666666667
627,2013,3,P_LK98,2701281.33333333
627,2013,3,P_NLP3,2316032.66666667
627,2013,3,Input_#3_C_1K,8.66666666666667
627,2013,3,Input_#3_C_LK98,44
627,2013,3,Input_#3_C_NLP3,35.3333333333333
627,2013,3,Input_#3_D_1K,709864
627,2013,3,Input_#3_P_LK98,3086267.66666667
627,2013,3,Input_#3_P_NLP3,2376403.66666667
628,2013,4,RM Category,250 rm
628,2013,4,C.LK98,40
628,2013,4,P.LK98,2800040
628,2013,4,C.1K,4
628,2013,4,D.1K,262612
628,2013,4,C.NLP3,36
628,2013,4,P.NLP3,2537428
628,2013,4,C_1K,4.66666666666667
628,2013,4,C_LK98,42.6666666666667
628,2013,4,C_NLP3,38
628,2013,4,D_1K,349754
628,2013,4,P_LK98,2884014
628,2013,4,P_NLP3,2534260
628,2013,4,Input_#3_C_1K,7
628,2013,4,Input_#3_C_LK98,44.6666666666667
628,2013,4,Input_#3_C_NLP3,37.6666666666667
628,2013,4,Input_#3_D_1K,568639.333333333
628,2013,4,Input_#3_P_LK98,3095027
628,2013,4,Input_#3_P_NLP3,2526387.66666667
629,2013,5,RM Category,250 rm
629,2013,5,C.LK98,32
629,2013,5,P.LK98,2431862
629,2013,5,C.1K,16
629,2013,5,D.1K,1145426
629,2013,5,C.NLP3,16
629,2013,5,P.NLP3,1286436
629,2013,5,C_1K,9.33333333333333
629,2013,5,C_LK98,44
629,2013,5,C_NLP3,34.6666666666667
629,2013,5,D_1K,668444
629,2013,5,P_LK98,3052302.66666667
629,2013,5,P_NLP3,2383858.66666667
629,2013,5,Input_#3_C_1K,8.33333333333333
629,2013,5,Input_#3_C_LK98,42.3333333333333
629,2013,5,Input_#3_C_NLP3,34
629,2013,5,Input_#3_D_1K,655481
629,2013,5,Input_#3_P_LK98,2994472.66666667
629,2013,5,Input_#3_P_NLP3,2338991.66666667
630,2013,6,RM Category,250 rm
630,2013,6,C.LK98,52
630,2013,6,P.LK98,3752008
630,2013,6,C.1K,22
630,2013,6,D.1K,1800188
630,2013,6,C.NLP3,30
630,2013,6,P.NLP3,1951820
630,2013,6,C_1K,14
630,2013,6,C_LK98,41.3333333333333
630,2013,6,C_NLP3,27.3333333333333
630,2013,6,D_1K,1069408.66666667
630,2013,6,P_LK98,2994636.66666667
630,2013,6,P_NLP3,1925228
630,2013,6,Input_#3_C_1K,9.33333333333333
630,2013,6,Input_#3_C_LK98,40.3333333333333
630,2013,6,Input_#3_C_NLP3,31
630,2013,6,Input_#3_D_1K,727328.666666667
630,2013,6,Input_#3_P_LK98,2847959
630,2013,6,Input_#3_P_NLP3,2120630.33333333
631,2013,7,RM Category,250 rm
631,2013,7,C.LK98,30
631,2013,7,P.LK98,2065154
631,2013,7,C.1K,14
631,2013,7,D.1K,1008120
631,2013,7,C.NLP3,16
631,2013,7,P.NLP3,1057034
631,2013,7,C_1K,17.3333333333333
631,2013,7,C_LK98,38
631,2013,7,C_NLP3,20.6666666666667
631,2013,7,D_1K,1317911.33333333
631,2013,7,P_LK98,2749674.66666667
631,2013,7,P_NLP3,1431763.33333333
631,2013,7,Input_#3_C_1K,11
631,2013,7,Input_#3_C_LK98,40.3333333333333
631,2013,7,Input_#3_C_NLP3,29.3333333333333
631,2013,7,Input_#3_D_1K,833832.666666667
631,2013,7,Input_#3_P_LK98,2816844.33333333
631,2013,7,Input_#3_P_NLP3,1983011.66666667
632,2013,8,RM Category,250 rm
632,2013,8,C.LK98,36
632,2013,8,P.LK98,2317462
632,2013,8,C.1K,4
632,2013,8,D.1K,331892
632,2013,8,C.NLP3,32
632,2013,8,P.NLP3,1985570
632,2013,8,C_1K,13.3333333333333
632,2013,8,C_LK98,39.3333333333333
632,2013,8,C_NLP3,26
632,2013,8,D_1K,1046733.33333333
632,2013,8,P_LK98,2711541.33333333
632,2013,8,P_NLP3,1664808
632,2013,8,Input_#3_C_1K,11.3333333333333
632,2013,8,Input_#3_C_LK98,41.6666666666667
632,2013,8,Input_#3_C_NLP3,30.3333333333333
632,2013,8,Input_#3_D_1K,857588.666666667
632,2013,8,Input_#3_P_LK98,2881922
632,2013,8,Input_#3_P_NLP3,2024333.33333333
633,2013,9,RM Category,250 rm
633,2013,9,C.LK98,14
633,2013,9,P.LK98,928506
633,2013,9,C.1K,4
633,2013,9,D.1K,272972
633,2013,9,C.NLP3,10
633,2013,9,P.NLP3,655534
633,2013,9,C_1K,7.33333333333333
633,2013,9,C_LK98,26.6666666666667
633,2013,9,C_NLP3,19.3333333333333
633,2013,9,D_1K,537661.333333333
633,2013,9,P_LK98,1770374
633,2013,9,P_NLP3,1232712.66666667
633,2013,9,Input_#3_C_1K,10.6666666666667
633,2013,9,Input_#3_C_LK98,34
633,2013,9,Input_#3_C_NLP3,23.3333333333333
633,2013,9,Input_#3_D_1K,803535
633,2013,9,Input_#3_P_LK98,2382505.33333333
633,2013,9,Input_#3_P_NLP3,1578970.33333333
634,2013,10,RM Category,250 rm
634,2013,10,C.LK98,26
634,2013,10,P.LK98,1869908
634,2013,10,C.1K,2
634,2013,10,D.1K,189356
634,2013,10,C.NLP3,24
634,2013,10,P.NLP3,1680552
634,2013,10,C_1K,3.33333333333333
634,2013,10,C_LK98,25.3333333333333
634,2013,10,C_NLP3,22
634,2013,10,D_1K,264740
634,2013,10,P_LK98,1705292
634,2013,10,P_NLP3,1440552
634,2013,10,Input_#3_C_1K,10.3333333333333
634,2013,10,Input_#3_C_LK98,31.6666666666667
634,2013,10,Input_#3_C_NLP3,21.3333333333333
634,2013,10,Input_#3_D_1K,791325.666666667
634,2013,10,Input_#3_P_LK98,2227483.33333333
634,2013,10,Input_#3_P_NLP3,1436157.66666667
635,2013,11,RM Category,250 rm
635,2013,11,C.LK98,30
635,2013,11,P.LK98,2114850
635,2013,11,C.1K,8
635,2013,11,D.1K,606272
635,2013,11,C.NLP3,22
635,2013,11,P.NLP3,1508578
635,2013,11,C_1K,4.66666666666667
635,2013,11,C_LK98,23.3333333333333
635,2013,11,C_NLP3,18.6666666666667
635,2013,11,D_1K,356200
635,2013,11,P_LK98,1637754.66666667
635,2013,11,P_NLP3,1281554.66666667
635,2013,11,Input_#3_C_1K,9
635,2013,11,Input_#3_C_LK98,31.3333333333333
635,2013,11,Input_#3_C_NLP3,22.3333333333333
635,2013,11,Input_#3_D_1K,701466.666666667
635,2013,11,Input_#3_P_LK98,2174648
635,2013,11,Input_#3_P_NLP3,1473181.33333333
636,2013,12,RM Category,250 rm
636,2013,12,C.LK98,38
636,2013,12,P.LK98,2800620
636,2013,12,C.1K,12
636,2013,12,D.1K,964528
636,2013,12,C.NLP3,26
636,2013,12,P.NLP3,1836092
636,2013,12,C_1K,7.33333333333333
636,2013,12,C_LK98,31.3333333333333
636,2013,12,C_NLP3,24
636,2013,12,D_1K,586718.666666667
636,2013,12,P_LK98,2261792.66666667
636,2013,12,P_NLP3,1675074
636,2013,12,Input_#3_C_1K,7.33333333333333
636,2013,12,Input_#3_C_LK98,29
636,2013,12,Input_#3_C_NLP3,21.6666666666667
636,2013,12,Input_#3_D_1K,562190
636,2013,12,Input_#3_P_LK98,2016083.33333333
636,2013,12,Input_#3_P_NLP3,1453893.33333333
637,2014,1,RM Category,250 rm
637,2014,1,C.LK98,10
637,2014,1,P.LK98,757376
637,2014,1,C.1K,10
637,2014,1,D.1K,801410
637,2014,1,C.NLP3,5
637,2014,1,P.NLP3,356671
637,2014,1,C_1K,10
637,2014,1,C_LK98,26
637,2014,1,C_NLP3,17.6666666666667
637,2014,1,D_1K,790736.666666667
637,2014,1,P_LK98,1890948.66666667
637,2014,1,P_NLP3,1233780.33333333
637,2014,1,Input_#3_C_1K,6.66666666666667
637,2014,1,Input_#3_C_LK98,25.6666666666667
637,2014,1,Input_#3_C_NLP3,19.8333333333333
637,2014,1,Input_#3_D_1K,527738.333333333
637,2014,1,Input_#3_P_LK98,1798120.33333333
637,2014,1,Input_#3_P_NLP3,1337166.16666667
638,2014,2,RM Category,250 rm
638,2014,2,C.LK98,14
638,2014,2,P.LK98,1040895
638,2014,2,C.1K,10
638,2014,2,D.1K,877242
638,2014,2,C.NLP3,9
638,2014,2,P.NLP3,602274
638,2014,2,C_1K,10.6666666666667
638,2014,2,C_LK98,20.6666666666667
638,2014,2,C_NLP3,13.3333333333333
638,2014,2,D_1K,881060
638,2014,2,P_LK98,1532963.66666667
638,2014,2,P_NLP3,931679
638,2014,2,Input_#3_C_1K,7.66666666666667
638,2014,2,Input_#3_C_LK98,22
638,2014,2,Input_#3_C_NLP3,16
638,2014,2,Input_#3_D_1K,618630
638,2014,2,Input_#3_P_LK98,1585359.16666667
638,2014,2,Input_#3_P_NLP3,1106616.83333333
639,2014,3,RM Category,250 rm
639,2014,3,C.LK98,23
639,2014,3,P.LK98,1898825
639,2014,3,C.1K,18
639,2014,3,D.1K,1837576
639,2014,3,C.NLP3,14
639,2014,3,P.NLP3,980037
639,2014,3,C_1K,12.6666666666667
639,2014,3,C_LK98,15.6666666666667
639,2014,3,C_NLP3,9.33333333333333
639,2014,3,D_1K,1172076
639,2014,3,P_LK98,1232365.33333333
639,2014,3,P_NLP3,646327.333333333
639,2014,3,Input_#3_C_1K,10
639,2014,3,Input_#3_C_LK98,23.5
639,2014,3,Input_#3_C_NLP3,16.6666666666667
639,2014,3,Input_#3_D_1K,879397.333333333
639,2014,3,Input_#3_P_LK98,1747079
639,2014,3,Input_#3_P_NLP3,1160700.66666667
640,2014,4,RM Category,250 rm
640,2014,4,C.LK98,21
640,2014,4,P.LK98,1550112
640,2014,4,C.1K,8
640,2014,4,D.1K,665086
640,2014,4,C.NLP3,17
640,2014,4,P.NLP3,1217569
640,2014,4,C_1K,12
640,2014,4,C_LK98,19.3333333333333
640,2014,4,C_NLP3,13.3333333333333
640,2014,4,D_1K,1126634.66666667
640,2014,4,P_LK98,1496610.66666667
640,2014,4,P_NLP3,933293.333333333
640,2014,4,Input_#3_C_1K,11
640,2014,4,Input_#3_C_LK98,22.6666666666667
640,2014,4,Input_#3_C_NLP3,15.5
640,2014,4,Input_#3_D_1K,958685.666666667
640,2014,4,Input_#3_P_LK98,1693779.66666667
640,2014,4,Input_#3_P_NLP3,1083536.83333333
641,2014,5,RM Category,250 rm
641,2014,5,C.LK98,13
641,2014,5,P.LK98,1102747
641,2014,5,C.1K,10
641,2014,5,D.1K,786417.8
641,2014,5,C.NLP3,8
641,2014,5,P.NLP3,709538.1
641,2014,5,C_1K,12
641,2014,5,C_LK98,19
641,2014,5,C_NLP3,13
641,2014,5,D_1K,1096359.93333333
641,2014,5,P_LK98,1517228
641,2014,5,P_NLP3,969048.033333333
641,2014,5,Input_#3_C_1K,11.3333333333333
641,2014,5,Input_#3_C_LK98,19.8333333333333
641,2014,5,Input_#3_C_NLP3,13.1666666666667
641,2014,5,Input_#3_D_1K,988709.966666667
641,2014,5,Input_#3_P_LK98,1525095.83333333
641,2014,5,Input_#3_P_NLP3,950363.516666667
642,2014,6,RM Category,250 rm
642,2014,6,C.LK98,24
642,2014,6,P.LK98,1705801
642,2014,6,C.1K,8
642,2014,6,D.1K,633454.46
642,2014,6,C.NLP3,20
642,2014,6,P.NLP3,1389073.77
642,2014,6,C_1K,8.66666666666667
642,2014,6,C_LK98,19.3333333333333
642,2014,6,C_NLP3,15
642,2014,6,D_1K,694986.086666667
642,2014,6,P_LK98,1452886.66666667
642,2014,6,P_NLP3,1105393.62333333
642,2014,6,Input_#3_C_1K,10.6666666666667
642,2014,6,Input_#3_C_LK98,17.5
642,2014,6,Input_#3_C_NLP3,12.1666666666667
642,2014,6,Input_#3_D_1K,933531.043333333
642,2014,6,Input_#3_P_LK98,1342626
642,2014,6,Input_#3_P_NLP3,875860.478333333
643,2014,7,RM Category,250 rm
643,2014,7,C.LK98,
643,2014,7,P.LK98,
643,2014,7,C.1K,
643,2014,7,D.1K,
643,2014,7,C.NLP3,
643,2014,7,P.NLP3,
643,2014,7,C_1K,6
643,2014,7,C_LK98,12.3333333333333
643,2014,7,C_NLP3,9.33333333333333
643,2014,7,D_1K,473290.753333333
643,2014,7,P_LK98,936182.666666667
643,2014,7,P_NLP3,699537.29
643,2014,7,Input_#3_C_1K,9
643,2014,7,Input_#3_C_LK98,15.8333333333333
643,2014,7,Input_#3_C_NLP3,11.3333333333333
643,2014,7,Input_#3_D_1K,799962.71
643,2014,7,Input_#3_P_LK98,1216396.66666667
643,2014,7,Input_#3_P_NLP3,816415.311666667
644,2014,8,RM Category,250 rm
644,2014,8,C.LK98,
644,2014,8,P.LK98,
644,2014,8,C.1K,
644,2014,8,D.1K,
644,2014,8,C.NLP3,
644,2014,8,P.NLP3,
644,2014,8,C_1K,2.66666666666667
644,2014,8,C_LK98,8
644,2014,8,C_NLP3,6.66666666666667
644,2014,8,D_1K,211151.486666667
644,2014,8,P_LK98,568600.333333333
644,2014,8,P_NLP3,463024.59
644,2014,8,Input_#3_C_1K,7.33333333333333
644,2014,8,Input_#3_C_LK98,13.5
644,2014,8,Input_#3_C_NLP3,9.83333333333333
644,2014,8,Input_#3_D_1K,653755.71
644,2014,8,Input_#3_P_LK98,1042914.16666667
644,2014,8,Input_#3_P_NLP3,716036.311666667
645,2014,9,RM Category,250 rm
645,2014,9,C.LK98,
645,2014,9,P.LK98,
645,2014,9,C.1K,
645,2014,9,D.1K,
645,2014,9,C.NLP3,
645,2014,9,P.NLP3,
645,2014,9,C_1K,0
645,2014,9,C_LK98,0
645,2014,9,C_NLP3,0
645,2014,9,D_1K,0
645,2014,9,P_LK98,0
645,2014,9,P_NLP3,0
645,2014,9,Input_#3_C_1K,4.33333333333333
645,2014,9,Input_#3_C_LK98,9.66666666666667
645,2014,9,Input_#3_C_NLP3,7.5
645,2014,9,Input_#3_D_1K,347493.043333333
645,2014,9,Input_#3_P_LK98,726443.333333333
645,2014,9,Input_#3_P_NLP3,552696.811666667
646,2014,10,RM Category,250 rm
646,2014,10,C.LK98,
646,2014,10,P.LK98,
646,2014,10,C.1K,
646,2014,10,D.1K,
646,2014,10,C.NLP3,
646,2014,10,P.NLP3,
646,2014,10,C_1K,0
646,2014,10,C_LK98,0
646,2014,10,C_NLP3,0
646,2014,10,D_1K,0
646,2014,10,P_LK98,0
646,2014,10,P_NLP3,0
646,2014,10,Input_#3_C_1K,3
646,2014,10,Input_#3_C_LK98,6.16666666666667
646,2014,10,Input_#3_C_NLP3,4.66666666666667
646,2014,10,Input_#3_D_1K,236645.376666667
646,2014,10,Input_#3_P_LK98,468091.333333333
646,2014,10,Input_#3_P_NLP3,349768.645
647,2014,11,RM Category,250 rm
647,2014,11,C.LK98,
647,2014,11,P.LK98,
647,2014,11,C.1K,
647,2014,11,D.1K,
647,2014,11,C.NLP3,
647,2014,11,P.NLP3,
647,2014,11,C_1K,0
647,2014,11,C_LK98,0
647,2014,11,C_NLP3,0
647,2014,11,D_1K,0
647,2014,11,P_LK98,0
647,2014,11,P_NLP3,0
647,2014,11,Input_#3_C_1K,1.33333333333333
647,2014,11,Input_#3_C_LK98,4
647,2014,11,Input_#3_C_NLP3,3.33333333333333
647,2014,11,Input_#3_D_1K,105575.743333333
647,2014,11,Input_#3_P_LK98,284300.166666667
647,2014,11,Input_#3_P_NLP3,231512.295
648,2014,12,RM Category,250 rm
648,2014,12,C.LK98,
648,2014,12,P.LK98,
648,2014,12,C.1K,
648,2014,12,D.1K,
648,2014,12,C.NLP3,
648,2014,12,P.NLP3,
648,2014,12,C_1K,0
648,2014,12,C_LK98,0
648,2014,12,C_NLP3,0
648,2014,12,D_1K,0
648,2014,12,P_LK98,0
648,2014,12,P_NLP3,0
648,2014,12,Input_#3_C_1K,0
648,2014,12,Input_#3_C_LK98,0
648,2014,12,Input_#3_C_NLP3,0
648,2014,12,Input_#3_D_1K,0
648,2014,12,Input_#3_P_LK98,0
648,2014,12,Input_#3_P_NLP3,0
649,2009,1,RM Category,30 rm
649,2009,1,C.LK98,240
649,2009,1,P.LK98,2541816
649,2009,1,C.1K,58
649,2009,1,D.1K,613000
649,2009,1,C.NLP3,182
649,2009,1,P.NLP3,1928816
649,2009,1,C_1K,58
649,2009,1,C_LK98,240
649,2009,1,C_NLP3,182
649,2009,1,D_1K,613000
649,2009,1,P_LK98,2541816
649,2009,1,P_NLP3,1928816
649,2009,1,Input_#3_C_1K,9.66666666666667
649,2009,1,Input_#3_C_LK98,40
649,2009,1,Input_#3_C_NLP3,30.3333333333333
649,2009,1,Input_#3_D_1K,102166.666666667
649,2009,1,Input_#3_P_LK98,423636
649,2009,1,Input_#3_P_NLP3,321469.333333333
650,2009,2,RM Category,30 rm
650,2009,2,C.LK98,246
650,2009,2,P.LK98,2413114
650,2009,2,C.1K,58
650,2009,2,D.1K,586576
650,2009,2,C.NLP3,188
650,2009,2,P.NLP3,1826538
650,2009,2,C_1K,58
650,2009,2,C_LK98,242
650,2009,2,C_NLP3,184
650,2009,2,D_1K,604192
650,2009,2,P_LK98,2498915.33333333
650,2009,2,P_NLP3,1894723.33333333
650,2009,2,Input_#3_C_1K,19.3333333333333
650,2009,2,Input_#3_C_LK98,81
650,2009,2,Input_#3_C_NLP3,61.6666666666667
650,2009,2,Input_#3_D_1K,199929.333333333
650,2009,2,Input_#3_P_LK98,825821.666666667
650,2009,2,Input_#3_P_NLP3,625892.333333333
651,2009,3,RM Category,30 rm
651,2009,3,C.LK98,330
651,2009,3,P.LK98,3250028
651,2009,3,C.1K,50
651,2009,3,D.1K,574916
651,2009,3,C.NLP3,280
651,2009,3,P.NLP3,2675112
651,2009,3,C_1K,55.3333333333333
651,2009,3,C_LK98,272
651,2009,3,C_NLP3,216.666666666667
651,2009,3,D_1K,591497.333333333
651,2009,3,P_LK98,2734986
651,2009,3,P_NLP3,2143488.66666667
651,2009,3,Input_#3_C_1K,27.6666666666667
651,2009,3,Input_#3_C_LK98,136
651,2009,3,Input_#3_C_NLP3,108.333333333333
651,2009,3,Input_#3_D_1K,295748.666666667
651,2009,3,Input_#3_P_LK98,1367493
651,2009,3,Input_#3_P_NLP3,1071744.33333333
652,2009,4,RM Category,30 rm
652,2009,4,C.LK98,200
652,2009,4,P.LK98,2110768
652,2009,4,C.1K,66
652,2009,4,D.1K,727244
652,2009,4,C.NLP3,134
652,2009,4,P.NLP3,1383524
652,2009,4,C_1K,58
652,2009,4,C_LK98,258.666666666667
652,2009,4,C_NLP3,200.666666666667
652,2009,4,D_1K,629578.666666667
652,2009,4,P_LK98,2591303.33333333
652,2009,4,P_NLP3,1961724.66666667
652,2009,4,Input_#3_C_1K,38.6666666666667
652,2009,4,Input_#3_C_LK98,169.333333333333
652,2009,4,Input_#3_C_NLP3,130.666666666667
652,2009,4,Input_#3_D_1K,416956
652,2009,4,Input_#3_P_LK98,1719287.66666667
652,2009,4,Input_#3_P_NLP3,1302331.66666667
653,2009,5,RM Category,30 rm
653,2009,5,C.LK98,256
653,2009,5,P.LK98,2641148
653,2009,5,C.1K,54
653,2009,5,D.1K,592342
653,2009,5,C.NLP3,202
653,2009,5,P.NLP3,2048806
653,2009,5,C_1K,56.6666666666667
653,2009,5,C_LK98,262
653,2009,5,C_NLP3,205.333333333333
653,2009,5,D_1K,631500.666666667
653,2009,5,P_LK98,2667314.66666667
653,2009,5,P_NLP3,2035814
653,2009,5,Input_#3_C_1K,47.6666666666667
653,2009,5,Input_#3_C_LK98,212
653,2009,5,Input_#3_C_NLP3,164.333333333333
653,2009,5,Input_#3_D_1K,515679.666666667
653,2009,5,Input_#3_P_LK98,2159479
653,2009,5,Input_#3_P_NLP3,1643799.33333333
654,2009,6,RM Category,30 rm
654,2009,6,C.LK98,234
654,2009,6,P.LK98,2449266
654,2009,6,C.1K,60
654,2009,6,D.1K,649650
654,2009,6,C.NLP3,174
654,2009,6,P.NLP3,1799616
654,2009,6,C_1K,60
654,2009,6,C_LK98,230
654,2009,6,C_NLP3,170
654,2009,6,D_1K,656412
654,2009,6,P_LK98,2400394
654,2009,6,P_NLP3,1743982
654,2009,6,Input_#3_C_1K,57.6666666666667
654,2009,6,Input_#3_C_LK98,251
654,2009,6,Input_#3_C_NLP3,193.333333333333
654,2009,6,Input_#3_D_1K,623954.666666667
654,2009,6,Input_#3_P_LK98,2567690
654,2009,6,Input_#3_P_NLP3,1943735.33333333
655,2009,7,RM Category,30 rm
655,2009,7,C.LK98,222
655,2009,7,P.LK98,2286254
655,2009,7,C.1K,62
655,2009,7,D.1K,602916
655,2009,7,C.NLP3,160
655,2009,7,P.NLP3,1683338
655,2009,7,C_1K,58.6666666666667
655,2009,7,C_LK98,237.333333333333
655,2009,7,C_NLP3,178.666666666667
655,2009,7,D_1K,614969.333333333
655,2009,7,P_LK98,2458889.33333333
655,2009,7,P_NLP3,1843920
655,2009,7,Input_#3_C_1K,58.3333333333333
655,2009,7,Input_#3_C_LK98,248
655,2009,7,Input_#3_C_NLP3,189.666666666667
655,2009,7,Input_#3_D_1K,622274
655,2009,7,Input_#3_P_LK98,2525096.33333333
655,2009,7,Input_#3_P_NLP3,1902822.33333333
656,2009,8,RM Category,30 rm
656,2009,8,C.LK98,222
656,2009,8,P.LK98,2222190
656,2009,8,C.1K,72
656,2009,8,D.1K,682108
656,2009,8,C.NLP3,150
656,2009,8,P.NLP3,1540082
656,2009,8,C_1K,64.6666666666667
656,2009,8,C_LK98,226
656,2009,8,C_NLP3,161.333333333333
656,2009,8,D_1K,644891.333333333
656,2009,8,P_LK98,2319236.66666667
656,2009,8,P_NLP3,1674345.33333333
656,2009,8,Input_#3_C_1K,60.6666666666667
656,2009,8,Input_#3_C_LK98,244
656,2009,8,Input_#3_C_NLP3,183.333333333333
656,2009,8,Input_#3_D_1K,638196
656,2009,8,Input_#3_P_LK98,2493275.66666667
656,2009,8,Input_#3_P_NLP3,1855079.66666667
657,2009,9,RM Category,30 rm
657,2009,9,C.LK98,244
657,2009,9,P.LK98,2311760
657,2009,9,C.1K,62
657,2009,9,D.1K,696366
657,2009,9,C.NLP3,182
657,2009,9,P.NLP3,1615394
657,2009,9,C_1K,65.3333333333333
657,2009,9,C_LK98,229.333333333333
657,2009,9,C_NLP3,164
657,2009,9,D_1K,660463.333333333
657,2009,9,P_LK98,2273401.33333333
657,2009,9,P_NLP3,1612938
657,2009,9,Input_#3_C_1K,62.6666666666667
657,2009,9,Input_#3_C_LK98,229.666666666667
657,2009,9,Input_#3_C_NLP3,167
657,2009,9,Input_#3_D_1K,658437.666666667
657,2009,9,Input_#3_P_LK98,2336897.66666667
657,2009,9,Input_#3_P_NLP3,1678460
658,2009,10,RM Category,30 rm
658,2009,10,C.LK98,236
658,2009,10,P.LK98,2485380
658,2009,10,C.1K,56
658,2009,10,D.1K,587878
658,2009,10,C.NLP3,180
658,2009,10,P.NLP3,1897502
658,2009,10,C_1K,63.3333333333333
658,2009,10,C_LK98,234
658,2009,10,C_NLP3,170.666666666667
658,2009,10,D_1K,655450.666666667
658,2009,10,P_LK98,2339776.66666667
658,2009,10,P_NLP3,1684326
658,2009,10,Input_#3_C_1K,61
658,2009,10,Input_#3_C_LK98,235.666666666667
658,2009,10,Input_#3_C_NLP3,174.666666666667
658,2009,10,Input_#3_D_1K,635210
658,2009,10,Input_#3_P_LK98,2399333
658,2009,10,Input_#3_P_NLP3,1764123
659,2009,11,RM Category,30 rm
659,2009,11,C.LK98,226
659,2009,11,P.LK98,2324176
659,2009,11,C.1K,62
659,2009,11,D.1K,644420
659,2009,11,C.NLP3,164
659,2009,11,P.NLP3,1679756
659,2009,11,C_1K,60
659,2009,11,C_LK98,235.333333333333
659,2009,11,C_NLP3,175.333333333333
659,2009,11,D_1K,642888
659,2009,11,P_LK98,2373772
659,2009,11,P_NLP3,1730884
659,2009,11,Input_#3_C_1K,62.3333333333333
659,2009,11,Input_#3_C_LK98,230.666666666667
659,2009,11,Input_#3_C_NLP3,168.333333333333
659,2009,11,Input_#3_D_1K,643889.666666667
659,2009,11,Input_#3_P_LK98,2346504.33333333
659,2009,11,Input_#3_P_NLP3,1702614.66666667
660,2009,12,RM Category,30 rm
660,2009,12,C.LK98,284
660,2009,12,P.LK98,2977404
660,2009,12,C.1K,76
660,2009,12,D.1K,797262
660,2009,12,C.NLP3,208
660,2009,12,P.NLP3,2180142
660,2009,12,C_1K,64.6666666666667
660,2009,12,C_LK98,248.666666666667
660,2009,12,C_NLP3,184
660,2009,12,D_1K,676520
660,2009,12,P_LK98,2595653.33333333
660,2009,12,P_NLP3,1919133.33333333
660,2009,12,Input_#3_C_1K,65
660,2009,12,Input_#3_C_LK98,239
660,2009,12,Input_#3_C_NLP3,174
660,2009,12,Input_#3_D_1K,668491.666666667
660,2009,12,Input_#3_P_LK98,2434527.33333333
660,2009,12,Input_#3_P_NLP3,1766035.66666667
661,2010,1,RM Category,30 rm
661,2010,1,C.LK98,242
661,2010,1,P.LK98,2490586
661,2010,1,C.1K,76
661,2010,1,D.1K,778550
661,2010,1,C.NLP3,166
661,2010,1,P.NLP3,1712036
661,2010,1,C_1K,71.3333333333333
661,2010,1,C_LK98,250.666666666667
661,2010,1,C_NLP3,179.333333333333
661,2010,1,D_1K,740077.333333333
661,2010,1,P_LK98,2597388.66666667
661,2010,1,P_NLP3,1857311.33333333
661,2010,1,Input_#3_C_1K,67.3333333333333
661,2010,1,Input_#3_C_LK98,242.333333333333
661,2010,1,Input_#3_C_NLP3,175
661,2010,1,Input_#3_D_1K,697764
661,2010,1,Input_#3_P_LK98,2468582.66666667
661,2010,1,Input_#3_P_NLP3,1770818.66666667
662,2010,2,RM Category,30 rm
662,2010,2,C.LK98,224
662,2010,2,P.LK98,2267172
662,2010,2,C.1K,48
662,2010,2,D.1K,524290
662,2010,2,C.NLP3,176
662,2010,2,P.NLP3,1742882
662,2010,2,C_1K,66.6666666666667
662,2010,2,C_LK98,250
662,2010,2,C_NLP3,183.333333333333
662,2010,2,D_1K,700034
662,2010,2,P_LK98,2578387.33333333
662,2010,2,P_NLP3,1878353.33333333
662,2010,2,Input_#3_C_1K,63.3333333333333
662,2010,2,Input_#3_C_LK98,242.666666666667
662,2010,2,Input_#3_C_NLP3,179.333333333333
662,2010,2,Input_#3_D_1K,671461
662,2010,2,Input_#3_P_LK98,2476079.66666667
662,2010,2,Input_#3_P_NLP3,1804618.66666667
663,2010,3,RM Category,30 rm
663,2010,3,C.LK98,316
663,2010,3,P.LK98,3269830
663,2010,3,C.1K,44
663,2010,3,D.1K,456452
663,2010,3,C.NLP3,272
663,2010,3,P.NLP3,2813378
663,2010,3,C_1K,56
663,2010,3,C_LK98,260.666666666667
663,2010,3,C_NLP3,204.666666666667
663,2010,3,D_1K,586430.666666667
663,2010,3,P_LK98,2675862.66666667
663,2010,3,P_NLP3,2089432
663,2010,3,Input_#3_C_1K,60.3333333333333
663,2010,3,Input_#3_C_LK98,254.666666666667
663,2010,3,Input_#3_C_NLP3,194.333333333333
663,2010,3,Input_#3_D_1K,631475.333333333
663,2010,3,Input_#3_P_LK98,2635758
663,2010,3,Input_#3_P_NLP3,2004282.66666667
664,2010,4,RM Category,30 rm
664,2010,4,C.LK98,232
664,2010,4,P.LK98,2562554
664,2010,4,C.1K,68
664,2010,4,D.1K,781618
664,2010,4,C.NLP3,164
664,2010,4,P.NLP3,1780936
664,2010,4,C_1K,53.3333333333333
664,2010,4,C_LK98,257.333333333333
664,2010,4,C_NLP3,204
664,2010,4,D_1K,587453.333333333
664,2010,4,P_LK98,2699852
664,2010,4,P_NLP3,2112398.66666667
664,2010,4,Input_#3_C_1K,62.3333333333333
664,2010,4,Input_#3_C_LK98,254
664,2010,4,Input_#3_C_NLP3,191.666666666667
664,2010,4,Input_#3_D_1K,663765.333333333
664,2010,4,Input_#3_P_LK98,2648620.33333333
664,2010,4,Input_#3_P_NLP3,1984855
665,2010,5,RM Category,30 rm
665,2010,5,C.LK98,246
665,2010,5,P.LK98,2676522
665,2010,5,C.1K,48
665,2010,5,D.1K,549124
665,2010,5,C.NLP3,198
665,2010,5,P.NLP3,2127398
665,2010,5,C_1K,53.3333333333333
665,2010,5,C_LK98,264.666666666667
665,2010,5,C_NLP3,211.333333333333
665,2010,5,D_1K,595731.333333333
665,2010,5,P_LK98,2836302
665,2010,5,P_NLP3,2240570.66666667
665,2010,5,Input_#3_C_1K,60
665,2010,5,Input_#3_C_LK98,257.333333333333
665,2010,5,Input_#3_C_NLP3,197.333333333333
665,2010,5,Input_#3_D_1K,647882.666666667
665,2010,5,Input_#3_P_LK98,2707344.66666667
665,2010,5,Input_#3_P_NLP3,2059462
666,2010,6,RM Category,30 rm
666,2010,6,C.LK98,274
666,2010,6,P.LK98,3025456
666,2010,6,C.1K,46
666,2010,6,D.1K,555110
666,2010,6,C.NLP3,228
666,2010,6,P.NLP3,2470346
666,2010,6,C_1K,54
666,2010,6,C_LK98,250.666666666667
666,2010,6,C_NLP3,196.666666666667
666,2010,6,D_1K,628617.333333333
666,2010,6,P_LK98,2754844
666,2010,6,P_NLP3,2126226.66666667
666,2010,6,Input_#3_C_1K,55
666,2010,6,Input_#3_C_LK98,255.666666666667
666,2010,6,Input_#3_C_NLP3,200.666666666667
666,2010,6,Input_#3_D_1K,607524
666,2010,6,Input_#3_P_LK98,2715353.33333333
666,2010,6,Input_#3_P_NLP3,2107829.33333333
667,2010,7,RM Category,30 rm
667,2010,7,C.LK98,238
667,2010,7,P.LK98,2484498
667,2010,7,C.1K,64
667,2010,7,D.1K,695078
667,2010,7,C.NLP3,174
667,2010,7,P.NLP3,1789420
667,2010,7,C_1K,52.6666666666667
667,2010,7,C_LK98,252.666666666667
667,2010,7,C_NLP3,200
667,2010,7,D_1K,599770.666666667
667,2010,7,P_LK98,2728825.33333333
667,2010,7,P_NLP3,2129054.66666667
667,2010,7,Input_#3_C_1K,53
667,2010,7,Input_#3_C_LK98,255
667,2010,7,Input_#3_C_NLP3,202
667,2010,7,Input_#3_D_1K,593612
667,2010,7,Input_#3_P_LK98,2714338.66666667
667,2010,7,Input_#3_P_NLP3,2120726.66666667
668,2010,8,RM Category,30 rm
668,2010,8,C.LK98,300
668,2010,8,P.LK98,3226152
668,2010,8,C.1K,78
668,2010,8,D.1K,927380
668,2010,8,C.NLP3,222
668,2010,8,P.NLP3,2298772
668,2010,8,C_1K,62.6666666666667
668,2010,8,C_LK98,270.666666666667
668,2010,8,C_NLP3,208
668,2010,8,D_1K,725856
668,2010,8,P_LK98,2912035.33333333
668,2010,8,P_NLP3,2186179.33333333
668,2010,8,Input_#3_C_1K,58
668,2010,8,Input_#3_C_LK98,267.666666666667
668,2010,8,Input_#3_C_NLP3,209.666666666667
668,2010,8,Input_#3_D_1K,660793.666666667
668,2010,8,Input_#3_P_LK98,2874168.66666667
668,2010,8,Input_#3_P_NLP3,2213375
669,2010,9,RM Category,30 rm
669,2010,9,C.LK98,314
669,2010,9,P.LK98,3409964
669,2010,9,C.1K,72
669,2010,9,D.1K,803036
669,2010,9,C.NLP3,242
669,2010,9,P.NLP3,2606928
669,2010,9,C_1K,71.3333333333333
669,2010,9,C_LK98,284
669,2010,9,C_NLP3,212.666666666667
669,2010,9,D_1K,808498
669,2010,9,P_LK98,3040204.66666667
669,2010,9,P_NLP3,2231706.66666667
669,2010,9,Input_#3_C_1K,62.6666666666667
669,2010,9,Input_#3_C_LK98,267.333333333333
669,2010,9,Input_#3_C_NLP3,204.666666666667
669,2010,9,Input_#3_D_1K,718557.666666667
669,2010,9,Input_#3_P_LK98,2897524.33333333
669,2010,9,Input_#3_P_NLP3,2178966.66666667
670,2010,10,RM Category,30 rm
670,2010,10,C.LK98,262
670,2010,10,P.LK98,2662126
670,2010,10,C.1K,68
670,2010,10,D.1K,731348
670,2010,10,C.NLP3,194
670,2010,10,P.NLP3,1930778
670,2010,10,C_1K,72.6666666666667
670,2010,10,C_LK98,292
670,2010,10,C_NLP3,219.333333333333
670,2010,10,D_1K,820588
670,2010,10,P_LK98,3099414
670,2010,10,P_NLP3,2278826
670,2010,10,Input_#3_C_1K,62.6666666666667
670,2010,10,Input_#3_C_LK98,272.333333333333
670,2010,10,Input_#3_C_NLP3,209.666666666667
670,2010,10,Input_#3_D_1K,710179.333333333
670,2010,10,Input_#3_P_LK98,2914119.66666667
670,2010,10,Input_#3_P_NLP3,2203940.33333333
671,2010,11,RM Category,30 rm
671,2010,11,C.LK98,368
671,2010,11,P.LK98,3937654
671,2010,11,C.1K,68
671,2010,11,D.1K,760844
671,2010,11,C.NLP3,300
671,2010,11,P.NLP3,3176810
671,2010,11,C_1K,69.3333333333333
671,2010,11,C_LK98,314.666666666667
671,2010,11,C_NLP3,245.333333333333
671,2010,11,D_1K,765076
671,2010,11,P_LK98,3336581.33333333
671,2010,11,P_NLP3,2571505.33333333
671,2010,11,Input_#3_C_1K,66
671,2010,11,Input_#3_C_LK98,292.666666666667
671,2010,11,Input_#3_C_NLP3,226.666666666667
671,2010,11,Input_#3_D_1K,745466
671,2010,11,Input_#3_P_LK98,3124308.33333333
671,2010,11,Input_#3_P_NLP3,2378842.33333333
672,2010,12,RM Category,30 rm
672,2010,12,C.LK98,340
672,2010,12,P.LK98,3581326
672,2010,12,C.1K,96
672,2010,12,D.1K,1045804
672,2010,12,C.NLP3,244
672,2010,12,P.NLP3,2535522
672,2010,12,C_1K,77.3333333333333
672,2010,12,C_LK98,323.333333333333
672,2010,12,C_NLP3,246
672,2010,12,D_1K,845998.666666667
672,2010,12,P_LK98,3393702
672,2010,12,P_NLP3,2547703.33333333
672,2010,12,Input_#3_C_1K,74.3333333333333
672,2010,12,Input_#3_C_LK98,303.666666666667
672,2010,12,Input_#3_C_NLP3,229.333333333333
672,2010,12,Input_#3_D_1K,827248.333333333
672,2010,12,Input_#3_P_LK98,3216953.33333333
672,2010,12,Input_#3_P_NLP3,2389705
673,2011,1,RM Category,30 rm
673,2011,1,C.LK98,308
673,2011,1,P.LK98,3171176
673,2011,1,C.1K,48
673,2011,1,D.1K,559692
673,2011,1,C.NLP3,260
673,2011,1,P.NLP3,2611484
673,2011,1,C_1K,70.6666666666667
673,2011,1,C_LK98,338.666666666667
673,2011,1,C_NLP3,268
673,2011,1,D_1K,788780
673,2011,1,P_LK98,3563385.33333333
673,2011,1,P_NLP3,2774605.33333333
673,2011,1,Input_#3_C_1K,71.6666666666667
673,2011,1,Input_#3_C_LK98,315.333333333333
673,2011,1,Input_#3_C_NLP3,243.666666666667
673,2011,1,Input_#3_D_1K,804684
673,2011,1,Input_#3_P_LK98,3331399.66666667
673,2011,1,Input_#3_P_NLP3,2526715.66666667
674,2011,2,RM Category,30 rm
674,2011,2,C.LK98,310
674,2011,2,P.LK98,3280642
674,2011,2,C.1K,36
674,2011,2,D.1K,411474
674,2011,2,C.NLP3,274
674,2011,2,P.NLP3,2869168
674,2011,2,C_1K,60
674,2011,2,C_LK98,319.333333333333
674,2011,2,C_NLP3,259.333333333333
674,2011,2,D_1K,672323.333333333
674,2011,2,P_LK98,3344381.33333333
674,2011,2,P_NLP3,2672058
674,2011,2,Input_#3_C_1K,64.6666666666667
674,2011,2,Input_#3_C_LK98,317
674,2011,2,Input_#3_C_NLP3,252.333333333333
674,2011,2,Input_#3_D_1K,718699.666666667
674,2011,2,Input_#3_P_LK98,3340481.33333333
674,2011,2,Input_#3_P_NLP3,2621781.66666667
675,2011,3,RM Category,30 rm
675,2011,3,C.LK98,384
675,2011,3,P.LK98,4203384
675,2011,3,C.1K,102
675,2011,3,D.1K,1169682
675,2011,3,C.NLP3,282
675,2011,3,P.NLP3,3033702
675,2011,3,C_1K,62
675,2011,3,C_LK98,334
675,2011,3,C_NLP3,272
675,2011,3,D_1K,713616
675,2011,3,P_LK98,3551734
675,2011,3,P_NLP3,2838118
675,2011,3,Input_#3_C_1K,69.6666666666667
675,2011,3,Input_#3_C_LK98,328.666666666667
675,2011,3,Input_#3_C_NLP3,259
675,2011,3,Input_#3_D_1K,779807.333333333
675,2011,3,Input_#3_P_LK98,3472718
675,2011,3,Input_#3_P_NLP3,2692910.66666667
676,2011,4,RM Category,30 rm
676,2011,4,C.LK98,298
676,2011,4,P.LK98,3266492
676,2011,4,C.1K,52
676,2011,4,D.1K,628338
676,2011,4,C.NLP3,246
676,2011,4,P.NLP3,2638154
676,2011,4,C_1K,63.3333333333333
676,2011,4,C_LK98,330.666666666667
676,2011,4,C_NLP3,267.333333333333
676,2011,4,D_1K,736498
676,2011,4,P_LK98,3583506
676,2011,4,P_NLP3,2847008
676,2011,4,Input_#3_C_1K,67
676,2011,4,Input_#3_C_LK98,334.666666666667
676,2011,4,Input_#3_C_NLP3,267.666666666667
676,2011,4,Input_#3_D_1K,762639
676,2011,4,Input_#3_P_LK98,3573445.66666667
676,2011,4,Input_#3_P_NLP3,2810806.66666667
677,2011,5,RM Category,30 rm
677,2011,5,C.LK98,400
677,2011,5,P.LK98,4500552
677,2011,5,C.1K,66
677,2011,5,D.1K,791696
677,2011,5,C.NLP3,334
677,2011,5,P.NLP3,3708856
677,2011,5,C_1K,73.3333333333333
677,2011,5,C_LK98,360.666666666667
677,2011,5,C_NLP3,287.333333333333
677,2011,5,D_1K,863238.666666667
677,2011,5,P_LK98,3990142.66666667
677,2011,5,P_NLP3,3126904
677,2011,5,Input_#3_C_1K,66.6666666666667
677,2011,5,Input_#3_C_LK98,340
677,2011,5,Input_#3_C_NLP3,273.333333333333
677,2011,5,Input_#3_D_1K,767781
677,2011,5,Input_#3_P_LK98,3667262
677,2011,5,Input_#3_P_NLP3,2899481
678,2011,6,RM Category,30 rm
678,2011,6,C.LK98,376
678,2011,6,P.LK98,4187810
678,2011,6,C.1K,86
678,2011,6,D.1K,993252
678,2011,6,C.NLP3,290
678,2011,6,P.NLP3,3194558
678,2011,6,C_1K,68
678,2011,6,C_LK98,358
678,2011,6,C_NLP3,290
678,2011,6,D_1K,804428.666666667
678,2011,6,P_LK98,3984951.33333333
678,2011,6,P_NLP3,3180522.66666667
678,2011,6,Input_#3_C_1K,65
678,2011,6,Input_#3_C_LK98,346
678,2011,6,Input_#3_C_NLP3,281
678,2011,6,Input_#3_D_1K,759022.333333333
678,2011,6,Input_#3_P_LK98,3768342.66666667
678,2011,6,Input_#3_P_NLP3,3009320.33333333
679,2011,7,RM Category,30 rm
679,2011,7,C.LK98,336
679,2011,7,P.LK98,3648954
679,2011,7,C.1K,88
679,2011,7,D.1K,954954
679,2011,7,C.NLP3,248
679,2011,7,P.NLP3,2694000
679,2011,7,C_1K,80
679,2011,7,C_LK98,370.666666666667
679,2011,7,C_NLP3,290.666666666667
679,2011,7,D_1K,913300.666666667
679,2011,7,P_LK98,4112438.66666667
679,2011,7,P_NLP3,3199138
679,2011,7,Input_#3_C_1K,71.6666666666667
679,2011,7,Input_#3_C_LK98,350.666666666667
679,2011,7,Input_#3_C_NLP3,279
679,2011,7,Input_#3_D_1K,824899.333333333
679,2011,7,Input_#3_P_LK98,3847972.33333333
679,2011,7,Input_#3_P_NLP3,3023073
680,2011,8,RM Category,30 rm
680,2011,8,C.LK98,404
680,2011,8,P.LK98,4479970
680,2011,8,C.1K,78
680,2011,8,D.1K,969150
680,2011,8,C.NLP3,326
680,2011,8,P.NLP3,3510820
680,2011,8,C_1K,84
680,2011,8,C_LK98,372
680,2011,8,C_NLP3,288
680,2011,8,D_1K,972452
680,2011,8,P_LK98,4105578
680,2011,8,P_NLP3,3133126
680,2011,8,Input_#3_C_1K,78.6666666666667
680,2011,8,Input_#3_C_LK98,366.333333333333
680,2011,8,Input_#3_C_NLP3,287.666666666667
680,2011,8,Input_#3_D_1K,917845.333333333
680,2011,8,Input_#3_P_LK98,4047860.33333333
680,2011,8,Input_#3_P_NLP3,3130015
681,2011,9,RM Category,30 rm
681,2011,9,C.LK98,426
681,2011,9,P.LK98,4649932
681,2011,9,C.1K,74
681,2011,9,D.1K,827842
681,2011,9,C.NLP3,352
681,2011,9,P.NLP3,3822090
681,2011,9,C_1K,80
681,2011,9,C_LK98,388.666666666667
681,2011,9,C_NLP3,308.666666666667
681,2011,9,D_1K,917315.333333333
681,2011,9,P_LK98,4259618.66666667
681,2011,9,P_NLP3,3342303.33333333
681,2011,9,Input_#3_C_1K,74
681,2011,9,Input_#3_C_LK98,373.333333333333
681,2011,9,Input_#3_C_NLP3,299.333333333333
681,2011,9,Input_#3_D_1K,860872
681,2011,9,Input_#3_P_LK98,4122285
681,2011,9,Input_#3_P_NLP3,3261413
682,2011,10,RM Category,30 rm
682,2011,10,C.LK98,384
682,2011,10,P.LK98,4516766
682,2011,10,C.1K,108
682,2011,10,D.1K,1425364
682,2011,10,C.NLP3,276
682,2011,10,P.NLP3,3091402
682,2011,10,C_1K,86.6666666666667
682,2011,10,C_LK98,404.666666666667
682,2011,10,C_NLP3,318
682,2011,10,D_1K,1074118.66666667
682,2011,10,P_LK98,4548889.33333333
682,2011,10,P_NLP3,3474770.66666667
682,2011,10,Input_#3_C_1K,83.3333333333333
682,2011,10,Input_#3_C_LK98,387.666666666667
682,2011,10,Input_#3_C_NLP3,304.333333333333
682,2011,10,Input_#3_D_1K,993709.666666667
682,2011,10,Input_#3_P_LK98,4330664
682,2011,10,Input_#3_P_NLP3,3336954.33333333
683,2011,11,RM Category,30 rm
683,2011,11,C.LK98,340
683,2011,11,P.LK98,3805912
683,2011,11,C.1K,94
683,2011,11,D.1K,1042032
683,2011,11,C.NLP3,246
683,2011,11,P.NLP3,2763880
683,2011,11,C_1K,92
683,2011,11,C_LK98,383.333333333333
683,2011,11,C_NLP3,291.333333333333
683,2011,11,D_1K,1098412.66666667
683,2011,11,P_LK98,4324203.33333333
683,2011,11,P_NLP3,3225790.66666667
683,2011,11,Input_#3_C_1K,88
683,2011,11,Input_#3_C_LK98,377.666666666667
683,2011,11,Input_#3_C_NLP3,289.666666666667
683,2011,11,Input_#3_D_1K,1035432.33333333
683,2011,11,Input_#3_P_LK98,4214890.66666667
683,2011,11,Input_#3_P_NLP3,3179458.33333333
684,2011,12,RM Category,30 rm
684,2011,12,C.LK98,550
684,2011,12,P.LK98,5995544
684,2011,12,C.1K,120
684,2011,12,D.1K,1290682
684,2011,12,C.NLP3,430
684,2011,12,P.NLP3,4704862
684,2011,12,C_1K,107.333333333333
684,2011,12,C_LK98,424.666666666667
684,2011,12,C_NLP3,317.333333333333
684,2011,12,D_1K,1252692.66666667
684,2011,12,P_LK98,4772740.66666667
684,2011,12,P_NLP3,3520048
684,2011,12,Input_#3_C_1K,93.6666666666667
684,2011,12,Input_#3_C_LK98,406.666666666667
684,2011,12,Input_#3_C_NLP3,313
684,2011,12,Input_#3_D_1K,1085004
684,2011,12,Input_#3_P_LK98,4516179.66666667
684,2011,12,Input_#3_P_NLP3,3431175.66666667
685,2012,1,RM Category,30 rm
685,2012,1,C.LK98,382
685,2012,1,P.LK98,4261104
685,2012,1,C.1K,74
685,2012,1,D.1K,819550
685,2012,1,C.NLP3,308
685,2012,1,P.NLP3,3441554
685,2012,1,C_1K,96
685,2012,1,C_LK98,424
685,2012,1,C_NLP3,328
685,2012,1,D_1K,1050754.66666667
685,2012,1,P_LK98,4687520
685,2012,1,P_NLP3,3636765.33333333
685,2012,1,Input_#3_C_1K,91.3333333333333
685,2012,1,Input_#3_C_LK98,414.333333333333
685,2012,1,Input_#3_C_NLP3,323
685,2012,1,Input_#3_D_1K,1062436.66666667
685,2012,1,Input_#3_P_LK98,4618204.66666667
685,2012,1,Input_#3_P_NLP3,3555768
686,2012,2,RM Category,30 rm
686,2012,2,C.LK98,374
686,2012,2,P.LK98,3989752
686,2012,2,C.1K,78
686,2012,2,D.1K,781202
686,2012,2,C.NLP3,296
686,2012,2,P.NLP3,3208550
686,2012,2,C_1K,90.6666666666667
686,2012,2,C_LK98,435.333333333333
686,2012,2,C_NLP3,344.666666666667
686,2012,2,D_1K,963811.333333333
686,2012,2,P_LK98,4748800
686,2012,2,P_NLP3,3784988.66666667
686,2012,2,Input_#3_C_1K,91.3333333333333
686,2012,2,Input_#3_C_LK98,409.333333333333
686,2012,2,Input_#3_C_NLP3,318
686,2012,2,Input_#3_D_1K,1031112
686,2012,2,Input_#3_P_LK98,4536501.66666667
686,2012,2,Input_#3_P_NLP3,3505389.66666667
687,2012,3,RM Category,30 rm
687,2012,3,C.LK98,472
687,2012,3,P.LK98,5115198
687,2012,3,C.1K,84
687,2012,3,D.1K,927710
687,2012,3,C.NLP3,388
687,2012,3,P.NLP3,4187488
687,2012,3,C_1K,78.6666666666667
687,2012,3,C_LK98,409.333333333333
687,2012,3,C_NLP3,330.666666666667
687,2012,3,D_1K,842820.666666667
687,2012,3,P_LK98,4455351.33333333
687,2012,3,P_NLP3,3612530.66666667
687,2012,3,Input_#3_C_1K,93
687,2012,3,Input_#3_C_LK98,417
687,2012,3,Input_#3_C_NLP3,324
687,2012,3,Input_#3_D_1K,1047756.66666667
687,2012,3,Input_#3_P_LK98,4614046
687,2012,3,Input_#3_P_NLP3,3566289.33333333
688,2012,4,RM Category,30 rm
688,2012,4,C.LK98,384
688,2012,4,P.LK98,4335284
688,2012,4,C.1K,82
688,2012,4,D.1K,920374
688,2012,4,C.NLP3,302
688,2012,4,P.NLP3,3414910
688,2012,4,C_1K,81.3333333333333
688,2012,4,C_LK98,410
688,2012,4,C_NLP3,328.666666666667
688,2012,4,D_1K,876428.666666667
688,2012,4,P_LK98,4480078
688,2012,4,P_NLP3,3603649.33333333
688,2012,4,Input_#3_C_1K,88.6666666666667
688,2012,4,Input_#3_C_LK98,417
688,2012,4,Input_#3_C_NLP3,328.333333333333
688,2012,4,Input_#3_D_1K,963591.666666667
688,2012,4,Input_#3_P_LK98,4583799
688,2012,4,Input_#3_P_NLP3,3620207.33333333
689,2012,5,RM Category,30 rm
689,2012,5,C.LK98,416
689,2012,5,P.LK98,4761198
689,2012,5,C.1K,88
689,2012,5,D.1K,1137154
689,2012,5,C.NLP3,328
689,2012,5,P.NLP3,3624044
689,2012,5,C_1K,84.6666666666667
689,2012,5,C_LK98,424
689,2012,5,C_NLP3,339.333333333333
689,2012,5,D_1K,995079.333333333
689,2012,5,P_LK98,4737226.66666667
689,2012,5,P_NLP3,3742147.33333333
689,2012,5,Input_#3_C_1K,87.6666666666667
689,2012,5,Input_#3_C_LK98,429.666666666667
689,2012,5,Input_#3_C_NLP3,342
689,2012,5,Input_#3_D_1K,979445.333333333
689,2012,5,Input_#3_P_LK98,4743013.33333333
689,2012,5,Input_#3_P_NLP3,3763568
690,2012,6,RM Category,30 rm
690,2012,6,C.LK98,392
690,2012,6,P.LK98,4488116
690,2012,6,C.1K,52
690,2012,6,D.1K,654826
690,2012,6,C.NLP3,340
690,2012,6,P.NLP3,3833290
690,2012,6,C_1K,74
690,2012,6,C_LK98,397.333333333333
690,2012,6,C_NLP3,323.333333333333
690,2012,6,D_1K,904118
690,2012,6,P_LK98,4528199.33333333
690,2012,6,P_NLP3,3624081.33333333
690,2012,6,Input_#3_C_1K,76.3333333333333
690,2012,6,Input_#3_C_LK98,403.333333333333
690,2012,6,Input_#3_C_NLP3,327
690,2012,6,Input_#3_D_1K,873469.333333333
690,2012,6,Input_#3_P_LK98,4491775.33333333
690,2012,6,Input_#3_P_NLP3,3618306
691,2012,7,RM Category,30 rm
691,2012,7,C.LK98,414
691,2012,7,P.LK98,5028076
691,2012,7,C.1K,84
691,2012,7,D.1K,1073832
691,2012,7,C.NLP3,330
691,2012,7,P.NLP3,3954244
691,2012,7,C_1K,74.6666666666667
691,2012,7,C_LK98,407.333333333333
691,2012,7,C_NLP3,332.666666666667
691,2012,7,D_1K,955270.666666667
691,2012,7,P_LK98,4759130
691,2012,7,P_NLP3,3803859.33333333
691,2012,7,Input_#3_C_1K,78
691,2012,7,Input_#3_C_LK98,408.666666666667
691,2012,7,Input_#3_C_NLP3,330.666666666667
691,2012,7,Input_#3_D_1K,915849.666666667
691,2012,7,Input_#3_P_LK98,4619604
691,2012,7,Input_#3_P_NLP3,3703754.33333333
692,2012,8,RM Category,30 rm
692,2012,8,C.LK98,382
692,2012,8,P.LK98,4133900
692,2012,8,C.1K,72
692,2012,8,D.1K,864698
692,2012,8,C.NLP3,310
692,2012,8,P.NLP3,3269202
692,2012,8,C_1K,69.3333333333333
692,2012,8,C_LK98,396
692,2012,8,C_NLP3,326.666666666667
692,2012,8,D_1K,864452
692,2012,8,P_LK98,4550030.66666667
692,2012,8,P_NLP3,3685578.66666667
692,2012,8,Input_#3_C_1K,77
692,2012,8,Input_#3_C_LK98,410
692,2012,8,Input_#3_C_NLP3,333
692,2012,8,Input_#3_D_1K,929765.666666667
692,2012,8,Input_#3_P_LK98,4643628.66666667
692,2012,8,Input_#3_P_NLP3,3713863
693,2012,9,RM Category,30 rm
693,2012,9,C.LK98,406
693,2012,9,P.LK98,4560536
693,2012,9,C.1K,78
693,2012,9,D.1K,956004
693,2012,9,C.NLP3,328
693,2012,9,P.NLP3,3604532
693,2012,9,C_1K,78
693,2012,9,C_LK98,400.666666666667
693,2012,9,C_NLP3,322.666666666667
693,2012,9,D_1K,964844.666666667
693,2012,9,P_LK98,4574170.66666667
693,2012,9,P_NLP3,3609326
693,2012,9,Input_#3_C_1K,76
693,2012,9,Input_#3_C_LK98,399
693,2012,9,Input_#3_C_NLP3,323
693,2012,9,Input_#3_D_1K,934481.333333333
693,2012,9,Input_#3_P_LK98,4551185
693,2012,9,Input_#3_P_NLP3,3616703.66666667
694,2012,10,RM Category,30 rm
694,2012,10,C.LK98,444
694,2012,10,P.LK98,5094654
694,2012,10,C.1K,88
694,2012,10,D.1K,1108952
694,2012,10,C.NLP3,356
694,2012,10,P.NLP3,3985702
694,2012,10,C_1K,79.3333333333333
694,2012,10,C_LK98,410.666666666667
694,2012,10,C_NLP3,331.333333333333
694,2012,10,D_1K,976551.333333333
694,2012,10,P_LK98,4596363.33333333
694,2012,10,P_NLP3,3619812
694,2012,10,Input_#3_C_1K,77
694,2012,10,Input_#3_C_LK98,409
694,2012,10,Input_#3_C_NLP3,332
694,2012,10,Input_#3_D_1K,965911
694,2012,10,Input_#3_P_LK98,4677746.66666667
694,2012,10,Input_#3_P_NLP3,3711835.66666667
695,2012,11,RM Category,30 rm
695,2012,11,C.LK98,352
695,2012,11,P.LK98,3991942
695,2012,11,C.1K,64
695,2012,11,D.1K,783406
695,2012,11,C.NLP3,288
695,2012,11,P.NLP3,3208536
695,2012,11,C_1K,76.6666666666667
695,2012,11,C_LK98,400.666666666667
695,2012,11,C_NLP3,324
695,2012,11,D_1K,949454
695,2012,11,P_LK98,4549044
695,2012,11,P_NLP3,3599590
695,2012,11,Input_#3_C_1K,73
695,2012,11,Input_#3_C_LK98,398.333333333333
695,2012,11,Input_#3_C_NLP3,325.333333333333
695,2012,11,Input_#3_D_1K,906953
695,2012,11,Input_#3_P_LK98,4549537.33333333
695,2012,11,Input_#3_P_NLP3,3642584.33333333
696,2012,12,RM Category,30 rm
696,2012,12,C.LK98,420
696,2012,12,P.LK98,4904256
696,2012,12,C.1K,94
696,2012,12,D.1K,1149158
696,2012,12,C.NLP3,326
696,2012,12,P.NLP3,3755098
696,2012,12,C_1K,82
696,2012,12,C_LK98,405.333333333333
696,2012,12,C_NLP3,323.333333333333
696,2012,12,D_1K,1013838.66666667
696,2012,12,P_LK98,4663617.33333333
696,2012,12,P_NLP3,3649778.66666667
696,2012,12,Input_#3_C_1K,80
696,2012,12,Input_#3_C_LK98,403
696,2012,12,Input_#3_C_NLP3,323
696,2012,12,Input_#3_D_1K,989341.666666667
696,2012,12,Input_#3_P_LK98,4618894
696,2012,12,Input_#3_P_NLP3,3629552.33333333
697,2013,1,RM Category,30 rm
697,2013,1,C.LK98,442
697,2013,1,P.LK98,5208800
697,2013,1,C.1K,56
697,2013,1,D.1K,718590
697,2013,1,C.NLP3,386
697,2013,1,P.NLP3,4490210
697,2013,1,C_1K,71.3333333333333
697,2013,1,C_LK98,404.666666666667
697,2013,1,C_NLP3,333.333333333333
697,2013,1,D_1K,883718
697,2013,1,P_LK98,4701666
697,2013,1,P_NLP3,3817948
697,2013,1,Input_#3_C_1K,75.3333333333333
697,2013,1,Input_#3_C_LK98,407.666666666667
697,2013,1,Input_#3_C_NLP3,332.333333333333
697,2013,1,Input_#3_D_1K,930134.666666667
697,2013,1,Input_#3_P_LK98,4649014.66666667
697,2013,1,Input_#3_P_NLP3,3718880
698,2013,2,RM Category,30 rm
698,2013,2,C.LK98,374
698,2013,2,P.LK98,4194476
698,2013,2,C.1K,98
698,2013,2,D.1K,1174358
698,2013,2,C.NLP3,276
698,2013,2,P.NLP3,3020118
698,2013,2,C_1K,82.6666666666667
698,2013,2,C_LK98,412
698,2013,2,C_NLP3,329.333333333333
698,2013,2,D_1K,1014035.33333333
698,2013,2,P_LK98,4769177.33333333
698,2013,2,P_NLP3,3755142
698,2013,2,Input_#3_C_1K,79.6666666666667
698,2013,2,Input_#3_C_LK98,406.333333333333
698,2013,2,Input_#3_C_NLP3,326.666666666667
698,2013,2,Input_#3_D_1K,981744.666666667
698,2013,2,Input_#3_P_LK98,4659110.66666667
698,2013,2,Input_#3_P_NLP3,3677366
699,2013,3,RM Category,30 rm
699,2013,3,C.LK98,404
699,2013,3,P.LK98,4532634
699,2013,3,C.1K,76
699,2013,3,D.1K,930372
699,2013,3,C.NLP3,328
699,2013,3,P.NLP3,3602262
699,2013,3,C_1K,76.6666666666667
699,2013,3,C_LK98,406.666666666667
699,2013,3,C_NLP3,330
699,2013,3,D_1K,941106.666666667
699,2013,3,P_LK98,4645303.33333333
699,2013,3,P_NLP3,3704196.66666667
699,2013,3,Input_#3_C_1K,79.3333333333333
699,2013,3,Input_#3_C_LK98,406
699,2013,3,Input_#3_C_NLP3,326.666666666667
699,2013,3,Input_#3_D_1K,977472.666666667
699,2013,3,Input_#3_P_LK98,4654460.33333333
699,2013,3,Input_#3_P_NLP3,3676987.66666667
700,2013,4,RM Category,30 rm
700,2013,4,C.LK98,416
700,2013,4,P.LK98,4911718
700,2013,4,C.1K,60
700,2013,4,D.1K,768986
700,2013,4,C.NLP3,356
700,2013,4,P.NLP3,4142732
700,2013,4,C_1K,78
700,2013,4,C_LK98,398
700,2013,4,C_NLP3,320
700,2013,4,D_1K,957905.333333333
700,2013,4,P_LK98,4546276
700,2013,4,P_NLP3,3588370.66666667
700,2013,4,Input_#3_C_1K,74.6666666666667
700,2013,4,Input_#3_C_LK98,401.333333333333
700,2013,4,Input_#3_C_NLP3,326.666666666667
700,2013,4,Input_#3_D_1K,920811.666666667
700,2013,4,Input_#3_P_LK98,4623971
700,2013,4,Input_#3_P_NLP3,3703159.33333333
701,2013,5,RM Category,30 rm
701,2013,5,C.LK98,362
701,2013,5,P.LK98,4177564
701,2013,5,C.1K,72
701,2013,5,D.1K,905710
701,2013,5,C.NLP3,290
701,2013,5,P.NLP3,3271854
701,2013,5,C_1K,69.3333333333333
701,2013,5,C_LK98,394
701,2013,5,C_NLP3,324.666666666667
701,2013,5,D_1K,868356
701,2013,5,P_LK98,4540638.66666667
701,2013,5,P_NLP3,3672282.66666667
701,2013,5,Input_#3_C_1K,76
701,2013,5,Input_#3_C_LK98,403
701,2013,5,Input_#3_C_NLP3,327
701,2013,5,Input_#3_D_1K,941195.666666667
701,2013,5,Input_#3_P_LK98,4654908
701,2013,5,Input_#3_P_NLP3,3713712.33333333
702,2013,6,RM Category,30 rm
702,2013,6,C.LK98,448
702,2013,6,P.LK98,5172066
702,2013,6,C.1K,96
702,2013,6,D.1K,1274352
702,2013,6,C.NLP3,352
702,2013,6,P.NLP3,3897714
702,2013,6,C_1K,76
702,2013,6,C_LK98,408.666666666667
702,2013,6,C_NLP3,332.666666666667
702,2013,6,D_1K,983016
702,2013,6,P_LK98,4753782.66666667
702,2013,6,P_NLP3,3770766.66666667
702,2013,6,Input_#3_C_1K,76.3333333333333
702,2013,6,Input_#3_C_LK98,407.666666666667
702,2013,6,Input_#3_C_NLP3,331.333333333333
702,2013,6,Input_#3_D_1K,962061.333333333
702,2013,6,Input_#3_P_LK98,4699543
702,2013,6,Input_#3_P_NLP3,3737481.66666667
703,2013,7,RM Category,30 rm
703,2013,7,C.LK98,464
703,2013,7,P.LK98,5309746
703,2013,7,C.1K,92
703,2013,7,D.1K,1187634
703,2013,7,C.NLP3,372
703,2013,7,P.NLP3,4122112
703,2013,7,C_1K,86.6666666666667
703,2013,7,C_LK98,424.666666666667
703,2013,7,C_NLP3,338
703,2013,7,D_1K,1122565.33333333
703,2013,7,P_LK98,4886458.66666667
703,2013,7,P_NLP3,3763893.33333333
703,2013,7,Input_#3_C_1K,82.3333333333333
703,2013,7,Input_#3_C_LK98,411.333333333333
703,2013,7,Input_#3_C_NLP3,329
703,2013,7,Input_#3_D_1K,1040235.33333333
703,2013,7,Input_#3_P_LK98,4716367.33333333
703,2013,7,Input_#3_P_NLP3,3676132
704,2013,8,RM Category,30 rm
704,2013,8,C.LK98,402
704,2013,8,P.LK98,4795204
704,2013,8,C.1K,74
704,2013,8,D.1K,972290
704,2013,8,C.NLP3,328
704,2013,8,P.NLP3,3822914
704,2013,8,C_1K,87.3333333333333
704,2013,8,C_LK98,438
704,2013,8,C_NLP3,350.666666666667
704,2013,8,D_1K,1144758.66666667
704,2013,8,P_LK98,5092338.66666667
704,2013,8,P_NLP3,3947580
704,2013,8,Input_#3_C_1K,78.3333333333333
704,2013,8,Input_#3_C_LK98,416
704,2013,8,Input_#3_C_NLP3,337.666666666667
704,2013,8,Input_#3_D_1K,1006557.33333333
704,2013,8,Input_#3_P_LK98,4816488.66666667
704,2013,8,Input_#3_P_NLP3,3809931.33333333
705,2013,9,RM Category,30 rm
705,2013,9,C.LK98,438
705,2013,9,P.LK98,4908738
705,2013,9,C.1K,94
705,2013,9,D.1K,1055946
705,2013,9,C.NLP3,344
705,2013,9,P.NLP3,3852792
705,2013,9,C_1K,86.6666666666667
705,2013,9,C_LK98,434.666666666667
705,2013,9,C_NLP3,348
705,2013,9,D_1K,1071956.66666667
705,2013,9,P_LK98,5004562.66666667
705,2013,9,P_NLP3,3932606
705,2013,9,Input_#3_C_1K,81.3333333333333
705,2013,9,Input_#3_C_LK98,421.666666666667
705,2013,9,Input_#3_C_NLP3,340.333333333333
705,2013,9,Input_#3_D_1K,1027486.33333333
705,2013,9,Input_#3_P_LK98,4879172.66666667
705,2013,9,Input_#3_P_NLP3,3851686.33333333
706,2013,10,RM Category,30 rm
706,2013,10,C.LK98,370
706,2013,10,P.LK98,4424822
706,2013,10,C.1K,56
706,2013,10,D.1K,733470
706,2013,10,C.NLP3,314
706,2013,10,P.NLP3,3691352
706,2013,10,C_1K,74.6666666666667
706,2013,10,C_LK98,403.333333333333
706,2013,10,C_NLP3,328.666666666667
706,2013,10,D_1K,920568.666666667
706,2013,10,P_LK98,4709588
706,2013,10,P_NLP3,3789019.33333333
706,2013,10,Input_#3_C_1K,80.6666666666667
706,2013,10,Input_#3_C_LK98,414
706,2013,10,Input_#3_C_NLP3,333.333333333333
706,2013,10,Input_#3_D_1K,1021567
706,2013,10,Input_#3_P_LK98,4798023.33333333
706,2013,10,Input_#3_P_NLP3,3776456.33333333
707,2013,11,RM Category,30 rm
707,2013,11,C.LK98,414
707,2013,11,P.LK98,4909172
707,2013,11,C.1K,90
707,2013,11,D.1K,1136896
707,2013,11,C.NLP3,324
707,2013,11,P.NLP3,3772276
707,2013,11,C_1K,80
707,2013,11,C_LK98,407.333333333333
707,2013,11,C_NLP3,327.333333333333
707,2013,11,D_1K,975437.333333333
707,2013,11,P_LK98,4747577.33333333
707,2013,11,P_NLP3,3772140
707,2013,11,Input_#3_C_1K,83.6666666666667
707,2013,11,Input_#3_C_LK98,422.666666666667
707,2013,11,Input_#3_C_NLP3,339
707,2013,11,Input_#3_D_1K,1060098
707,2013,11,Input_#3_P_LK98,4919958
707,2013,11,Input_#3_P_NLP3,3859860
708,2013,12,RM Category,30 rm
708,2013,12,C.LK98,460
708,2013,12,P.LK98,5198094
708,2013,12,C.1K,96
708,2013,12,D.1K,1225350
708,2013,12,C.NLP3,364
708,2013,12,P.NLP3,3972744
708,2013,12,C_1K,80.6666666666667
708,2013,12,C_LK98,414.666666666667
708,2013,12,C_NLP3,334
708,2013,12,D_1K,1031905.33333333
708,2013,12,P_LK98,4844029.33333333
708,2013,12,P_NLP3,3812124
708,2013,12,Input_#3_C_1K,83.6666666666667
708,2013,12,Input_#3_C_LK98,424.666666666667
708,2013,12,Input_#3_C_NLP3,341
708,2013,12,Input_#3_D_1K,1051931
708,2013,12,Input_#3_P_LK98,4924296
708,2013,12,Input_#3_P_NLP3,3872365
709,2014,1,RM Category,30 rm
709,2014,1,C.LK98,354
709,2014,1,P.LK98,4296688
709,2014,1,C.1K,74
709,2014,1,D.1K,980716
709,2014,1,C.NLP3,280
709,2014,1,P.NLP3,3315972
709,2014,1,C_1K,86.6666666666667
709,2014,1,C_LK98,409.333333333333
709,2014,1,C_NLP3,322.666666666667
709,2014,1,D_1K,1114320.66666667
709,2014,1,P_LK98,4801318
709,2014,1,P_NLP3,3686997.33333333
709,2014,1,Input_#3_C_1K,80.6666666666667
709,2014,1,Input_#3_C_LK98,406.333333333333
709,2014,1,Input_#3_C_NLP3,325.666666666667
709,2014,1,Input_#3_D_1K,1017444.66666667
709,2014,1,Input_#3_P_LK98,4755453
709,2014,1,Input_#3_P_NLP3,3738008.33333333
710,2014,2,RM Category,30 rm
710,2014,2,C.LK98,480
710,2014,2,P.LK98,5429578
710,2014,2,C.1K,64
710,2014,2,D.1K,803284
710,2014,2,C.NLP3,416
710,2014,2,P.NLP3,4626294
710,2014,2,C_1K,78
710,2014,2,C_LK98,431.333333333333
710,2014,2,C_NLP3,353.333333333333
710,2014,2,D_1K,1003116.66666667
710,2014,2,P_LK98,4974786.66666667
710,2014,2,P_NLP3,3971670
710,2014,2,Input_#3_C_1K,79
710,2014,2,Input_#3_C_LK98,419.333333333333
710,2014,2,Input_#3_C_NLP3,340.333333333333
710,2014,2,Input_#3_D_1K,989277
710,2014,2,Input_#3_P_LK98,4861182
710,2014,2,Input_#3_P_NLP3,3871905
711,2014,3,RM Category,30 rm
711,2014,3,C.LK98,512
711,2014,3,P.LK98,6321582
711,2014,3,C.1K,68
711,2014,3,D.1K,848830
711,2014,3,C.NLP3,444
711,2014,3,P.NLP3,5472752
711,2014,3,C_1K,68.6666666666667
711,2014,3,C_LK98,448.666666666667
711,2014,3,C_NLP3,380
711,2014,3,D_1K,877610
711,2014,3,P_LK98,5349282.66666667
711,2014,3,P_NLP3,4471672.66666667
711,2014,3,Input_#3_C_1K,74.6666666666667
711,2014,3,Input_#3_C_LK98,431.666666666667
711,2014,3,Input_#3_C_NLP3,357
711,2014,3,Input_#3_D_1K,954757.666666667
711,2014,3,Input_#3_P_LK98,5096656
711,2014,3,Input_#3_P_NLP3,4141898.33333333
712,2014,4,RM Category,30 rm
712,2014,4,C.LK98,454
712,2014,4,P.LK98,5383004
712,2014,4,C.1K,88
712,2014,4,D.1K,1144390
712,2014,4,C.NLP3,366
712,2014,4,P.NLP3,4238614
712,2014,4,C_1K,73.3333333333333
712,2014,4,C_LK98,482
712,2014,4,C_NLP3,408.666666666667
712,2014,4,D_1K,932168
712,2014,4,P_LK98,5711388
712,2014,4,P_NLP3,4779220
712,2014,4,Input_#3_C_1K,80
712,2014,4,Input_#3_C_LK98,445.666666666667
712,2014,4,Input_#3_C_NLP3,365.666666666667
712,2014,4,Input_#3_D_1K,1023244.33333333
712,2014,4,Input_#3_P_LK98,5256353
712,2014,4,Input_#3_P_NLP3,4233108.66666667
713,2014,5,RM Category,30 rm
713,2014,5,C.LK98,464
713,2014,5,P.LK98,5609424
713,2014,5,C.1K,110
713,2014,5,D.1K,1506363.8
713,2014,5,C.NLP3,354
713,2014,5,P.NLP3,4103060.2
713,2014,5,C_1K,88.6666666666667
713,2014,5,C_LK98,476.666666666667
713,2014,5,C_NLP3,388
713,2014,5,D_1K,1166527.93333333
713,2014,5,P_LK98,5771336.66666667
713,2014,5,P_NLP3,4604808.73333333
713,2014,5,Input_#3_C_1K,83.3333333333333
713,2014,5,Input_#3_C_LK98,454
713,2014,5,Input_#3_C_NLP3,370.666666666667
713,2014,5,Input_#3_D_1K,1084822.3
713,2014,5,Input_#3_P_LK98,5373061.66666667
713,2014,5,Input_#3_P_NLP3,4288239.36666667
714,2014,6,RM Category,30 rm
714,2014,6,C.LK98,494
714,2014,6,P.LK98,5867222
714,2014,6,C.1K,72
714,2014,6,D.1K,920266.22
714,2014,6,C.NLP3,422
714,2014,6,P.NLP3,4946955.78
714,2014,6,C_1K,90
714,2014,6,C_LK98,470.666666666667
714,2014,6,C_NLP3,380.666666666667
714,2014,6,D_1K,1190340.00666667
714,2014,6,P_LK98,5619883.33333333
714,2014,6,P_NLP3,4429543.32666667
714,2014,6,Input_#3_C_1K,79.3333333333333
714,2014,6,Input_#3_C_LK98,459.666666666667
714,2014,6,Input_#3_C_NLP3,380.333333333333
714,2014,6,Input_#3_D_1K,1033975.00333333
714,2014,6,Input_#3_P_LK98,5484583
714,2014,6,Input_#3_P_NLP3,4450607.99666667
715,2014,7,RM Category,30 rm
715,2014,7,C.LK98,
715,2014,7,P.LK98,
715,2014,7,C.1K,
715,2014,7,D.1K,
715,2014,7,C.NLP3,
715,2014,7,P.NLP3,
715,2014,7,C_1K,60.6666666666667
715,2014,7,C_LK98,319.333333333333
715,2014,7,C_NLP3,258.666666666667
715,2014,7,D_1K,808876.673333333
715,2014,7,P_LK98,3825548.66666667
715,2014,7,P_NLP3,3016671.99333333
715,2014,7,Input_#3_C_1K,67
715,2014,7,Input_#3_C_LK98,400.666666666667
715,2014,7,Input_#3_C_NLP3,333.666666666667
715,2014,7,Input_#3_D_1K,870522.336666667
715,2014,7,Input_#3_P_LK98,4768468.33333333
715,2014,7,Input_#3_P_NLP3,3897945.99666667
716,2014,8,RM Category,30 rm
716,2014,8,C.LK98,
716,2014,8,P.LK98,
716,2014,8,C.1K,
716,2014,8,D.1K,
716,2014,8,C.NLP3,
716,2014,8,P.NLP3,
716,2014,8,C_1K,24
716,2014,8,C_LK98,164.666666666667
716,2014,8,C_NLP3,140.666666666667
716,2014,8,D_1K,306755.406666667
716,2014,8,P_LK98,1955740.66666667
716,2014,8,P_NLP3,1648985.26
716,2014,8,Input_#3_C_1K,56.3333333333333
716,2014,8,Input_#3_C_LK98,320.666666666667
716,2014,8,Input_#3_C_NLP3,264.333333333333
716,2014,8,Input_#3_D_1K,736641.67
716,2014,8,Input_#3_P_LK98,3863538.66666667
716,2014,8,Input_#3_P_NLP3,3126896.99666667
717,2014,9,RM Category,30 rm
717,2014,9,C.LK98,
717,2014,9,P.LK98,
717,2014,9,C.1K,
717,2014,9,D.1K,
717,2014,9,C.NLP3,
717,2014,9,P.NLP3,
717,2014,9,C_1K,0
717,2014,9,C_LK98,0
717,2014,9,C_NLP3,0
717,2014,9,D_1K,0
717,2014,9,P_LK98,0
717,2014,9,P_NLP3,0
717,2014,9,Input_#3_C_1K,45
717,2014,9,Input_#3_C_LK98,235.333333333333
717,2014,9,Input_#3_C_NLP3,190.333333333333
717,2014,9,Input_#3_D_1K,595170.003333333
717,2014,9,Input_#3_P_LK98,2809941.66666667
717,2014,9,Input_#3_P_NLP3,2214771.66333333
718,2014,10,RM Category,30 rm
718,2014,10,C.LK98,
718,2014,10,P.LK98,
718,2014,10,C.1K,
718,2014,10,D.1K,
718,2014,10,C.NLP3,
718,2014,10,P.NLP3,
718,2014,10,C_1K,0
718,2014,10,C_LK98,0
718,2014,10,C_NLP3,0
718,2014,10,D_1K,0
718,2014,10,P_LK98,0
718,2014,10,P_NLP3,0
718,2014,10,Input_#3_C_1K,30.3333333333333
718,2014,10,Input_#3_C_LK98,159.666666666667
718,2014,10,Input_#3_C_NLP3,129.333333333333
718,2014,10,Input_#3_D_1K,404438.336666667
718,2014,10,Input_#3_P_LK98,1912774.33333333
718,2014,10,Input_#3_P_NLP3,1508335.99666667
719,2014,11,RM Category,30 rm
719,2014,11,C.LK98,
719,2014,11,P.LK98,
719,2014,11,C.1K,
719,2014,11,D.1K,
719,2014,11,C.NLP3,
719,2014,11,P.NLP3,
719,2014,11,C_1K,0
719,2014,11,C_LK98,0
719,2014,11,C_NLP3,0
719,2014,11,D_1K,0
719,2014,11,P_LK98,0
719,2014,11,P_NLP3,0
719,2014,11,Input_#3_C_1K,12
719,2014,11,Input_#3_C_LK98,82.3333333333333
719,2014,11,Input_#3_C_NLP3,70.3333333333333
719,2014,11,Input_#3_D_1K,153377.703333333
719,2014,11,Input_#3_P_LK98,977870.333333333
719,2014,11,Input_#3_P_NLP3,824492.63
720,2014,12,RM Category,30 rm
720,2014,12,C.LK98,
720,2014,12,P.LK98,
720,2014,12,C.1K,
720,2014,12,D.1K,
720,2014,12,C.NLP3,
720,2014,12,P.NLP3,
720,2014,12,C_1K,0
720,2014,12,C_LK98,0
720,2014,12,C_NLP3,0
720,2014,12,D_1K,0
720,2014,12,P_LK98,0
720,2014,12,P_NLP3,0
720,2014,12,Input_#3_C_1K,0
720,2014,12,Input_#3_C_LK98,0
720,2014,12,Input_#3_C_NLP3,0
720,2014,12,Input_#3_D_1K,0
720,2014,12,Input_#3_P_LK98,0
720,2014,12,Input_#3_P_NLP3,0
721,2009,1,RM Category,300 rm
721,2009,1,C.LK98,24
721,2009,1,P.LK98,1684020
721,2009,1,C.1K,4
721,2009,1,D.1K,287690
721,2009,1,C.NLP3,20
721,2009,1,P.NLP3,1396330
721,2009,1,C_1K,4
721,2009,1,C_LK98,24
721,2009,1,C_NLP3,20
721,2009,1,D_1K,287690
721,2009,1,P_LK98,1684020
721,2009,1,P_NLP3,1396330
721,2009,1,Input_#3_C_1K,0.666666666666667
721,2009,1,Input_#3_C_LK98,4
721,2009,1,Input_#3_C_NLP3,3.33333333333333
721,2009,1,Input_#3_D_1K,47948.3333333333
721,2009,1,Input_#3_P_LK98,280670
721,2009,1,Input_#3_P_NLP3,232721.666666667
722,2009,2,RM Category,300 rm
722,2009,2,C.LK98,20
722,2009,2,P.LK98,1468146
722,2009,2,C.1K,4
722,2009,2,D.1K,234968
722,2009,2,C.NLP3,16
722,2009,2,P.NLP3,1233178
722,2009,2,C_1K,4
722,2009,2,C_LK98,22.6666666666667
722,2009,2,C_NLP3,18.6666666666667
722,2009,2,D_1K,270116
722,2009,2,P_LK98,1612062
722,2009,2,P_NLP3,1341946
722,2009,2,Input_#3_C_1K,1.33333333333333
722,2009,2,Input_#3_C_LK98,7.33333333333333
722,2009,2,Input_#3_C_NLP3,6
722,2009,2,Input_#3_D_1K,87109.6666666667
722,2009,2,Input_#3_P_LK98,525361
722,2009,2,Input_#3_P_NLP3,438251.333333333
723,2009,3,RM Category,300 rm
723,2009,3,C.LK98,22
723,2009,3,P.LK98,2827562
723,2009,3,C.1K,8
723,2009,3,D.1K,607994
723,2009,3,C.NLP3,14
723,2009,3,P.NLP3,2219568
723,2009,3,C_1K,5.33333333333333
723,2009,3,C_LK98,22
723,2009,3,C_NLP3,16.6666666666667
723,2009,3,D_1K,376884
723,2009,3,P_LK98,1993242.66666667
723,2009,3,P_NLP3,1616358.66666667
723,2009,3,Input_#3_C_1K,2.66666666666667
723,2009,3,Input_#3_C_LK98,11
723,2009,3,Input_#3_C_NLP3,8.33333333333333
723,2009,3,Input_#3_D_1K,188442
723,2009,3,Input_#3_P_LK98,996621.333333333
723,2009,3,Input_#3_P_NLP3,808179.333333333
724,2009,4,RM Category,300 rm
724,2009,4,C.LK98,32
724,2009,4,P.LK98,2747906
724,2009,4,C.1K,18
724,2009,4,D.1K,1353762
724,2009,4,C.NLP3,14
724,2009,4,P.NLP3,1394144
724,2009,4,C_1K,10
724,2009,4,C_LK98,24.6666666666667
724,2009,4,C_NLP3,14.6666666666667
724,2009,4,D_1K,732241.333333333
724,2009,4,P_LK98,2347871.33333333
724,2009,4,P_NLP3,1615630
724,2009,4,Input_#3_C_1K,5.66666666666667
724,2009,4,Input_#3_C_LK98,16.3333333333333
724,2009,4,Input_#3_C_NLP3,10.6666666666667
724,2009,4,Input_#3_D_1K,414069
724,2009,4,Input_#3_P_LK98,1454605.66666667
724,2009,4,Input_#3_P_NLP3,1040536.66666667
725,2009,5,RM Category,300 rm
725,2009,5,C.LK98,28
725,2009,5,P.LK98,1972052
725,2009,5,C.1K,12
725,2009,5,D.1K,964416
725,2009,5,C.NLP3,16
725,2009,5,P.NLP3,1007636
725,2009,5,C_1K,12.6666666666667
725,2009,5,C_LK98,27.3333333333333
725,2009,5,C_NLP3,14.6666666666667
725,2009,5,D_1K,975390.666666667
725,2009,5,P_LK98,2515840
725,2009,5,P_NLP3,1540449.33333333
725,2009,5,Input_#3_C_1K,7.66666666666667
725,2009,5,Input_#3_C_LK98,21
725,2009,5,Input_#3_C_NLP3,13.3333333333333
725,2009,5,Input_#3_D_1K,574805
725,2009,5,Input_#3_P_LK98,1783281
725,2009,5,Input_#3_P_NLP3,1208476
726,2009,6,RM Category,300 rm
726,2009,6,C.LK98,28
726,2009,6,P.LK98,2907154
726,2009,6,C.1K,0
726,2009,6,D.1K,0
726,2009,6,C.NLP3,28
726,2009,6,P.NLP3,2907154
726,2009,6,C_1K,10
726,2009,6,C_LK98,29.3333333333333
726,2009,6,C_NLP3,19.3333333333333
726,2009,6,D_1K,772726
726,2009,6,P_LK98,2542370.66666667
726,2009,6,P_NLP3,1769644.66666667
726,2009,6,Input_#3_C_1K,7.66666666666667
726,2009,6,Input_#3_C_LK98,25.6666666666667
726,2009,6,Input_#3_C_NLP3,18
726,2009,6,Input_#3_D_1K,574805
726,2009,6,Input_#3_P_LK98,2267806.66666667
726,2009,6,Input_#3_P_NLP3,1693001.66666667
727,2009,7,RM Category,300 rm
727,2009,7,C.LK98,14
727,2009,7,P.LK98,1084276
727,2009,7,C.1K,14
727,2009,7,D.1K,1112582
727,2009,7,C.NLP3,0
727,2009,7,P.NLP3,-28306
727,2009,7,C_1K,8.66666666666667
727,2009,7,C_LK98,23.3333333333333
727,2009,7,C_NLP3,14.6666666666667
727,2009,7,D_1K,692332.666666667
727,2009,7,P_LK98,1987827.33333333
727,2009,7,P_NLP3,1295494.66666667
727,2009,7,Input_#3_C_1K,9.33333333333333
727,2009,7,Input_#3_C_LK98,24
727,2009,7,Input_#3_C_NLP3,14.6666666666667
727,2009,7,Input_#3_D_1K,712287
727,2009,7,Input_#3_P_LK98,2167849.33333333
727,2009,7,Input_#3_P_NLP3,1455562.33333333
728,2009,8,RM Category,300 rm
728,2009,8,C.LK98,16
728,2009,8,P.LK98,998272
728,2009,8,C.1K,4
728,2009,8,D.1K,358672
728,2009,8,C.NLP3,12
728,2009,8,P.NLP3,639600
728,2009,8,C_1K,6
728,2009,8,C_LK98,19.3333333333333
728,2009,8,C_NLP3,13.3333333333333
728,2009,8,D_1K,490418
728,2009,8,P_LK98,1663234
728,2009,8,P_NLP3,1172816
728,2009,8,Input_#3_C_1K,9.33333333333333
728,2009,8,Input_#3_C_LK98,23.3333333333333
728,2009,8,Input_#3_C_NLP3,14
728,2009,8,Input_#3_D_1K,732904.333333333
728,2009,8,Input_#3_P_LK98,2089537
728,2009,8,Input_#3_P_NLP3,1356632.66666667
729,2009,9,RM Category,300 rm
729,2009,9,C.LK98,14
729,2009,9,P.LK98,969600
729,2009,9,C.1K,2
729,2009,9,D.1K,216600
729,2009,9,C.NLP3,12
729,2009,9,P.NLP3,753000
729,2009,9,C_1K,6.66666666666667
729,2009,9,C_LK98,14.6666666666667
729,2009,9,C_NLP3,8
729,2009,9,D_1K,562618
729,2009,9,P_LK98,1017382.66666667
729,2009,9,P_NLP3,454764.666666667
729,2009,9,Input_#3_C_1K,8.33333333333333
729,2009,9,Input_#3_C_LK98,22
729,2009,9,Input_#3_C_NLP3,13.6666666666667
729,2009,9,Input_#3_D_1K,667672
729,2009,9,Input_#3_P_LK98,1779876.66666667
729,2009,9,Input_#3_P_NLP3,1112204.66666667
730,2009,10,RM Category,300 rm
730,2009,10,C.LK98,12
730,2009,10,P.LK98,928516
730,2009,10,C.1K,10
730,2009,10,D.1K,734544
730,2009,10,C.NLP3,2
730,2009,10,P.NLP3,193972
730,2009,10,C_1K,5.33333333333333
730,2009,10,C_LK98,14
730,2009,10,C_NLP3,8.66666666666667
730,2009,10,D_1K,436605.333333333
730,2009,10,P_LK98,965462.666666667
730,2009,10,P_NLP3,528857.333333333
730,2009,10,Input_#3_C_1K,7
730,2009,10,Input_#3_C_LK98,18.6666666666667
730,2009,10,Input_#3_C_NLP3,11.6666666666667
730,2009,10,Input_#3_D_1K,564469
730,2009,10,Input_#3_P_LK98,1476645
730,2009,10,Input_#3_P_NLP3,912176
731,2009,11,RM Category,300 rm
731,2009,11,C.LK98,12
731,2009,11,P.LK98,928514
731,2009,11,C.1K,4
731,2009,11,D.1K,349596
731,2009,11,C.NLP3,8
731,2009,11,P.NLP3,578918
731,2009,11,C_1K,5.33333333333333
731,2009,11,C_LK98,12.6666666666667
731,2009,11,C_NLP3,7.33333333333333
731,2009,11,D_1K,433580
731,2009,11,P_LK98,942210
731,2009,11,P_NLP3,508630
731,2009,11,Input_#3_C_1K,5.66666666666667
731,2009,11,Input_#3_C_LK98,16
731,2009,11,Input_#3_C_NLP3,10.3333333333333
731,2009,11,Input_#3_D_1K,461999
731,2009,11,Input_#3_P_LK98,1302722
731,2009,11,Input_#3_P_NLP3,840723
732,2009,12,RM Category,300 rm
732,2009,12,C.LK98,32
732,2009,12,P.LK98,2350176
732,2009,12,C.1K,4
732,2009,12,D.1K,299936
732,2009,12,C.NLP3,28
732,2009,12,P.NLP3,2050240
732,2009,12,C_1K,6
732,2009,12,C_LK98,18.6666666666667
732,2009,12,C_NLP3,12.6666666666667
732,2009,12,D_1K,461358.666666667
732,2009,12,P_LK98,1402402
732,2009,12,P_NLP3,941043.333333333
732,2009,12,Input_#3_C_1K,6.33333333333333
732,2009,12,Input_#3_C_LK98,16.6666666666667
732,2009,12,Input_#3_C_NLP3,10.3333333333333
732,2009,12,Input_#3_D_1K,511988.333333333
732,2009,12,Input_#3_P_LK98,1209892.33333333
732,2009,12,Input_#3_P_NLP3,697904
733,2010,1,RM Category,300 rm
733,2010,1,C.LK98,8
733,2010,1,P.LK98,486276
733,2010,1,C.1K,0
733,2010,1,D.1K,0
733,2010,1,C.NLP3,8
733,2010,1,P.NLP3,486276
733,2010,1,C_1K,2.66666666666667
733,2010,1,C_LK98,17.3333333333333
733,2010,1,C_NLP3,14.6666666666667
733,2010,1,D_1K,216510.666666667
733,2010,1,P_LK98,1254988.66666667
733,2010,1,P_NLP3,1038478
733,2010,1,Input_#3_C_1K,4
733,2010,1,Input_#3_C_LK98,15.6666666666667
733,2010,1,Input_#3_C_NLP3,11.6666666666667
733,2010,1,Input_#3_D_1K,326558
733,2010,1,Input_#3_P_LK98,1110225.66666667
733,2010,1,Input_#3_P_NLP3,783667.666666667
734,2010,2,RM Category,300 rm
734,2010,2,C.LK98,10
734,2010,2,P.LK98,665206
734,2010,2,C.1K,0
734,2010,2,D.1K,0
734,2010,2,C.NLP3,10
734,2010,2,P.NLP3,665206
734,2010,2,C_1K,1.33333333333333
734,2010,2,C_LK98,16.6666666666667
734,2010,2,C_NLP3,15.3333333333333
734,2010,2,D_1K,99978.6666666667
734,2010,2,P_LK98,1167219.33333333
734,2010,2,P_NLP3,1067240.66666667
734,2010,2,Input_#3_C_1K,3.33333333333333
734,2010,2,Input_#3_C_LK98,14.6666666666667
734,2010,2,Input_#3_C_NLP3,11.3333333333333
734,2010,2,Input_#3_D_1K,266779.333333333
734,2010,2,Input_#3_P_LK98,1054714.66666667
734,2010,2,Input_#3_P_NLP3,787935.333333333
735,2010,3,RM Category,300 rm
735,2010,3,C.LK98,10
735,2010,3,P.LK98,665206
735,2010,3,C.1K,2
735,2010,3,D.1K,148108
735,2010,3,C.NLP3,8
735,2010,3,P.NLP3,517098
735,2010,3,C_1K,0.666666666666667
735,2010,3,C_LK98,9.33333333333333
735,2010,3,C_NLP3,8.66666666666667
735,2010,3,D_1K,49369.3333333333
735,2010,3,P_LK98,605562.666666667
735,2010,3,P_NLP3,556193.333333333
735,2010,3,Input_#3_C_1K,3.33333333333333
735,2010,3,Input_#3_C_LK98,14
735,2010,3,Input_#3_C_NLP3,10.6666666666667
735,2010,3,Input_#3_D_1K,255364
735,2010,3,Input_#3_P_LK98,1003982.33333333
735,2010,3,Input_#3_P_NLP3,748618.333333333
736,2010,4,RM Category,300 rm
736,2010,4,C.LK98,18
736,2010,4,P.LK98,1410856
736,2010,4,C.1K,6
736,2010,4,D.1K,520148
736,2010,4,C.NLP3,12
736,2010,4,P.NLP3,890708
736,2010,4,C_1K,2.66666666666667
736,2010,4,C_LK98,12.6666666666667
736,2010,4,C_NLP3,10
736,2010,4,D_1K,222752
736,2010,4,P_LK98,913756
736,2010,4,P_NLP3,691004
736,2010,4,Input_#3_C_1K,2.66666666666667
736,2010,4,Input_#3_C_LK98,15
736,2010,4,Input_#3_C_NLP3,12.3333333333333
736,2010,4,Input_#3_D_1K,219631.333333333
736,2010,4,Input_#3_P_LK98,1084372.33333333
736,2010,4,Input_#3_P_NLP3,864741
737,2010,5,RM Category,300 rm
737,2010,5,C.LK98,18
737,2010,5,P.LK98,1410856
737,2010,5,C.1K,4
737,2010,5,D.1K,310178
737,2010,5,C.NLP3,14
737,2010,5,P.NLP3,1100678
737,2010,5,C_1K,4
737,2010,5,C_LK98,15.3333333333333
737,2010,5,C_NLP3,11.3333333333333
737,2010,5,D_1K,326144.666666667
737,2010,5,P_LK98,1162306
737,2010,5,P_NLP3,836161.333333333
737,2010,5,Input_#3_C_1K,2.66666666666667
737,2010,5,Input_#3_C_LK98,16
737,2010,5,Input_#3_C_NLP3,13.3333333333333
737,2010,5,Input_#3_D_1K,213061.666666667
737,2010,5,Input_#3_P_LK98,1164762.66666667
737,2010,5,Input_#3_P_NLP3,951701
738,2010,6,RM Category,300 rm
738,2010,6,C.LK98,18
738,2010,6,P.LK98,1410856
738,2010,6,C.1K,6
738,2010,6,D.1K,391974
738,2010,6,C.NLP3,12
738,2010,6,P.NLP3,1018882
738,2010,6,C_1K,5.33333333333333
738,2010,6,C_LK98,18
738,2010,6,C_NLP3,12.6666666666667
738,2010,6,D_1K,407433.333333333
738,2010,6,P_LK98,1410856
738,2010,6,P_NLP3,1003422.66666667
738,2010,6,Input_#3_C_1K,3
738,2010,6,Input_#3_C_LK98,13.6666666666667
738,2010,6,Input_#3_C_NLP3,10.6666666666667
738,2010,6,Input_#3_D_1K,228401.333333333
738,2010,6,Input_#3_P_LK98,1008209.33333333
738,2010,6,Input_#3_P_NLP3,779808
739,2010,7,RM Category,300 rm
739,2010,7,C.LK98,30
739,2010,7,P.LK98,2094914
739,2010,7,C.1K,16
739,2010,7,D.1K,1002160
739,2010,7,C.NLP3,14
739,2010,7,P.NLP3,1092754
739,2010,7,C_1K,8.66666666666667
739,2010,7,C_LK98,22
739,2010,7,C_NLP3,13.3333333333333
739,2010,7,D_1K,568104
739,2010,7,P_LK98,1638875.33333333
739,2010,7,P_NLP3,1070771.33333333
739,2010,7,Input_#3_C_1K,5.66666666666667
739,2010,7,Input_#3_C_LK98,17.3333333333333
739,2010,7,Input_#3_C_NLP3,11.6666666666667
739,2010,7,Input_#3_D_1K,395428
739,2010,7,Input_#3_P_LK98,1276315.66666667
739,2010,7,Input_#3_P_NLP3,880887.666666667
740,2010,8,RM Category,300 rm
740,2010,8,C.LK98,12
740,2010,8,P.LK98,866166
740,2010,8,C.1K,4
740,2010,8,D.1K,352428
740,2010,8,C.NLP3,8
740,2010,8,P.NLP3,513738
740,2010,8,C_1K,8.66666666666667
740,2010,8,C_LK98,20
740,2010,8,C_NLP3,11.3333333333333
740,2010,8,D_1K,582187.333333333
740,2010,8,P_LK98,1457312
740,2010,8,P_NLP3,875124.666666667
740,2010,8,Input_#3_C_1K,6.33333333333333
740,2010,8,Input_#3_C_LK98,17.6666666666667
740,2010,8,Input_#3_C_NLP3,11.3333333333333
740,2010,8,Input_#3_D_1K,454166
740,2010,8,Input_#3_P_LK98,1309809
740,2010,8,Input_#3_P_NLP3,855643
741,2010,9,RM Category,300 rm
741,2010,9,C.LK98,8
741,2010,9,P.LK98,586882
741,2010,9,C.1K,4
741,2010,9,D.1K,339572
741,2010,9,C.NLP3,4
741,2010,9,P.NLP3,247310
741,2010,9,C_1K,8
741,2010,9,C_LK98,16.6666666666667
741,2010,9,C_NLP3,8.66666666666667
741,2010,9,D_1K,564720
741,2010,9,P_LK98,1182654
741,2010,9,P_NLP3,617934
741,2010,9,Input_#3_C_1K,6.66666666666667
741,2010,9,Input_#3_C_LK98,17.3333333333333
741,2010,9,Input_#3_C_NLP3,10.6666666666667
741,2010,9,Input_#3_D_1K,486076.666666667
741,2010,9,Input_#3_P_LK98,1296755
741,2010,9,Input_#3_P_NLP3,810678.333333333
742,2010,10,RM Category,300 rm
742,2010,10,C.LK98,30
742,2010,10,P.LK98,2283692
742,2010,10,C.1K,2
742,2010,10,D.1K,204732
742,2010,10,C.NLP3,28
742,2010,10,P.NLP3,2078960
742,2010,10,C_1K,3.33333333333333
742,2010,10,C_LK98,16.6666666666667
742,2010,10,C_NLP3,13.3333333333333
742,2010,10,D_1K,298910.666666667
742,2010,10,P_LK98,1245580
742,2010,10,P_NLP3,946669.333333333
742,2010,10,Input_#3_C_1K,6
742,2010,10,Input_#3_C_LK98,19.3333333333333
742,2010,10,Input_#3_C_NLP3,13.3333333333333
742,2010,10,Input_#3_D_1K,433507.333333333
742,2010,10,Input_#3_P_LK98,1442227.66666667
742,2010,10,Input_#3_P_NLP3,1008720.33333333
743,2010,11,RM Category,300 rm
743,2010,11,C.LK98,28
743,2010,11,P.LK98,2396258
743,2010,11,C.1K,12
743,2010,11,D.1K,976080
743,2010,11,C.NLP3,16
743,2010,11,P.NLP3,1420178
743,2010,11,C_1K,6
743,2010,11,C_LK98,22
743,2010,11,C_NLP3,16
743,2010,11,D_1K,506794.666666667
743,2010,11,P_LK98,1755610.66666667
743,2010,11,P_NLP3,1248816
743,2010,11,Input_#3_C_1K,7.33333333333333
743,2010,11,Input_#3_C_LK98,21
743,2010,11,Input_#3_C_NLP3,13.6666666666667
743,2010,11,Input_#3_D_1K,544491
743,2010,11,Input_#3_P_LK98,1606461.33333333
743,2010,11,Input_#3_P_NLP3,1061970.33333333
744,2010,12,RM Category,300 rm
744,2010,12,C.LK98,38
744,2010,12,P.LK98,2800024
744,2010,12,C.1K,14
744,2010,12,D.1K,863602
744,2010,12,C.NLP3,24
744,2010,12,P.NLP3,1936422
744,2010,12,C_1K,9.33333333333333
744,2010,12,C_LK98,32
744,2010,12,C_NLP3,22.6666666666667
744,2010,12,D_1K,681471.333333333
744,2010,12,P_LK98,2493324.66666667
744,2010,12,P_NLP3,1811853.33333333
744,2010,12,Input_#3_C_1K,8.66666666666667
744,2010,12,Input_#3_C_LK98,24.3333333333333
744,2010,12,Input_#3_C_NLP3,15.6666666666667
744,2010,12,Input_#3_D_1K,623095.666666667
744,2010,12,Input_#3_P_LK98,1837989.33333333
744,2010,12,Input_#3_P_NLP3,1214893.66666667
745,2011,1,RM Category,300 rm
745,2011,1,C.LK98,22
745,2011,1,P.LK98,1946092
745,2011,1,C.1K,2
745,2011,1,D.1K,168904
745,2011,1,C.NLP3,20
745,2011,1,P.NLP3,1777188
745,2011,1,C_1K,9.33333333333333
745,2011,1,C_LK98,29.3333333333333
745,2011,1,C_NLP3,20
745,2011,1,D_1K,669528.666666667
745,2011,1,P_LK98,2380791.33333333
745,2011,1,P_NLP3,1711262.66666667
745,2011,1,Input_#3_C_1K,6.33333333333333
745,2011,1,Input_#3_C_LK98,23
745,2011,1,Input_#3_C_NLP3,16.6666666666667
745,2011,1,Input_#3_D_1K,484219.666666667
745,2011,1,Input_#3_P_LK98,1813185.66666667
745,2011,1,Input_#3_P_NLP3,1328966
746,2011,2,RM Category,300 rm
746,2011,2,C.LK98,30
746,2011,2,P.LK98,2029506
746,2011,2,C.1K,0
746,2011,2,D.1K,0
746,2011,2,C.NLP3,30
746,2011,2,P.NLP3,2029506
746,2011,2,C_1K,5.33333333333333
746,2011,2,C_LK98,30
746,2011,2,C_NLP3,24.6666666666667
746,2011,2,D_1K,344168.666666667
746,2011,2,P_LK98,2258540.66666667
746,2011,2,P_NLP3,1914372
746,2011,2,Input_#3_C_1K,5.66666666666667
746,2011,2,Input_#3_C_LK98,26
746,2011,2,Input_#3_C_NLP3,20.3333333333333
746,2011,2,Input_#3_D_1K,425481.666666667
746,2011,2,Input_#3_P_LK98,2007075.66666667
746,2011,2,Input_#3_P_NLP3,1581594
747,2011,3,RM Category,300 rm
747,2011,3,C.LK98,30
747,2011,3,P.LK98,2029506
747,2011,3,C.1K,6
747,2011,3,D.1K,495280
747,2011,3,C.NLP3,24
747,2011,3,P.NLP3,1534226
747,2011,3,C_1K,2.66666666666667
747,2011,3,C_LK98,27.3333333333333
747,2011,3,C_NLP3,24.6666666666667
747,2011,3,D_1K,221394.666666667
747,2011,3,P_LK98,2001701.33333333
747,2011,3,P_NLP3,1780306.66666667
747,2011,3,Input_#3_C_1K,6
747,2011,3,Input_#3_C_LK98,29.6666666666667
747,2011,3,Input_#3_C_NLP3,23.6666666666667
747,2011,3,Input_#3_D_1K,451433
747,2011,3,Input_#3_P_LK98,2247513
747,2011,3,Input_#3_P_NLP3,1796080
748,2011,4,RM Category,300 rm
748,2011,4,C.LK98,28
748,2011,4,P.LK98,2048618
748,2011,4,C.1K,12
748,2011,4,D.1K,930990
748,2011,4,C.NLP3,16
748,2011,4,P.NLP3,1117628
748,2011,4,C_1K,6
748,2011,4,C_LK98,29.3333333333333
748,2011,4,C_NLP3,23.3333333333333
748,2011,4,D_1K,475423.333333333
748,2011,4,P_LK98,2035876.66666667
748,2011,4,P_NLP3,1560453.33333333
748,2011,4,Input_#3_C_1K,7.66666666666667
748,2011,4,Input_#3_C_LK98,29.3333333333333
748,2011,4,Input_#3_C_NLP3,21.6666666666667
748,2011,4,Input_#3_D_1K,572476
748,2011,4,Input_#3_P_LK98,2208334
748,2011,4,Input_#3_P_NLP3,1635858
749,2011,5,RM Category,300 rm
749,2011,5,C.LK98,46
749,2011,5,P.LK98,3596236
749,2011,5,C.1K,16
749,2011,5,D.1K,1321012
749,2011,5,C.NLP3,30
749,2011,5,P.NLP3,2275224
749,2011,5,C_1K,11.3333333333333
749,2011,5,C_LK98,34.6666666666667
749,2011,5,C_NLP3,23.3333333333333
749,2011,5,D_1K,915760.666666667
749,2011,5,P_LK98,2558120
749,2011,5,P_NLP3,1642359.33333333
749,2011,5,Input_#3_C_1K,8.33333333333333
749,2011,5,Input_#3_C_LK98,32.3333333333333
749,2011,5,Input_#3_C_NLP3,24
749,2011,5,Input_#3_D_1K,629964.666666667
749,2011,5,Input_#3_P_LK98,2408330.33333333
749,2011,5,Input_#3_P_NLP3,1778365.66666667
750,2011,6,RM Category,300 rm
750,2011,6,C.LK98,46
750,2011,6,P.LK98,3528992
750,2011,6,C.1K,18
750,2011,6,D.1K,1414578
750,2011,6,C.NLP3,28
750,2011,6,P.NLP3,2114414
750,2011,6,C_1K,15.3333333333333
750,2011,6,C_LK98,40
750,2011,6,C_NLP3,24.6666666666667
750,2011,6,D_1K,1222193.33333333
750,2011,6,P_LK98,3057948.66666667
750,2011,6,P_NLP3,1835755.33333333
750,2011,6,Input_#3_C_1K,9
750,2011,6,Input_#3_C_LK98,33.6666666666667
750,2011,6,Input_#3_C_NLP3,24.6666666666667
750,2011,6,Input_#3_D_1K,721794
750,2011,6,Input_#3_P_LK98,2529825
750,2011,6,Input_#3_P_NLP3,1808031
751,2011,7,RM Category,300 rm
751,2011,7,C.LK98,54
751,2011,7,P.LK98,3740054
751,2011,7,C.1K,14
751,2011,7,D.1K,999122
751,2011,7,C.NLP3,40
751,2011,7,P.NLP3,2740932
751,2011,7,C_1K,16
751,2011,7,C_LK98,48.6666666666667
751,2011,7,C_NLP3,32.6666666666667
751,2011,7,D_1K,1244904
751,2011,7,P_LK98,3621760.66666667
751,2011,7,P_NLP3,2376856.66666667
751,2011,7,Input_#3_C_1K,11
751,2011,7,Input_#3_C_LK98,39
751,2011,7,Input_#3_C_NLP3,28
751,2011,7,Input_#3_D_1K,860163.666666667
751,2011,7,Input_#3_P_LK98,2828818.66666667
751,2011,7,Input_#3_P_NLP3,1968655
752,2011,8,RM Category,300 rm
752,2011,8,C.LK98,58
752,2011,8,P.LK98,3550018
752,2011,8,C.1K,10
752,2011,8,D.1K,850216
752,2011,8,C.NLP3,48
752,2011,8,P.NLP3,2699802
752,2011,8,C_1K,14
752,2011,8,C_LK98,52.6666666666667
752,2011,8,C_NLP3,38.6666666666667
752,2011,8,D_1K,1087972
752,2011,8,P_LK98,3606354.66666667
752,2011,8,P_NLP3,2518382.66666667
752,2011,8,Input_#3_C_1K,12.6666666666667
752,2011,8,Input_#3_C_LK98,43.6666666666667
752,2011,8,Input_#3_C_NLP3,31
752,2011,8,Input_#3_D_1K,1001866.33333333
752,2011,8,Input_#3_P_LK98,3082237.33333333
752,2011,8,Input_#3_P_NLP3,2080371
753,2011,9,RM Category,300 rm
753,2011,9,C.LK98,30
753,2011,9,P.LK98,2606666
753,2011,9,C.1K,16
753,2011,9,D.1K,1452798
753,2011,9,C.NLP3,14
753,2011,9,P.NLP3,1153868
753,2011,9,C_1K,13.3333333333333
753,2011,9,C_LK98,47.3333333333333
753,2011,9,C_NLP3,34
753,2011,9,D_1K,1100712
753,2011,9,P_LK98,3298912.66666667
753,2011,9,P_NLP3,2198200.66666667
753,2011,9,Input_#3_C_1K,14.3333333333333
753,2011,9,Input_#3_C_LK98,43.6666666666667
753,2011,9,Input_#3_C_NLP3,29.3333333333333
753,2011,9,Input_#3_D_1K,1161452.66666667
753,2011,9,Input_#3_P_LK98,3178430.66666667
753,2011,9,Input_#3_P_NLP3,2016978
754,2011,10,RM Category,300 rm
754,2011,10,C.LK98,58
754,2011,10,P.LK98,4055426
754,2011,10,C.1K,30
754,2011,10,D.1K,1972086
754,2011,10,C.NLP3,28
754,2011,10,P.NLP3,2083340
754,2011,10,C_1K,18.6666666666667
754,2011,10,C_LK98,48.6666666666667
754,2011,10,C_NLP3,30
754,2011,10,D_1K,1425033.33333333
754,2011,10,P_LK98,3404036.66666667
754,2011,10,P_NLP3,1979003.33333333
754,2011,10,Input_#3_C_1K,17.3333333333333
754,2011,10,Input_#3_C_LK98,48.6666666666667
754,2011,10,Input_#3_C_NLP3,31.3333333333333
754,2011,10,Input_#3_D_1K,1334968.66666667
754,2011,10,Input_#3_P_LK98,3512898.66666667
754,2011,10,Input_#3_P_NLP3,2177930
755,2011,11,RM Category,300 rm
755,2011,11,C.LK98,16
755,2011,11,P.LK98,1200572
755,2011,11,C.1K,4
755,2011,11,D.1K,345846
755,2011,11,C.NLP3,12
755,2011,11,P.NLP3,854726
755,2011,11,C_1K,16.6666666666667
755,2011,11,C_LK98,34.6666666666667
755,2011,11,C_NLP3,18
755,2011,11,D_1K,1256910
755,2011,11,P_LK98,2620888
755,2011,11,P_NLP3,1363978
755,2011,11,Input_#3_C_1K,15.3333333333333
755,2011,11,Input_#3_C_LK98,43.6666666666667
755,2011,11,Input_#3_C_NLP3,28.3333333333333
755,2011,11,Input_#3_D_1K,1172441
755,2011,11,Input_#3_P_LK98,3113621.33333333
755,2011,11,Input_#3_P_NLP3,1941180.33333333
756,2011,12,RM Category,300 rm
756,2011,12,C.LK98,34
756,2011,12,P.LK98,3184410
756,2011,12,C.1K,8
756,2011,12,D.1K,659932
756,2011,12,C.NLP3,26
756,2011,12,P.NLP3,2524478
756,2011,12,C_1K,14
756,2011,12,C_LK98,36
756,2011,12,C_NLP3,22
756,2011,12,D_1K,992621.333333333
756,2011,12,P_LK98,2813469.33333333
756,2011,12,P_NLP3,1820848
756,2011,12,Input_#3_C_1K,13.6666666666667
756,2011,12,Input_#3_C_LK98,41.6666666666667
756,2011,12,Input_#3_C_NLP3,28
756,2011,12,Input_#3_D_1K,1046666.66666667
756,2011,12,Input_#3_P_LK98,3056191
756,2011,12,Input_#3_P_NLP3,2009524.33333333
757,2012,1,RM Category,300 rm
757,2012,1,C.LK98,16
757,2012,1,P.LK98,1245630
757,2012,1,C.1K,2
757,2012,1,D.1K,204732
757,2012,1,C.NLP3,14
757,2012,1,P.NLP3,1040898
757,2012,1,C_1K,4.66666666666667
757,2012,1,C_LK98,22
757,2012,1,C_NLP3,17.3333333333333
757,2012,1,D_1K,403503.333333333
757,2012,1,P_LK98,1876870.66666667
757,2012,1,P_NLP3,1473367.33333333
757,2012,1,Input_#3_C_1K,11.6666666666667
757,2012,1,Input_#3_C_LK98,35.3333333333333
757,2012,1,Input_#3_C_NLP3,23.6666666666667
757,2012,1,Input_#3_D_1K,914268.333333333
757,2012,1,Input_#3_P_LK98,2640453.66666667
757,2012,1,Input_#3_P_NLP3,1726185.33333333
758,2012,2,RM Category,300 rm
758,2012,2,C.LK98,26
758,2012,2,P.LK98,2847760
758,2012,2,C.1K,4
758,2012,2,D.1K,360124
758,2012,2,C.NLP3,22
758,2012,2,P.NLP3,2487636
758,2012,2,C_1K,4.66666666666667
758,2012,2,C_LK98,25.3333333333333
758,2012,2,C_NLP3,20.6666666666667
758,2012,2,D_1K,408262.666666667
758,2012,2,P_LK98,2425933.33333333
758,2012,2,P_NLP3,2017670.66666667
758,2012,2,Input_#3_C_1K,10.6666666666667
758,2012,2,Input_#3_C_LK98,30
758,2012,2,Input_#3_C_NLP3,19.3333333333333
758,2012,2,Input_#3_D_1K,832586.333333333
758,2012,2,Input_#3_P_LK98,2523410.66666667
758,2012,2,Input_#3_P_NLP3,1690824.33333333
759,2012,3,RM Category,300 rm
759,2012,3,C.LK98,28
759,2012,3,P.LK98,3274370
759,2012,3,C.1K,4
759,2012,3,D.1K,325712
759,2012,3,C.NLP3,24
759,2012,3,P.NLP3,2948658
759,2012,3,C_1K,3.33333333333333
759,2012,3,C_LK98,23.3333333333333
759,2012,3,C_NLP3,20
759,2012,3,D_1K,296856
759,2012,3,P_LK98,2455920
759,2012,3,P_NLP3,2159064
759,2012,3,Input_#3_C_1K,8.66666666666667
759,2012,3,Input_#3_C_LK98,29.6666666666667
759,2012,3,Input_#3_C_NLP3,21
759,2012,3,Input_#3_D_1K,644738.666666667
759,2012,3,Input_#3_P_LK98,2634694.66666667
759,2012,3,Input_#3_P_NLP3,1989956
760,2012,4,RM Category,300 rm
760,2012,4,C.LK98,18
760,2012,4,P.LK98,1438204
760,2012,4,C.1K,8
760,2012,4,D.1K,708932
760,2012,4,C.NLP3,10
760,2012,4,P.NLP3,729272
760,2012,4,C_1K,5.33333333333333
760,2012,4,C_LK98,24
760,2012,4,C_NLP3,18.6666666666667
760,2012,4,D_1K,464922.666666667
760,2012,4,P_LK98,2520111.33333333
760,2012,4,P_NLP3,2055188.66666667
760,2012,4,Input_#3_C_1K,5
760,2012,4,Input_#3_C_LK98,23
760,2012,4,Input_#3_C_NLP3,18
760,2012,4,Input_#3_D_1K,434213
760,2012,4,Input_#3_P_LK98,2198491
760,2012,4,Input_#3_P_NLP3,1764278
761,2012,5,RM Category,300 rm
761,2012,5,C.LK98,22
761,2012,5,P.LK98,1951588
761,2012,5,C.1K,8
761,2012,5,D.1K,749764
761,2012,5,C.NLP3,14
761,2012,5,P.NLP3,1201824
761,2012,5,C_1K,6.66666666666667
761,2012,5,C_LK98,22.6666666666667
761,2012,5,C_NLP3,16
761,2012,5,D_1K,594802.666666667
761,2012,5,P_LK98,2221387.33333333
761,2012,5,P_NLP3,1626584.66666667
761,2012,5,Input_#3_C_1K,5.66666666666667
761,2012,5,Input_#3_C_LK98,24
761,2012,5,Input_#3_C_NLP3,18.3333333333333
761,2012,5,Input_#3_D_1K,501532.666666667
761,2012,5,Input_#3_P_LK98,2323660.33333333
761,2012,5,Input_#3_P_NLP3,1822127.66666667
762,2012,6,RM Category,300 rm
762,2012,6,C.LK98,30
762,2012,6,P.LK98,2848794
762,2012,6,C.1K,2
762,2012,6,D.1K,204732
762,2012,6,C.NLP3,28
762,2012,6,P.NLP3,2644062
762,2012,6,C_1K,6
762,2012,6,C_LK98,23.3333333333333
762,2012,6,C_NLP3,17.3333333333333
762,2012,6,D_1K,554476
762,2012,6,P_LK98,2079528.66666667
762,2012,6,P_NLP3,1525052.66666667
762,2012,6,Input_#3_C_1K,4.66666666666667
762,2012,6,Input_#3_C_LK98,23.3333333333333
762,2012,6,Input_#3_C_NLP3,18.6666666666667
762,2012,6,Input_#3_D_1K,425666
762,2012,6,Input_#3_P_LK98,2267724.33333333
762,2012,6,Input_#3_P_NLP3,1842058.33333333
763,2012,7,RM Category,300 rm
763,2012,7,C.LK98,14
763,2012,7,P.LK98,1398468
763,2012,7,C.1K,6
763,2012,7,D.1K,564378
763,2012,7,C.NLP3,8
763,2012,7,P.NLP3,834090
763,2012,7,C_1K,5.33333333333333
763,2012,7,C_LK98,22
763,2012,7,C_NLP3,16.6666666666667
763,2012,7,D_1K,506291.333333333
763,2012,7,P_LK98,2066283.33333333
763,2012,7,P_NLP3,1559992
763,2012,7,Input_#3_C_1K,5.33333333333333
763,2012,7,Input_#3_C_LK98,23
763,2012,7,Input_#3_C_NLP3,17.6666666666667
763,2012,7,Input_#3_D_1K,485607
763,2012,7,Input_#3_P_LK98,2293197.33333333
763,2012,7,Input_#3_P_NLP3,1807590.33333333
764,2012,8,RM Category,300 rm
764,2012,8,C.LK98,38
764,2012,8,P.LK98,2794174
764,2012,8,C.1K,8
764,2012,8,D.1K,792350
764,2012,8,C.NLP3,30
764,2012,8,P.NLP3,2001824
764,2012,8,C_1K,5.33333333333333
764,2012,8,C_LK98,27.3333333333333
764,2012,8,C_NLP3,22
764,2012,8,D_1K,520486.666666667
764,2012,8,P_LK98,2347145.33333333
764,2012,8,P_NLP3,1826658.66666667
764,2012,8,Input_#3_C_1K,6
764,2012,8,Input_#3_C_LK98,25
764,2012,8,Input_#3_C_NLP3,19
764,2012,8,Input_#3_D_1K,557644.666666667
764,2012,8,Input_#3_P_LK98,2284266.33333333
764,2012,8,Input_#3_P_NLP3,1726621.66666667
765,2012,9,RM Category,300 rm
765,2012,9,C.LK98,42
765,2012,9,P.LK98,3152258
765,2012,9,C.1K,14
765,2012,9,D.1K,1263808
765,2012,9,C.NLP3,28
765,2012,9,P.NLP3,1888450
765,2012,9,C_1K,9.33333333333333
765,2012,9,C_LK98,31.3333333333333
765,2012,9,C_NLP3,22
765,2012,9,D_1K,873512
765,2012,9,P_LK98,2448300
765,2012,9,P_NLP3,1574788
765,2012,9,Input_#3_C_1K,7.66666666666667
765,2012,9,Input_#3_C_LK98,27.3333333333333
765,2012,9,Input_#3_C_NLP3,19.6666666666667
765,2012,9,Input_#3_D_1K,713994
765,2012,9,Input_#3_P_LK98,2263914.33333333
765,2012,9,Input_#3_P_NLP3,1549920.33333333
766,2012,10,RM Category,300 rm
766,2012,10,C.LK98,56
766,2012,10,P.LK98,4550366
766,2012,10,C.1K,26
766,2012,10,D.1K,2111654
766,2012,10,C.NLP3,30
766,2012,10,P.NLP3,2438712
766,2012,10,C_1K,16
766,2012,10,C_LK98,45.3333333333333
766,2012,10,C_NLP3,29.3333333333333
766,2012,10,D_1K,1389270.66666667
766,2012,10,P_LK98,3498932.66666667
766,2012,10,P_NLP3,2109662
766,2012,10,Input_#3_C_1K,10.6666666666667
766,2012,10,Input_#3_C_LK98,33.6666666666667
766,2012,10,Input_#3_C_NLP3,23
766,2012,10,Input_#3_D_1K,947781
766,2012,10,Input_#3_P_LK98,2782608
766,2012,10,Input_#3_P_NLP3,1834827
767,2012,11,RM Category,300 rm
767,2012,11,C.LK98,34
767,2012,11,P.LK98,2681844
767,2012,11,C.1K,8
767,2012,11,D.1K,726002
767,2012,11,C.NLP3,26
767,2012,11,P.NLP3,1955842
767,2012,11,C_1K,16
767,2012,11,C_LK98,44
767,2012,11,C_NLP3,28
767,2012,11,D_1K,1367154.66666667
767,2012,11,P_LK98,3461489.33333333
767,2012,11,P_NLP3,2094334.66666667
767,2012,11,Input_#3_C_1K,10.6666666666667
767,2012,11,Input_#3_C_LK98,35.6666666666667
767,2012,11,Input_#3_C_NLP3,25
767,2012,11,Input_#3_D_1K,943820.666666667
767,2012,11,Input_#3_P_LK98,2904317.33333333
767,2012,11,Input_#3_P_NLP3,1960496.66666667
768,2012,12,RM Category,300 rm
768,2012,12,C.LK98,42
768,2012,12,P.LK98,4032600
768,2012,12,C.1K,14
768,2012,12,D.1K,1602518
768,2012,12,C.NLP3,28
768,2012,12,P.NLP3,2430082
768,2012,12,C_1K,16
768,2012,12,C_LK98,44
768,2012,12,C_NLP3,28
768,2012,12,D_1K,1480058
768,2012,12,P_LK98,3754936.66666667
768,2012,12,P_NLP3,2274878.66666667
768,2012,12,Input_#3_C_1K,12.6666666666667
768,2012,12,Input_#3_C_LK98,37.6666666666667
768,2012,12,Input_#3_C_NLP3,25
768,2012,12,Input_#3_D_1K,1176785
768,2012,12,Input_#3_P_LK98,3101618.33333333
768,2012,12,Input_#3_P_NLP3,1924833.33333333
769,2013,1,RM Category,300 rm
769,2013,1,C.LK98,22
769,2013,1,P.LK98,1777180
769,2013,1,C.1K,10
769,2013,1,D.1K,939492
769,2013,1,C.NLP3,12
769,2013,1,P.NLP3,837688
769,2013,1,C_1K,10.6666666666667
769,2013,1,C_LK98,32.6666666666667
769,2013,1,C_NLP3,22
769,2013,1,D_1K,1089337.33333333
769,2013,1,P_LK98,2830541.33333333
769,2013,1,P_NLP3,1741204
769,2013,1,Input_#3_C_1K,13.3333333333333
769,2013,1,Input_#3_C_LK98,39
769,2013,1,Input_#3_C_NLP3,25.6666666666667
769,2013,1,Input_#3_D_1K,1239304
769,2013,1,Input_#3_P_LK98,3164737
769,2013,1,Input_#3_P_NLP3,1925433
770,2013,2,RM Category,300 rm
770,2013,2,C.LK98,38
770,2013,2,P.LK98,2891726
770,2013,2,C.1K,12
770,2013,2,D.1K,939902
770,2013,2,C.NLP3,26
770,2013,2,P.NLP3,1951824
770,2013,2,C_1K,12
770,2013,2,C_LK98,34
770,2013,2,C_NLP3,22
770,2013,2,D_1K,1160637.33333333
770,2013,2,P_LK98,2900502
770,2013,2,P_NLP3,1739864.66666667
770,2013,2,Input_#3_C_1K,14
770,2013,2,Input_#3_C_LK98,39
770,2013,2,Input_#3_C_NLP3,25
770,2013,2,Input_#3_D_1K,1263896
770,2013,2,Input_#3_P_LK98,3180995.66666667
770,2013,2,Input_#3_P_NLP3,1917099.66666667
771,2013,3,RM Category,300 rm
771,2013,3,C.LK98,22
771,2013,3,P.LK98,1800886
771,2013,3,C.1K,4
771,2013,3,D.1K,291536
771,2013,3,C.NLP3,18
771,2013,3,P.NLP3,1509350
771,2013,3,C_1K,8.66666666666667
771,2013,3,C_LK98,27.3333333333333
771,2013,3,C_NLP3,18.6666666666667
771,2013,3,D_1K,723643.333333333
771,2013,3,P_LK98,2156597.33333333
771,2013,3,P_NLP3,1432954
771,2013,3,Input_#3_C_1K,12.3333333333333
771,2013,3,Input_#3_C_LK98,35.6666666666667
771,2013,3,Input_#3_C_NLP3,23.3333333333333
771,2013,3,Input_#3_D_1K,1101850.66666667
771,2013,3,Input_#3_P_LK98,2955767
771,2013,3,Input_#3_P_NLP3,1853916.33333333
772,2013,4,RM Category,300 rm
772,2013,4,C.LK98,30
772,2013,4,P.LK98,2437936
772,2013,4,C.1K,10
772,2013,4,D.1K,968348
772,2013,4,C.NLP3,20
772,2013,4,P.NLP3,1469588
772,2013,4,C_1K,8.66666666666667
772,2013,4,C_LK98,30
772,2013,4,C_NLP3,21.3333333333333
772,2013,4,D_1K,733262
772,2013,4,P_LK98,2376849.33333333
772,2013,4,P_NLP3,1643587.33333333
772,2013,4,Input_#3_C_1K,9.66666666666667
772,2013,4,Input_#3_C_LK98,31.3333333333333
772,2013,4,Input_#3_C_NLP3,21.6666666666667
772,2013,4,Input_#3_D_1K,911299.666666667
772,2013,4,Input_#3_P_LK98,2603695.33333333
772,2013,4,Input_#3_P_NLP3,1692395.66666667
773,2013,5,RM Category,300 rm
773,2013,5,C.LK98,32
773,2013,5,P.LK98,2534740
773,2013,5,C.1K,12
773,2013,5,D.1K,937350
773,2013,5,C.NLP3,20
773,2013,5,P.NLP3,1597390
773,2013,5,C_1K,8.66666666666667
773,2013,5,C_LK98,28
773,2013,5,C_NLP3,19.3333333333333
773,2013,5,D_1K,732411.333333333
773,2013,5,P_LK98,2257854
773,2013,5,P_NLP3,1525442.66666667
773,2013,5,Input_#3_C_1K,10.3333333333333
773,2013,5,Input_#3_C_LK98,31
773,2013,5,Input_#3_C_NLP3,20.6666666666667
773,2013,5,Input_#3_D_1K,946524.333333333
773,2013,5,Input_#3_P_LK98,2579178
773,2013,5,Input_#3_P_NLP3,1632653.66666667
774,2013,6,RM Category,300 rm
774,2013,6,C.LK98,48
774,2013,6,P.LK98,3803834
774,2013,6,C.1K,14
774,2013,6,D.1K,1288916
774,2013,6,C.NLP3,34
774,2013,6,P.NLP3,2514918
774,2013,6,C_1K,12
774,2013,6,C_LK98,36.6666666666667
774,2013,6,C_NLP3,24.6666666666667
774,2013,6,D_1K,1064871.33333333
774,2013,6,P_LK98,2925503.33333333
774,2013,6,P_NLP3,1860632
774,2013,6,Input_#3_C_1K,10.3333333333333
774,2013,6,Input_#3_C_LK98,32
774,2013,6,Input_#3_C_NLP3,21.6666666666667
774,2013,6,Input_#3_D_1K,894257.333333333
774,2013,6,Input_#3_P_LK98,2541050.33333333
774,2013,6,Input_#3_P_NLP3,1646793
775,2013,7,RM Category,300 rm
775,2013,7,C.LK98,34
775,2013,7,P.LK98,2761482
775,2013,7,C.1K,10
775,2013,7,D.1K,825006
775,2013,7,C.NLP3,24
775,2013,7,P.NLP3,1936476
775,2013,7,C_1K,12
775,2013,7,C_LK98,38
775,2013,7,C_NLP3,26
775,2013,7,D_1K,1017090.66666667
775,2013,7,P_LK98,3033352
775,2013,7,P_NLP3,2016261.33333333
775,2013,7,Input_#3_C_1K,10.3333333333333
775,2013,7,Input_#3_C_LK98,34
775,2013,7,Input_#3_C_NLP3,23.6666666666667
775,2013,7,Input_#3_D_1K,875176.333333333
775,2013,7,Input_#3_P_LK98,2705100.66666667
775,2013,7,Input_#3_P_NLP3,1829924.33333333
776,2013,8,RM Category,300 rm
776,2013,8,C.LK98,38
776,2013,8,P.LK98,2996718
776,2013,8,C.1K,10
776,2013,8,D.1K,917472
776,2013,8,C.NLP3,28
776,2013,8,P.NLP3,2079246
776,2013,8,C_1K,11.3333333333333
776,2013,8,C_LK98,40
776,2013,8,C_NLP3,28.6666666666667
776,2013,8,D_1K,1010464.66666667
776,2013,8,P_LK98,3187344.66666667
776,2013,8,P_NLP3,2176880
776,2013,8,Input_#3_C_1K,10
776,2013,8,Input_#3_C_LK98,34
776,2013,8,Input_#3_C_NLP3,24
776,2013,8,Input_#3_D_1K,871438
776,2013,8,Input_#3_P_LK98,2722599.33333333
776,2013,8,Input_#3_P_NLP3,1851161.33333333
777,2013,9,RM Category,300 rm
777,2013,9,C.LK98,54
777,2013,9,P.LK98,4945490
777,2013,9,C.1K,10
777,2013,9,D.1K,976024
777,2013,9,C.NLP3,44
777,2013,9,P.NLP3,3969466
777,2013,9,C_1K,10
777,2013,9,C_LK98,42
777,2013,9,C_NLP3,32
777,2013,9,D_1K,906167.333333333
777,2013,9,P_LK98,3567896.66666667
777,2013,9,P_NLP3,2661729.33333333
777,2013,9,Input_#3_C_1K,11
777,2013,9,Input_#3_C_LK98,39.3333333333333
777,2013,9,Input_#3_C_NLP3,28.3333333333333
777,2013,9,Input_#3_D_1K,985519.333333333
777,2013,9,Input_#3_P_LK98,3246700
777,2013,9,Input_#3_P_NLP3,2261180.66666667
778,2013,10,RM Category,300 rm
778,2013,10,C.LK98,42
778,2013,10,P.LK98,3211806
778,2013,10,C.1K,10
778,2013,10,D.1K,768662
778,2013,10,C.NLP3,32
778,2013,10,P.NLP3,2443144
778,2013,10,C_1K,10
778,2013,10,C_LK98,44.6666666666667
778,2013,10,C_NLP3,34.6666666666667
778,2013,10,D_1K,887386
778,2013,10,P_LK98,3718004.66666667
778,2013,10,P_NLP3,2830618.66666667
778,2013,10,Input_#3_C_1K,11
778,2013,10,Input_#3_C_LK98,41.3333333333333
778,2013,10,Input_#3_C_NLP3,30.3333333333333
778,2013,10,Input_#3_D_1K,952238.333333333
778,2013,10,Input_#3_P_LK98,3375678.33333333
778,2013,10,Input_#3_P_NLP3,2423440
779,2013,11,RM Category,300 rm
779,2013,11,C.LK98,40
779,2013,11,P.LK98,3331634
779,2013,11,C.1K,16
779,2013,11,D.1K,1508296
779,2013,11,C.NLP3,24
779,2013,11,P.NLP3,1823338
779,2013,11,C_1K,12
779,2013,11,C_LK98,45.3333333333333
779,2013,11,C_NLP3,33.3333333333333
779,2013,11,D_1K,1084327.33333333
779,2013,11,P_LK98,3829643.33333333
779,2013,11,P_NLP3,2745316
779,2013,11,Input_#3_C_1K,11.6666666666667
779,2013,11,Input_#3_C_LK98,42.6666666666667
779,2013,11,Input_#3_C_NLP3,31
779,2013,11,Input_#3_D_1K,1047396
779,2013,11,Input_#3_P_LK98,3508494
779,2013,11,Input_#3_P_NLP3,2461098
780,2013,12,RM Category,300 rm
780,2013,12,C.LK98,62
780,2013,12,P.LK98,4903578
780,2013,12,C.1K,18
780,2013,12,D.1K,1693972
780,2013,12,C.NLP3,44
780,2013,12,P.NLP3,3209606
780,2013,12,C_1K,14.6666666666667
780,2013,12,C_LK98,48
780,2013,12,C_NLP3,33.3333333333333
780,2013,12,D_1K,1323643.33333333
780,2013,12,P_LK98,3815672.66666667
780,2013,12,P_NLP3,2492029.33333333
780,2013,12,Input_#3_C_1K,12.3333333333333
780,2013,12,Input_#3_C_LK98,45
780,2013,12,Input_#3_C_NLP3,32.6666666666667
780,2013,12,Input_#3_D_1K,1114905.33333333
780,2013,12,Input_#3_P_LK98,3691784.66666667
780,2013,12,Input_#3_P_NLP3,2576879.33333333
781,2014,1,RM Category,300 rm
781,2014,1,C.LK98,18
781,2014,1,P.LK98,1348435
781,2014,1,C.1K,
781,2014,1,D.1K,
781,2014,1,C.NLP3,
781,2014,1,P.NLP3,
781,2014,1,C_1K,11.3333333333333
781,2014,1,C_LK98,40
781,2014,1,C_NLP3,22.6666666666667
781,2014,1,D_1K,1067422.66666667
781,2014,1,P_LK98,3194549
781,2014,1,P_NLP3,1677648
781,2014,1,Input_#3_C_1K,10.6666666666667
781,2014,1,Input_#3_C_LK98,42.3333333333333
781,2014,1,Input_#3_C_NLP3,28.6666666666667
781,2014,1,Input_#3_D_1K,977404.333333333
781,2014,1,Input_#3_P_LK98,3456276.83333333
781,2014,1,Input_#3_P_NLP3,2254133.33333333
782,2014,2,RM Category,300 rm
782,2014,2,C.LK98,9
782,2014,2,P.LK98,674218
782,2014,2,C.1K,10
782,2014,2,D.1K,947566
782,2014,2,C.NLP3,4
782,2014,2,P.NLP3,200435
782,2014,2,C_1K,9.33333333333333
782,2014,2,C_LK98,29.6666666666667
782,2014,2,C_NLP3,16
782,2014,2,D_1K,880512.666666667
782,2014,2,P_LK98,2308743.66666667
782,2014,2,P_NLP3,1136680.33333333
782,2014,2,Input_#3_C_1K,10.6666666666667
782,2014,2,Input_#3_C_LK98,37.5
782,2014,2,Input_#3_C_NLP3,24.6666666666667
782,2014,2,Input_#3_D_1K,982420
782,2014,2,Input_#3_P_LK98,3069193.5
782,2014,2,Input_#3_P_NLP3,1940998.16666667
783,2014,3,RM Category,300 rm
783,2014,3,C.LK98,20
783,2014,3,P.LK98,1955293
783,2014,3,C.1K,8
783,2014,3,D.1K,819802
783,2014,3,C.NLP3,16
783,2014,3,P.NLP3,1545392
783,2014,3,C_1K,6
783,2014,3,C_LK98,15.6666666666667
783,2014,3,C_NLP3,6.66666666666667
783,2014,3,D_1K,589122.666666667
783,2014,3,P_LK98,1325982
783,2014,3,P_NLP3,581942.333333333
783,2014,3,Input_#3_C_1K,10.3333333333333
783,2014,3,Input_#3_C_LK98,31.8333333333333
783,2014,3,Input_#3_C_NLP3,20
783,2014,3,Input_#3_D_1K,956383
783,2014,3,Input_#3_P_LK98,2570827.33333333
783,2014,3,Input_#3_P_NLP3,1536985.83333333
784,2014,4,RM Category,300 rm
784,2014,4,C.LK98,10
784,2014,4,P.LK98,766866
784,2014,4,C.1K,8
784,2014,4,D.1K,726860
784,2014,4,C.NLP3,6
784,2014,4,P.NLP3,403436
784,2014,4,C_1K,8.66666666666667
784,2014,4,C_LK98,13
784,2014,4,C_NLP3,8.66666666666667
784,2014,4,D_1K,831409.333333333
784,2014,4,P_LK98,1132125.66666667
784,2014,4,P_NLP3,716421
784,2014,4,Input_#3_C_1K,10
784,2014,4,Input_#3_C_LK98,26.5
784,2014,4,Input_#3_C_NLP3,15.6666666666667
784,2014,4,Input_#3_D_1K,949416
784,2014,4,Input_#3_P_LK98,2163337.33333333
784,2014,4,Input_#3_P_NLP3,1197034.5
785,2014,5,RM Category,300 rm
785,2014,5,C.LK98,22
785,2014,5,P.LK98,1857342
785,2014,5,C.1K,20
785,2014,5,D.1K,1957173
785,2014,5,C.NLP3,12
785,2014,5,P.NLP3,878755.5
785,2014,5,C_1K,12
785,2014,5,C_LK98,17.3333333333333
785,2014,5,C_NLP3,11.3333333333333
785,2014,5,D_1K,1167945
785,2014,5,P_LK98,1526500.33333333
785,2014,5,P_NLP3,942527.833333333
785,2014,5,Input_#3_C_1K,10.6666666666667
785,2014,5,Input_#3_C_LK98,23.5
785,2014,5,Input_#3_C_NLP3,13.6666666666667
785,2014,5,Input_#3_D_1K,1024228.83333333
785,2014,5,Input_#3_P_LK98,1917622
785,2014,5,Input_#3_P_NLP3,1039604.08333333
786,2014,6,RM Category,300 rm
786,2014,6,C.LK98,19
786,2014,6,P.LK98,1740760
786,2014,6,C.1K,8
786,2014,6,D.1K,679558.524
786,2014,6,C.NLP3,15
786,2014,6,P.NLP3,1400980.738
786,2014,6,C_1K,12
786,2014,6,C_LK98,17
786,2014,6,C_NLP3,11
786,2014,6,D_1K,1121197.17466667
786,2014,6,P_LK98,1454989.33333333
786,2014,6,P_NLP3,894390.746
786,2014,6,Input_#3_C_1K,9
786,2014,6,Input_#3_C_LK98,16.3333333333333
786,2014,6,Input_#3_C_NLP3,8.83333333333333
786,2014,6,Input_#3_D_1K,855159.920666667
786,2014,6,Input_#3_P_LK98,1390485.66666667
786,2014,6,Input_#3_P_NLP3,738166.539666667
787,2014,7,RM Category,300 rm
787,2014,7,C.LK98,
787,2014,7,P.LK98,
787,2014,7,C.1K,
787,2014,7,D.1K,
787,2014,7,C.NLP3,
787,2014,7,P.NLP3,
787,2014,7,C_1K,9.33333333333333
787,2014,7,C_LK98,13.6666666666667
787,2014,7,C_NLP3,9
787,2014,7,D_1K,878910.508
787,2014,7,P_LK98,1199367.33333333
787,2014,7,P_NLP3,759912.079333333
787,2014,7,Input_#3_C_1K,9
787,2014,7,Input_#3_C_LK98,13.3333333333333
787,2014,7,Input_#3_C_NLP3,8.83333333333333
787,2014,7,Input_#3_D_1K,855159.920666667
787,2014,7,Input_#3_P_LK98,1165746.5
787,2014,7,Input_#3_P_NLP3,738166.539666667
788,2014,8,RM Category,300 rm
788,2014,8,C.LK98,
788,2014,8,P.LK98,
788,2014,8,C.1K,
788,2014,8,D.1K,
788,2014,8,C.NLP3,
788,2014,8,P.NLP3,
788,2014,8,C_1K,2.66666666666667
788,2014,8,C_LK98,6.33333333333333
788,2014,8,C_NLP3,5
788,2014,8,D_1K,226519.508
788,2014,8,P_LK98,580253.333333333
788,2014,8,P_NLP3,466993.579333333
788,2014,8,Input_#3_C_1K,7.33333333333333
788,2014,8,Input_#3_C_LK98,11.8333333333333
788,2014,8,Input_#3_C_NLP3,8.16666666666667
788,2014,8,Input_#3_D_1K,697232.254
788,2014,8,Input_#3_P_LK98,1053376.83333333
788,2014,8,Input_#3_P_NLP3,704760.706333333
789,2014,9,RM Category,300 rm
789,2014,9,C.LK98,
789,2014,9,P.LK98,
789,2014,9,C.1K,
789,2014,9,D.1K,
789,2014,9,C.NLP3,
789,2014,9,P.NLP3,
789,2014,9,C_1K,0
789,2014,9,C_LK98,0
789,2014,9,C_NLP3,0
789,2014,9,D_1K,0
789,2014,9,P_LK98,0
789,2014,9,P_NLP3,0
789,2014,9,Input_#3_C_1K,6
789,2014,9,Input_#3_C_LK98,8.5
789,2014,9,Input_#3_C_NLP3,5.5
789,2014,9,Input_#3_D_1K,560598.587333333
789,2014,9,Input_#3_P_LK98,727494.666666667
789,2014,9,Input_#3_P_NLP3,447195.373
790,2014,10,RM Category,300 rm
790,2014,10,C.LK98,
790,2014,10,P.LK98,
790,2014,10,C.1K,
790,2014,10,D.1K,
790,2014,10,C.NLP3,
790,2014,10,P.NLP3,
790,2014,10,C_1K,0
790,2014,10,C_LK98,0
790,2014,10,C_NLP3,0
790,2014,10,D_1K,0
790,2014,10,P_LK98,0
790,2014,10,P_NLP3,0
790,2014,10,Input_#3_C_1K,4.66666666666667
790,2014,10,Input_#3_C_LK98,6.83333333333333
790,2014,10,Input_#3_C_NLP3,4.5
790,2014,10,Input_#3_D_1K,439455.254
790,2014,10,Input_#3_P_LK98,599683.666666667
790,2014,10,Input_#3_P_NLP3,379956.039666667
791,2014,11,RM Category,300 rm
791,2014,11,C.LK98,
791,2014,11,P.LK98,
791,2014,11,C.1K,
791,2014,11,D.1K,
791,2014,11,C.NLP3,
791,2014,11,P.NLP3,
791,2014,11,C_1K,0
791,2014,11,C_LK98,0
791,2014,11,C_NLP3,0
791,2014,11,D_1K,0
791,2014,11,P_LK98,0
791,2014,11,P_NLP3,0
791,2014,11,Input_#3_C_1K,1.33333333333333
791,2014,11,Input_#3_C_LK98,3.16666666666667
791,2014,11,Input_#3_C_NLP3,2.5
791,2014,11,Input_#3_D_1K,113259.754
791,2014,11,Input_#3_P_LK98,290126.666666667
791,2014,11,Input_#3_P_NLP3,233496.789666667
792,2014,12,RM Category,300 rm
792,2014,12,C.LK98,
792,2014,12,P.LK98,
792,2014,12,C.1K,
792,2014,12,D.1K,
792,2014,12,C.NLP3,
792,2014,12,P.NLP3,
792,2014,12,C_1K,0
792,2014,12,C_LK98,0
792,2014,12,C_NLP3,0
792,2014,12,D_1K,0
792,2014,12,P_LK98,0
792,2014,12,P_NLP3,0
792,2014,12,Input_#3_C_1K,0
792,2014,12,Input_#3_C_LK98,0
792,2014,12,Input_#3_C_NLP3,0
792,2014,12,Input_#3_D_1K,0
792,2014,12,Input_#3_P_LK98,0
792,2014,12,Input_#3_P_NLP3,0
793,2009,1,RM Category,350 rm
793,2009,1,C.LK98,12
793,2009,1,P.LK98,1074856
793,2009,1,C.1K,4
793,2009,1,D.1K,349738
793,2009,1,C.NLP3,8
793,2009,1,P.NLP3,725118
793,2009,1,C_1K,4
793,2009,1,C_LK98,12
793,2009,1,C_NLP3,8
793,2009,1,D_1K,349738
793,2009,1,P_LK98,1074856
793,2009,1,P_NLP3,725118
793,2009,1,Input_#3_C_1K,0.666666666666667
793,2009,1,Input_#3_C_LK98,2
793,2009,1,Input_#3_C_NLP3,1.33333333333333
793,2009,1,Input_#3_D_1K,58289.6666666667
793,2009,1,Input_#3_P_LK98,179142.666666667
793,2009,1,Input_#3_P_NLP3,120853
794,2009,2,RM Category,350 rm
794,2009,2,C.LK98,12
794,2009,2,P.LK98,1084156
794,2009,2,C.1K,0
794,2009,2,D.1K,0
794,2009,2,C.NLP3,12
794,2009,2,P.NLP3,1084156
794,2009,2,C_1K,2.66666666666667
794,2009,2,C_LK98,12
794,2009,2,C_NLP3,9.33333333333333
794,2009,2,D_1K,233158.666666667
794,2009,2,P_LK98,1077956
794,2009,2,P_NLP3,844797.333333333
794,2009,2,Input_#3_C_1K,0.666666666666667
794,2009,2,Input_#3_C_LK98,4
794,2009,2,Input_#3_C_NLP3,3.33333333333333
794,2009,2,Input_#3_D_1K,58289.6666666667
794,2009,2,Input_#3_P_LK98,359835.333333333
794,2009,2,Input_#3_P_NLP3,301545.666666667
795,2009,3,RM Category,350 rm
795,2009,3,C.LK98,12
795,2009,3,P.LK98,1084154
795,2009,3,C.1K,0
795,2009,3,D.1K,0
795,2009,3,C.NLP3,12
795,2009,3,P.NLP3,1084154
795,2009,3,C_1K,1.33333333333333
795,2009,3,C_LK98,12
795,2009,3,C_NLP3,10.6666666666667
795,2009,3,D_1K,116579.333333333
795,2009,3,P_LK98,1081055.33333333
795,2009,3,P_NLP3,964476
795,2009,3,Input_#3_C_1K,0.666666666666667
795,2009,3,Input_#3_C_LK98,6
795,2009,3,Input_#3_C_NLP3,5.33333333333333
795,2009,3,Input_#3_D_1K,58289.6666666667
795,2009,3,Input_#3_P_LK98,540527.666666667
795,2009,3,Input_#3_P_NLP3,482238
796,2009,4,RM Category,350 rm
796,2009,4,C.LK98,22
796,2009,4,P.LK98,1808388
796,2009,4,C.1K,10
796,2009,4,D.1K,1001342
796,2009,4,C.NLP3,12
796,2009,4,P.NLP3,807046
796,2009,4,C_1K,3.33333333333333
796,2009,4,C_LK98,15.3333333333333
796,2009,4,C_NLP3,12
796,2009,4,D_1K,333780.666666667
796,2009,4,P_LK98,1325566
796,2009,4,P_NLP3,991785.333333333
796,2009,4,Input_#3_C_1K,2.33333333333333
796,2009,4,Input_#3_C_LK98,9.66666666666667
796,2009,4,Input_#3_C_NLP3,7.33333333333333
796,2009,4,Input_#3_D_1K,225180
796,2009,4,Input_#3_P_LK98,841925.666666667
796,2009,4,Input_#3_P_NLP3,616745.666666667
797,2009,5,RM Category,350 rm
797,2009,5,C.LK98,12
797,2009,5,P.LK98,888336
797,2009,5,C.1K,6
797,2009,5,D.1K,522730
797,2009,5,C.NLP3,6
797,2009,5,P.NLP3,365606
797,2009,5,C_1K,5.33333333333333
797,2009,5,C_LK98,15.3333333333333
797,2009,5,C_NLP3,10
797,2009,5,D_1K,508024
797,2009,5,P_LK98,1260292.66666667
797,2009,5,P_NLP3,752268.666666667
797,2009,5,Input_#3_C_1K,3.33333333333333
797,2009,5,Input_#3_C_LK98,11.6666666666667
797,2009,5,Input_#3_C_NLP3,8.33333333333333
797,2009,5,Input_#3_D_1K,312301.666666667
797,2009,5,Input_#3_P_LK98,989981.666666667
797,2009,5,Input_#3_P_NLP3,677680
798,2009,6,RM Category,350 rm
798,2009,6,C.LK98,10
798,2009,6,P.LK98,925128
798,2009,6,C.1K,0
798,2009,6,D.1K,0
798,2009,6,C.NLP3,10
798,2009,6,P.NLP3,925128
798,2009,6,C_1K,5.33333333333333
798,2009,6,C_LK98,14.6666666666667
798,2009,6,C_NLP3,9.33333333333333
798,2009,6,D_1K,508024
798,2009,6,P_LK98,1207284
798,2009,6,P_NLP3,699260
798,2009,6,Input_#3_C_1K,3.33333333333333
798,2009,6,Input_#3_C_LK98,13.3333333333333
798,2009,6,Input_#3_C_NLP3,10
798,2009,6,Input_#3_D_1K,312301.666666667
798,2009,6,Input_#3_P_LK98,1144169.66666667
798,2009,6,Input_#3_P_NLP3,831868
799,2009,7,RM Category,350 rm
799,2009,7,C.LK98,6
799,2009,7,P.LK98,486920
799,2009,7,C.1K,4
799,2009,7,D.1K,442368
799,2009,7,C.NLP3,2
799,2009,7,P.NLP3,44552
799,2009,7,C_1K,3.33333333333333
799,2009,7,C_LK98,9.33333333333333
799,2009,7,C_NLP3,6
799,2009,7,D_1K,321699.333333333
799,2009,7,P_LK98,766794.666666667
799,2009,7,P_NLP3,445095.333333333
799,2009,7,Input_#3_C_1K,3.33333333333333
799,2009,7,Input_#3_C_LK98,12.3333333333333
799,2009,7,Input_#3_C_NLP3,9
799,2009,7,Input_#3_D_1K,327740
799,2009,7,Input_#3_P_LK98,1046180.33333333
799,2009,7,Input_#3_P_NLP3,718440.333333333
800,2009,8,RM Category,350 rm
800,2009,8,C.LK98,4
800,2009,8,P.LK98,442180
800,2009,8,C.1K,0
800,2009,8,D.1K,0
800,2009,8,C.NLP3,4
800,2009,8,P.NLP3,442180
800,2009,8,C_1K,1.33333333333333
800,2009,8,C_LK98,6.66666666666667
800,2009,8,C_NLP3,5.33333333333333
800,2009,8,D_1K,147456
800,2009,8,P_LK98,618076
800,2009,8,P_NLP3,470620
800,2009,8,Input_#3_C_1K,3.33333333333333
800,2009,8,Input_#3_C_LK98,11
800,2009,8,Input_#3_C_NLP3,7.66666666666667
800,2009,8,Input_#3_D_1K,327740
800,2009,8,Input_#3_P_LK98,939184.333333333
800,2009,8,Input_#3_P_NLP3,611444.333333333
801,2009,9,RM Category,350 rm
801,2009,9,C.LK98,8
801,2009,9,P.LK98,603162
801,2009,9,C.1K,0
801,2009,9,D.1K,0
801,2009,9,C.NLP3,8
801,2009,9,P.NLP3,603162
801,2009,9,C_1K,1.33333333333333
801,2009,9,C_LK98,6
801,2009,9,C_NLP3,4.66666666666667
801,2009,9,D_1K,147456
801,2009,9,P_LK98,510754
801,2009,9,P_NLP3,363298
801,2009,9,Input_#3_C_1K,3.33333333333333
801,2009,9,Input_#3_C_LK98,10.3333333333333
801,2009,9,Input_#3_C_NLP3,7
801,2009,9,Input_#3_D_1K,327740
801,2009,9,Input_#3_P_LK98,859019
801,2009,9,Input_#3_P_NLP3,531279
802,2009,10,RM Category,350 rm
802,2009,10,C.LK98,4
802,2009,10,P.LK98,495842
802,2009,10,C.1K,0
802,2009,10,D.1K,0
802,2009,10,C.NLP3,4
802,2009,10,P.NLP3,495842
802,2009,10,C_1K,0
802,2009,10,C_LK98,5.33333333333333
802,2009,10,C_NLP3,5.33333333333333
802,2009,10,D_1K,0
802,2009,10,P_LK98,513728
802,2009,10,P_NLP3,513728
802,2009,10,Input_#3_C_1K,1.66666666666667
802,2009,10,Input_#3_C_LK98,7.33333333333333
802,2009,10,Input_#3_C_NLP3,5.66666666666667
802,2009,10,Input_#3_D_1K,160849.666666667
802,2009,10,Input_#3_P_LK98,640261.333333333
802,2009,10,Input_#3_P_NLP3,479411.666666667
803,2009,11,RM Category,350 rm
803,2009,11,C.LK98,6
803,2009,11,P.LK98,513726
803,2009,11,C.1K,0
803,2009,11,D.1K,0
803,2009,11,C.NLP3,6
803,2009,11,P.NLP3,513726
803,2009,11,C_1K,0
803,2009,11,C_LK98,6
803,2009,11,C_NLP3,6
803,2009,11,D_1K,0
803,2009,11,P_LK98,537576.666666667
803,2009,11,P_NLP3,537576.666666667
803,2009,11,Input_#3_C_1K,0.666666666666667
803,2009,11,Input_#3_C_LK98,6.33333333333333
803,2009,11,Input_#3_C_NLP3,5.66666666666667
803,2009,11,Input_#3_D_1K,73728
803,2009,11,Input_#3_P_LK98,577826.333333333
803,2009,11,Input_#3_P_NLP3,504098.333333333
804,2009,12,RM Category,350 rm
804,2009,12,C.LK98,6
804,2009,12,P.LK98,516408
804,2009,12,C.1K,2
804,2009,12,D.1K,148104
804,2009,12,C.NLP3,4
804,2009,12,P.NLP3,368304
804,2009,12,C_1K,0.666666666666667
804,2009,12,C_LK98,5.33333333333333
804,2009,12,C_NLP3,4.66666666666667
804,2009,12,D_1K,49368
804,2009,12,P_LK98,508658.666666667
804,2009,12,P_NLP3,459290.666666667
804,2009,12,Input_#3_C_1K,1
804,2009,12,Input_#3_C_LK98,5.66666666666667
804,2009,12,Input_#3_C_NLP3,4.66666666666667
804,2009,12,Input_#3_D_1K,98412
804,2009,12,Input_#3_P_LK98,509706.333333333
804,2009,12,Input_#3_P_NLP3,411294.333333333
805,2010,1,RM Category,350 rm
805,2010,1,C.LK98,6
805,2010,1,P.LK98,508658
805,2010,1,C.1K,0
805,2010,1,D.1K,0
805,2010,1,C.NLP3,6
805,2010,1,P.NLP3,508658
805,2010,1,C_1K,0.666666666666667
805,2010,1,C_LK98,6
805,2010,1,C_NLP3,5.33333333333333
805,2010,1,D_1K,49368
805,2010,1,P_LK98,512930.666666667
805,2010,1,P_NLP3,463562.666666667
805,2010,1,Input_#3_C_1K,0.333333333333333
805,2010,1,Input_#3_C_LK98,5.66666666666667
805,2010,1,Input_#3_C_NLP3,5.33333333333333
805,2010,1,Input_#3_D_1K,24684
805,2010,1,Input_#3_P_LK98,513329.333333333
805,2010,1,Input_#3_P_NLP3,488645.333333333
806,2010,2,RM Category,350 rm
806,2010,2,C.LK98,6
806,2010,2,P.LK98,512932
806,2010,2,C.1K,2
806,2010,2,D.1K,188218
806,2010,2,C.NLP3,4
806,2010,2,P.NLP3,324714
806,2010,2,C_1K,1.33333333333333
806,2010,2,C_LK98,6
806,2010,2,C_NLP3,4.66666666666667
806,2010,2,D_1K,112107.333333333
806,2010,2,P_LK98,512666
806,2010,2,P_NLP3,400558.666666667
806,2010,2,Input_#3_C_1K,0.666666666666667
806,2010,2,Input_#3_C_LK98,6
806,2010,2,Input_#3_C_NLP3,5.33333333333333
806,2010,2,Input_#3_D_1K,56053.6666666667
806,2010,2,Input_#3_P_LK98,525121.333333333
806,2010,2,Input_#3_P_NLP3,469067.666666667
807,2010,3,RM Category,350 rm
807,2010,3,C.LK98,16
807,2010,3,P.LK98,3142206
807,2010,3,C.1K,0
807,2010,3,D.1K,0
807,2010,3,C.NLP3,16
807,2010,3,P.NLP3,3142206
807,2010,3,C_1K,0.666666666666667
807,2010,3,C_LK98,9.33333333333333
807,2010,3,C_NLP3,8.66666666666667
807,2010,3,D_1K,62739.3333333333
807,2010,3,P_LK98,1387932
807,2010,3,P_NLP3,1325192.66666667
807,2010,3,Input_#3_C_1K,0.666666666666667
807,2010,3,Input_#3_C_LK98,7.33333333333333
807,2010,3,Input_#3_C_NLP3,6.66666666666667
807,2010,3,Input_#3_D_1K,56053.6666666667
807,2010,3,Input_#3_P_LK98,948295.333333333
807,2010,3,Input_#3_P_NLP3,892241.666666667
808,2010,4,RM Category,350 rm
808,2010,4,C.LK98,0
808,2010,4,P.LK98,0
808,2010,4,C.1K,0
808,2010,4,D.1K,0
808,2010,4,C.NLP3,0
808,2010,4,P.NLP3,0
808,2010,4,C_1K,0.666666666666667
808,2010,4,C_LK98,7.33333333333333
808,2010,4,C_NLP3,6.66666666666667
808,2010,4,D_1K,62739.3333333333
808,2010,4,P_LK98,1218379.33333333
808,2010,4,P_NLP3,1155640
808,2010,4,Input_#3_C_1K,0.666666666666667
808,2010,4,Input_#3_C_LK98,6.66666666666667
808,2010,4,Input_#3_C_NLP3,6
808,2010,4,Input_#3_D_1K,56053.6666666667
808,2010,4,Input_#3_P_LK98,865655
808,2010,4,Input_#3_P_NLP3,809601.333333333
809,2010,5,RM Category,350 rm
809,2010,5,C.LK98,2
809,2010,5,P.LK98,902336
809,2010,5,C.1K,0
809,2010,5,D.1K,0
809,2010,5,C.NLP3,2
809,2010,5,P.NLP3,902336
809,2010,5,C_1K,0
809,2010,5,C_LK98,6
809,2010,5,C_NLP3,6
809,2010,5,D_1K,0
809,2010,5,P_LK98,1348180.66666667
809,2010,5,P_NLP3,1348180.66666667
809,2010,5,Input_#3_C_1K,0.666666666666667
809,2010,5,Input_#3_C_LK98,6
809,2010,5,Input_#3_C_NLP3,5.33333333333333
809,2010,5,Input_#3_D_1K,56053.6666666667
809,2010,5,Input_#3_P_LK98,930423.333333333
809,2010,5,Input_#3_P_NLP3,874369.666666667
810,2010,6,RM Category,350 rm
810,2010,6,C.LK98,0
810,2010,6,P.LK98,0
810,2010,6,C.1K,0
810,2010,6,D.1K,0
810,2010,6,C.NLP3,0
810,2010,6,P.NLP3,0
810,2010,6,C_1K,0
810,2010,6,C_LK98,0.666666666666667
810,2010,6,C_NLP3,0.666666666666667
810,2010,6,D_1K,0
810,2010,6,P_LK98,300778.666666667
810,2010,6,P_NLP3,300778.666666667
810,2010,6,Input_#3_C_1K,0.333333333333333
810,2010,6,Input_#3_C_LK98,5
810,2010,6,Input_#3_C_NLP3,4.66666666666667
810,2010,6,Input_#3_D_1K,31369.6666666667
810,2010,6,Input_#3_P_LK98,844355.333333333
810,2010,6,Input_#3_P_NLP3,812985.666666667
811,2010,7,RM Category,350 rm
811,2010,7,C.LK98,16
811,2010,7,P.LK98,1353504
811,2010,7,C.1K,0
811,2010,7,D.1K,0
811,2010,7,C.NLP3,16
811,2010,7,P.NLP3,1353504
811,2010,7,C_1K,0
811,2010,7,C_LK98,6
811,2010,7,C_NLP3,6
811,2010,7,D_1K,0
811,2010,7,P_LK98,751946.666666667
811,2010,7,P_NLP3,751946.666666667
811,2010,7,Input_#3_C_1K,0.333333333333333
811,2010,7,Input_#3_C_LK98,6.66666666666667
811,2010,7,Input_#3_C_NLP3,6.33333333333333
811,2010,7,Input_#3_D_1K,31369.6666666667
811,2010,7,Input_#3_P_LK98,985163
811,2010,7,Input_#3_P_NLP3,953793.333333333
812,2010,8,RM Category,350 rm
812,2010,8,C.LK98,10
812,2010,8,P.LK98,746076
812,2010,8,C.1K,0
812,2010,8,D.1K,0
812,2010,8,C.NLP3,10
812,2010,8,P.NLP3,746076
812,2010,8,C_1K,0
812,2010,8,C_LK98,8.66666666666667
812,2010,8,C_NLP3,8.66666666666667
812,2010,8,D_1K,0
812,2010,8,P_LK98,699860
812,2010,8,P_NLP3,699860
812,2010,8,Input_#3_C_1K,0
812,2010,8,Input_#3_C_LK98,7.33333333333333
812,2010,8,Input_#3_C_NLP3,7.33333333333333
812,2010,8,Input_#3_D_1K,0
812,2010,8,Input_#3_P_LK98,1024020.33333333
812,2010,8,Input_#3_P_NLP3,1024020.33333333
813,2010,9,RM Category,350 rm
813,2010,9,C.LK98,10
813,2010,9,P.LK98,746076
813,2010,9,C.1K,0
813,2010,9,D.1K,0
813,2010,9,C.NLP3,10
813,2010,9,P.NLP3,746076
813,2010,9,C_1K,0
813,2010,9,C_LK98,12
813,2010,9,C_NLP3,12
813,2010,9,D_1K,0
813,2010,9,P_LK98,948552
813,2010,9,P_NLP3,948552
813,2010,9,Input_#3_C_1K,0
813,2010,9,Input_#3_C_LK98,6.33333333333333
813,2010,9,Input_#3_C_NLP3,6.33333333333333
813,2010,9,Input_#3_D_1K,0
813,2010,9,Input_#3_P_LK98,624665.333333333
813,2010,9,Input_#3_P_NLP3,624665.333333333
814,2010,10,RM Category,350 rm
814,2010,10,C.LK98,6
814,2010,10,P.LK98,520998
814,2010,10,C.1K,0
814,2010,10,D.1K,0
814,2010,10,C.NLP3,6
814,2010,10,P.NLP3,520998
814,2010,10,C_1K,0
814,2010,10,C_LK98,8.66666666666667
814,2010,10,C_NLP3,8.66666666666667
814,2010,10,D_1K,0
814,2010,10,P_LK98,671050
814,2010,10,P_NLP3,671050
814,2010,10,Input_#3_C_1K,0
814,2010,10,Input_#3_C_LK98,7.33333333333333
814,2010,10,Input_#3_C_NLP3,7.33333333333333
814,2010,10,Input_#3_D_1K,0
814,2010,10,Input_#3_P_LK98,711498.333333333
814,2010,10,Input_#3_P_NLP3,711498.333333333
815,2010,11,RM Category,350 rm
815,2010,11,C.LK98,6
815,2010,11,P.LK98,520998
815,2010,11,C.1K,2
815,2010,11,D.1K,188800
815,2010,11,C.NLP3,4
815,2010,11,P.NLP3,332198
815,2010,11,C_1K,0.666666666666667
815,2010,11,C_LK98,7.33333333333333
815,2010,11,C_NLP3,6.66666666666667
815,2010,11,D_1K,62933.3333333333
815,2010,11,P_LK98,596024
815,2010,11,P_NLP3,533090.666666667
815,2010,11,Input_#3_C_1K,0.333333333333333
815,2010,11,Input_#3_C_LK98,8
815,2010,11,Input_#3_C_NLP3,7.66666666666667
815,2010,11,Input_#3_D_1K,31466.6666666667
815,2010,11,Input_#3_P_LK98,647942
815,2010,11,Input_#3_P_NLP3,616475.333333333
816,2010,12,RM Category,350 rm
816,2010,12,C.LK98,6
816,2010,12,P.LK98,520998
816,2010,12,C.1K,4
816,2010,12,D.1K,422754
816,2010,12,C.NLP3,2
816,2010,12,P.NLP3,98244
816,2010,12,C_1K,2
816,2010,12,C_LK98,6
816,2010,12,C_NLP3,4
816,2010,12,D_1K,203851.333333333
816,2010,12,P_LK98,520998
816,2010,12,P_NLP3,317146.666666667
816,2010,12,Input_#3_C_1K,1
816,2010,12,Input_#3_C_LK98,9
816,2010,12,Input_#3_C_NLP3,8
816,2010,12,Input_#3_D_1K,101925.666666667
816,2010,12,Input_#3_P_LK98,734775
816,2010,12,Input_#3_P_NLP3,632849.333333333
817,2011,1,RM Category,350 rm
817,2011,1,C.LK98,4
817,2011,1,P.LK98,322368
817,2011,1,C.1K,0
817,2011,1,D.1K,0
817,2011,1,C.NLP3,4
817,2011,1,P.NLP3,322368
817,2011,1,C_1K,2
817,2011,1,C_LK98,5.33333333333333
817,2011,1,C_NLP3,3.33333333333333
817,2011,1,D_1K,203851.333333333
817,2011,1,P_LK98,454788
817,2011,1,P_NLP3,250936.666666667
817,2011,1,Input_#3_C_1K,1
817,2011,1,Input_#3_C_LK98,7
817,2011,1,Input_#3_C_NLP3,6
817,2011,1,Input_#3_D_1K,101925.666666667
817,2011,1,Input_#3_P_LK98,562919
817,2011,1,Input_#3_P_NLP3,460993.333333333
818,2011,2,RM Category,350 rm
818,2011,2,C.LK98,4
818,2011,2,P.LK98,322366
818,2011,2,C.1K,0
818,2011,2,D.1K,0
818,2011,2,C.NLP3,4
818,2011,2,P.NLP3,322366
818,2011,2,C_1K,1.33333333333333
818,2011,2,C_LK98,4.66666666666667
818,2011,2,C_NLP3,3.33333333333333
818,2011,2,D_1K,140918
818,2011,2,P_LK98,388577.333333333
818,2011,2,P_NLP3,247659.333333333
818,2011,2,Input_#3_C_1K,1
818,2011,2,Input_#3_C_LK98,6
818,2011,2,Input_#3_C_NLP3,5
818,2011,2,Input_#3_D_1K,101925.666666667
818,2011,2,Input_#3_P_LK98,492300.666666667
818,2011,2,Input_#3_P_NLP3,390375
819,2011,3,RM Category,350 rm
819,2011,3,C.LK98,16
819,2011,3,P.LK98,1270758
819,2011,3,C.1K,0
819,2011,3,D.1K,0
819,2011,3,C.NLP3,16
819,2011,3,P.NLP3,1270758
819,2011,3,C_1K,0
819,2011,3,C_LK98,8
819,2011,3,C_NLP3,8
819,2011,3,D_1K,0
819,2011,3,P_LK98,638497.333333333
819,2011,3,P_NLP3,638497.333333333
819,2011,3,Input_#3_C_1K,1
819,2011,3,Input_#3_C_LK98,7
819,2011,3,Input_#3_C_NLP3,6
819,2011,3,Input_#3_D_1K,101925.666666667
819,2011,3,Input_#3_P_LK98,579747.666666667
819,2011,3,Input_#3_P_NLP3,477822
820,2011,4,RM Category,350 rm
820,2011,4,C.LK98,14
820,2011,4,P.LK98,1231336
820,2011,4,C.1K,4
820,2011,4,D.1K,372464
820,2011,4,C.NLP3,10
820,2011,4,P.NLP3,858872
820,2011,4,C_1K,1.33333333333333
820,2011,4,C_LK98,11.3333333333333
820,2011,4,C_NLP3,10
820,2011,4,D_1K,124154.666666667
820,2011,4,P_LK98,941486.666666667
820,2011,4,P_NLP3,817332
820,2011,4,Input_#3_C_1K,1.66666666666667
820,2011,4,Input_#3_C_LK98,8.33333333333333
820,2011,4,Input_#3_C_NLP3,6.66666666666667
820,2011,4,Input_#3_D_1K,164003
820,2011,4,Input_#3_P_LK98,698137.333333333
820,2011,4,Input_#3_P_NLP3,534134.333333333
821,2011,5,RM Category,350 rm
821,2011,5,C.LK98,6
821,2011,5,P.LK98,525978
821,2011,5,C.1K,2
821,2011,5,D.1K,213958
821,2011,5,C.NLP3,4
821,2011,5,P.NLP3,312020
821,2011,5,C_1K,2
821,2011,5,C_LK98,12
821,2011,5,C_NLP3,10
821,2011,5,D_1K,195474
821,2011,5,P_LK98,1009357.33333333
821,2011,5,P_NLP3,813883.333333333
821,2011,5,Input_#3_C_1K,1.66666666666667
821,2011,5,Input_#3_C_LK98,8.33333333333333
821,2011,5,Input_#3_C_NLP3,6.66666666666667
821,2011,5,Input_#3_D_1K,168196
821,2011,5,Input_#3_P_LK98,698967.333333333
821,2011,5,Input_#3_P_NLP3,530771.333333333
822,2011,6,RM Category,350 rm
822,2011,6,C.LK98,10
822,2011,6,P.LK98,1058328
822,2011,6,C.1K,6
822,2011,6,D.1K,726180
822,2011,6,C.NLP3,4
822,2011,6,P.NLP3,332148
822,2011,6,C_1K,4
822,2011,6,C_LK98,10
822,2011,6,C_NLP3,6
822,2011,6,D_1K,437534
822,2011,6,P_LK98,938547.333333333
822,2011,6,P_NLP3,501013.333333333
822,2011,6,Input_#3_C_1K,2
822,2011,6,Input_#3_C_LK98,9
822,2011,6,Input_#3_C_NLP3,7
822,2011,6,Input_#3_D_1K,218767
822,2011,6,Input_#3_P_LK98,788522.333333333
822,2011,6,Input_#3_P_NLP3,569755.333333333
823,2011,7,RM Category,350 rm
823,2011,7,C.LK98,10
823,2011,7,P.LK98,1058326
823,2011,7,C.1K,0
823,2011,7,D.1K,0
823,2011,7,C.NLP3,10
823,2011,7,P.NLP3,1058326
823,2011,7,C_1K,2.66666666666667
823,2011,7,C_LK98,8.66666666666667
823,2011,7,C_NLP3,6
823,2011,7,D_1K,313379.333333333
823,2011,7,P_LK98,880877.333333333
823,2011,7,P_NLP3,567498
823,2011,7,Input_#3_C_1K,2
823,2011,7,Input_#3_C_LK98,10
823,2011,7,Input_#3_C_NLP3,8
823,2011,7,Input_#3_D_1K,218767
823,2011,7,Input_#3_P_LK98,911182
823,2011,7,Input_#3_P_NLP3,692415
824,2011,8,RM Category,350 rm
824,2011,8,C.LK98,20
824,2011,8,P.LK98,1860624
824,2011,8,C.1K,0
824,2011,8,D.1K,0
824,2011,8,C.NLP3,20
824,2011,8,P.NLP3,1860624
824,2011,8,C_1K,2
824,2011,8,C_LK98,13.3333333333333
824,2011,8,C_NLP3,11.3333333333333
824,2011,8,D_1K,242060
824,2011,8,P_LK98,1325759.33333333
824,2011,8,P_NLP3,1083699.33333333
824,2011,8,Input_#3_C_1K,2
824,2011,8,Input_#3_C_LK98,12.6666666666667
824,2011,8,Input_#3_C_NLP3,10.6666666666667
824,2011,8,Input_#3_D_1K,218767
824,2011,8,Input_#3_P_LK98,1167558.33333333
824,2011,8,Input_#3_P_NLP3,948791.333333333
825,2011,9,RM Category,350 rm
825,2011,9,C.LK98,20
825,2011,9,P.LK98,1860624
825,2011,9,C.1K,0
825,2011,9,D.1K,0
825,2011,9,C.NLP3,20
825,2011,9,P.NLP3,1860624
825,2011,9,C_1K,0
825,2011,9,C_LK98,16.6666666666667
825,2011,9,C_NLP3,16.6666666666667
825,2011,9,D_1K,0
825,2011,9,P_LK98,1593191.33333333
825,2011,9,P_NLP3,1593191.33333333
825,2011,9,Input_#3_C_1K,2
825,2011,9,Input_#3_C_LK98,13.3333333333333
825,2011,9,Input_#3_C_NLP3,11.3333333333333
825,2011,9,Input_#3_D_1K,218767
825,2011,9,Input_#3_P_LK98,1265869.33333333
825,2011,9,Input_#3_P_NLP3,1047102.33333333
826,2011,10,RM Category,350 rm
826,2011,10,C.LK98,20
826,2011,10,P.LK98,1860624
826,2011,10,C.1K,4
826,2011,10,D.1K,427652
826,2011,10,C.NLP3,16
826,2011,10,P.NLP3,1432972
826,2011,10,C_1K,1.33333333333333
826,2011,10,C_LK98,20
826,2011,10,C_NLP3,18.6666666666667
826,2011,10,D_1K,142550.666666667
826,2011,10,P_LK98,1860624
826,2011,10,P_NLP3,1718073.33333333
826,2011,10,Input_#3_C_1K,2
826,2011,10,Input_#3_C_LK98,14.3333333333333
826,2011,10,Input_#3_C_NLP3,12.3333333333333
826,2011,10,Input_#3_D_1K,227965
826,2011,10,Input_#3_P_LK98,1370750.66666667
826,2011,10,Input_#3_P_NLP3,1142785.66666667
827,2011,11,RM Category,350 rm
827,2011,11,C.LK98,20
827,2011,11,P.LK98,1860624
827,2011,11,C.1K,4
827,2011,11,D.1K,413632
827,2011,11,C.NLP3,16
827,2011,11,P.NLP3,1446992
827,2011,11,C_1K,2.66666666666667
827,2011,11,C_LK98,20
827,2011,11,C_NLP3,17.3333333333333
827,2011,11,D_1K,280428
827,2011,11,P_LK98,1860624
827,2011,11,P_NLP3,1580196
827,2011,11,Input_#3_C_1K,2.33333333333333
827,2011,11,Input_#3_C_LK98,16.6666666666667
827,2011,11,Input_#3_C_NLP3,14.3333333333333
827,2011,11,Input_#3_D_1K,261244
827,2011,11,Input_#3_P_LK98,1593191.66666667
827,2011,11,Input_#3_P_NLP3,1331947.66666667
828,2011,12,RM Category,350 rm
828,2011,12,C.LK98,20
828,2011,12,P.LK98,1860624
828,2011,12,C.1K,4
828,2011,12,D.1K,413632
828,2011,12,C.NLP3,16
828,2011,12,P.NLP3,1446992
828,2011,12,C_1K,4
828,2011,12,C_LK98,20
828,2011,12,C_NLP3,16
828,2011,12,D_1K,418305.333333333
828,2011,12,P_LK98,1860624
828,2011,12,P_NLP3,1442318.66666667
828,2011,12,Input_#3_C_1K,2
828,2011,12,Input_#3_C_LK98,18.3333333333333
828,2011,12,Input_#3_C_NLP3,16.3333333333333
828,2011,12,Input_#3_D_1K,209152.666666667
828,2011,12,Input_#3_P_LK98,1726907.66666667
828,2011,12,Input_#3_P_NLP3,1517755
829,2012,1,RM Category,350 rm
829,2012,1,C.LK98,12
829,2012,1,P.LK98,1174048
829,2012,1,C.1K,0
829,2012,1,D.1K,0
829,2012,1,C.NLP3,12
829,2012,1,P.NLP3,1174048
829,2012,1,C_1K,2.66666666666667
829,2012,1,C_LK98,17.3333333333333
829,2012,1,C_NLP3,14.6666666666667
829,2012,1,D_1K,275754.666666667
829,2012,1,P_LK98,1631765.33333333
829,2012,1,P_NLP3,1356010.66666667
829,2012,1,Input_#3_C_1K,2
829,2012,1,Input_#3_C_LK98,18.6666666666667
829,2012,1,Input_#3_C_NLP3,16.6666666666667
829,2012,1,Input_#3_D_1K,209152.666666667
829,2012,1,Input_#3_P_LK98,1746194.66666667
829,2012,1,Input_#3_P_NLP3,1537042
830,2012,2,RM Category,350 rm
830,2012,2,C.LK98,12
830,2012,2,P.LK98,1174048
830,2012,2,C.1K,0
830,2012,2,D.1K,0
830,2012,2,C.NLP3,12
830,2012,2,P.NLP3,1174048
830,2012,2,C_1K,1.33333333333333
830,2012,2,C_LK98,14.6666666666667
830,2012,2,C_NLP3,13.3333333333333
830,2012,2,D_1K,137877.333333333
830,2012,2,P_LK98,1402906.66666667
830,2012,2,P_NLP3,1265029.33333333
830,2012,2,Input_#3_C_1K,2
830,2012,2,Input_#3_C_LK98,17.3333333333333
830,2012,2,Input_#3_C_NLP3,15.3333333333333
830,2012,2,Input_#3_D_1K,209152.666666667
830,2012,2,Input_#3_P_LK98,1631765.33333333
830,2012,2,Input_#3_P_NLP3,1422612.66666667
831,2012,3,RM Category,350 rm
831,2012,3,C.LK98,12
831,2012,3,P.LK98,1174048
831,2012,3,C.1K,0
831,2012,3,D.1K,0
831,2012,3,C.NLP3,12
831,2012,3,P.NLP3,1174048
831,2012,3,C_1K,0
831,2012,3,C_LK98,12
831,2012,3,C_NLP3,12
831,2012,3,D_1K,0
831,2012,3,P_LK98,1174048
831,2012,3,P_NLP3,1174048
831,2012,3,Input_#3_C_1K,2
831,2012,3,Input_#3_C_LK98,16
831,2012,3,Input_#3_C_NLP3,14
831,2012,3,Input_#3_D_1K,209152.666666667
831,2012,3,Input_#3_P_LK98,1517336
831,2012,3,Input_#3_P_NLP3,1308183.33333333
832,2012,4,RM Category,350 rm
832,2012,4,C.LK98,12
832,2012,4,P.LK98,1174048
832,2012,4,C.1K,0
832,2012,4,D.1K,0
832,2012,4,C.NLP3,12
832,2012,4,P.NLP3,1174048
832,2012,4,C_1K,0
832,2012,4,C_LK98,12
832,2012,4,C_NLP3,12
832,2012,4,D_1K,0
832,2012,4,P_LK98,1174048
832,2012,4,P_NLP3,1174048
832,2012,4,Input_#3_C_1K,1.33333333333333
832,2012,4,Input_#3_C_LK98,14.6666666666667
832,2012,4,Input_#3_C_NLP3,13.3333333333333
832,2012,4,Input_#3_D_1K,137877.333333333
832,2012,4,Input_#3_P_LK98,1402906.66666667
832,2012,4,Input_#3_P_NLP3,1265029.33333333
833,2012,5,RM Category,350 rm
833,2012,5,C.LK98,18
833,2012,5,P.LK98,1851466
833,2012,5,C.1K,4
833,2012,5,D.1K,432960
833,2012,5,C.NLP3,14
833,2012,5,P.NLP3,1418506
833,2012,5,C_1K,1.33333333333333
833,2012,5,C_LK98,14
833,2012,5,C_NLP3,12.6666666666667
833,2012,5,D_1K,144320
833,2012,5,P_LK98,1399854
833,2012,5,P_NLP3,1255534
833,2012,5,Input_#3_C_1K,1.33333333333333
833,2012,5,Input_#3_C_LK98,14.3333333333333
833,2012,5,Input_#3_C_NLP3,13
833,2012,5,Input_#3_D_1K,141098.666666667
833,2012,5,Input_#3_P_LK98,1401380.33333333
833,2012,5,Input_#3_P_NLP3,1260281.66666667
834,2012,6,RM Category,350 rm
834,2012,6,C.LK98,16
834,2012,6,P.LK98,1458472
834,2012,6,C.1K,2
834,2012,6,D.1K,187178
834,2012,6,C.NLP3,14
834,2012,6,P.NLP3,1271294
834,2012,6,C_1K,2
834,2012,6,C_LK98,15.3333333333333
834,2012,6,C_NLP3,13.3333333333333
834,2012,6,D_1K,206712.666666667
834,2012,6,P_LK98,1494662
834,2012,6,P_NLP3,1287949.33333333
834,2012,6,Input_#3_C_1K,1
834,2012,6,Input_#3_C_LK98,13.6666666666667
834,2012,6,Input_#3_C_NLP3,12.6666666666667
834,2012,6,Input_#3_D_1K,103356.333333333
834,2012,6,Input_#3_P_LK98,1334355
834,2012,6,Input_#3_P_NLP3,1230998.66666667
835,2012,7,RM Category,350 rm
835,2012,7,C.LK98,16
835,2012,7,P.LK98,1458472
835,2012,7,C.1K,0
835,2012,7,D.1K,0
835,2012,7,C.NLP3,16
835,2012,7,P.NLP3,1458472
835,2012,7,C_1K,2
835,2012,7,C_LK98,16.6666666666667
835,2012,7,C_NLP3,14.6666666666667
835,2012,7,D_1K,206712.666666667
835,2012,7,P_LK98,1589470
835,2012,7,P_NLP3,1382757.33333333
835,2012,7,Input_#3_C_1K,1
835,2012,7,Input_#3_C_LK98,14.3333333333333
835,2012,7,Input_#3_C_NLP3,13.3333333333333
835,2012,7,Input_#3_D_1K,103356.333333333
835,2012,7,Input_#3_P_LK98,1381759
835,2012,7,Input_#3_P_NLP3,1278402.66666667
836,2012,8,RM Category,350 rm
836,2012,8,C.LK98,16
836,2012,8,P.LK98,1458472
836,2012,8,C.1K,2
836,2012,8,D.1K,195288
836,2012,8,C.NLP3,14
836,2012,8,P.NLP3,1263184
836,2012,8,C_1K,1.33333333333333
836,2012,8,C_LK98,16
836,2012,8,C_NLP3,14.6666666666667
836,2012,8,D_1K,127488.666666667
836,2012,8,P_LK98,1458472
836,2012,8,P_NLP3,1330983.33333333
836,2012,8,Input_#3_C_1K,1.33333333333333
836,2012,8,Input_#3_C_LK98,15
836,2012,8,Input_#3_C_NLP3,13.6666666666667
836,2012,8,Input_#3_D_1K,135904.333333333
836,2012,8,Input_#3_P_LK98,1429163
836,2012,8,Input_#3_P_NLP3,1293258.66666667
837,2012,9,RM Category,350 rm
837,2012,9,C.LK98,16
837,2012,9,P.LK98,1458472
837,2012,9,C.1K,2
837,2012,9,D.1K,211972
837,2012,9,C.NLP3,14
837,2012,9,P.NLP3,1246500
837,2012,9,C_1K,1.33333333333333
837,2012,9,C_LK98,16
837,2012,9,C_NLP3,14.6666666666667
837,2012,9,D_1K,135753.333333333
837,2012,9,P_LK98,1458472
837,2012,9,P_NLP3,1322718.66666667
837,2012,9,Input_#3_C_1K,1.66666666666667
837,2012,9,Input_#3_C_LK98,15.6666666666667
837,2012,9,Input_#3_C_NLP3,14
837,2012,9,Input_#3_D_1K,171233
837,2012,9,Input_#3_P_LK98,1476567
837,2012,9,Input_#3_P_NLP3,1305334
838,2012,10,RM Category,350 rm
838,2012,10,C.LK98,16
838,2012,10,P.LK98,1458472
838,2012,10,C.1K,2
838,2012,10,D.1K,195140
838,2012,10,C.NLP3,14
838,2012,10,P.NLP3,1263332
838,2012,10,C_1K,2
838,2012,10,C_LK98,16
838,2012,10,C_NLP3,14
838,2012,10,D_1K,200800
838,2012,10,P_LK98,1458472
838,2012,10,P_NLP3,1257672
838,2012,10,Input_#3_C_1K,2
838,2012,10,Input_#3_C_LK98,16.3333333333333
838,2012,10,Input_#3_C_NLP3,14.3333333333333
838,2012,10,Input_#3_D_1K,203756.333333333
838,2012,10,Input_#3_P_LK98,1523971
838,2012,10,Input_#3_P_NLP3,1320214.66666667
839,2012,11,RM Category,350 rm
839,2012,11,C.LK98,16
839,2012,11,P.LK98,1458472
839,2012,11,C.1K,2
839,2012,11,D.1K,220282
839,2012,11,C.NLP3,14
839,2012,11,P.NLP3,1238190
839,2012,11,C_1K,2
839,2012,11,C_LK98,16
839,2012,11,C_NLP3,14
839,2012,11,D_1K,209131.333333333
839,2012,11,P_LK98,1458472
839,2012,11,P_NLP3,1249340.66666667
839,2012,11,Input_#3_C_1K,1.66666666666667
839,2012,11,Input_#3_C_LK98,16
839,2012,11,Input_#3_C_NLP3,14.3333333333333
839,2012,11,Input_#3_D_1K,168310
839,2012,11,Input_#3_P_LK98,1458472
839,2012,11,Input_#3_P_NLP3,1290162
840,2012,12,RM Category,350 rm
840,2012,12,C.LK98,16
840,2012,12,P.LK98,1458472
840,2012,12,C.1K,6
840,2012,12,D.1K,644328
840,2012,12,C.NLP3,10
840,2012,12,P.NLP3,814144
840,2012,12,C_1K,3.33333333333333
840,2012,12,C_LK98,16
840,2012,12,C_NLP3,12.6666666666667
840,2012,12,D_1K,353250
840,2012,12,P_LK98,1458472
840,2012,12,P_NLP3,1105222
840,2012,12,Input_#3_C_1K,2.33333333333333
840,2012,12,Input_#3_C_LK98,16
840,2012,12,Input_#3_C_NLP3,13.6666666666667
840,2012,12,Input_#3_D_1K,244501.666666667
840,2012,12,Input_#3_P_LK98,1458472
840,2012,12,Input_#3_P_NLP3,1213970.33333333
841,2013,1,RM Category,350 rm
841,2013,1,C.LK98,10
841,2013,1,P.LK98,1040208
841,2013,1,C.1K,2
841,2013,1,D.1K,302832
841,2013,1,C.NLP3,8
841,2013,1,P.NLP3,737376
841,2013,1,C_1K,3.33333333333333
841,2013,1,C_LK98,14
841,2013,1,C_NLP3,10.6666666666667
841,2013,1,D_1K,389147.333333333
841,2013,1,P_LK98,1319050.66666667
841,2013,1,P_NLP3,929903.333333333
841,2013,1,Input_#3_C_1K,2.66666666666667
841,2013,1,Input_#3_C_LK98,15
841,2013,1,Input_#3_C_NLP3,12.3333333333333
841,2013,1,Input_#3_D_1K,294973.666666667
841,2013,1,Input_#3_P_LK98,1388761.33333333
841,2013,1,Input_#3_P_NLP3,1093787.66666667
842,2013,2,RM Category,350 rm
842,2013,2,C.LK98,16
842,2013,2,P.LK98,1352038
842,2013,2,C.1K,4
842,2013,2,D.1K,409996
842,2013,2,C.NLP3,12
842,2013,2,P.NLP3,942042
842,2013,2,C_1K,4
842,2013,2,C_LK98,14
842,2013,2,C_NLP3,10
842,2013,2,D_1K,452385.333333333
842,2013,2,P_LK98,1283572.66666667
842,2013,2,P_NLP3,831187.333333333
842,2013,2,Input_#3_C_1K,3
842,2013,2,Input_#3_C_LK98,15
842,2013,2,Input_#3_C_NLP3,12
842,2013,2,Input_#3_D_1K,330758.333333333
842,2013,2,Input_#3_P_LK98,1371022.33333333
842,2013,2,Input_#3_P_NLP3,1040264
843,2013,3,RM Category,350 rm
843,2013,3,C.LK98,14
843,2013,3,P.LK98,1269170
843,2013,3,C.1K,0
843,2013,3,D.1K,0
843,2013,3,C.NLP3,14
843,2013,3,P.NLP3,1269170
843,2013,3,C_1K,2
843,2013,3,C_LK98,13.3333333333333
843,2013,3,C_NLP3,11.3333333333333
843,2013,3,D_1K,237609.333333333
843,2013,3,P_LK98,1220472
843,2013,3,P_NLP3,982862.666666667
843,2013,3,Input_#3_C_1K,2.66666666666667
843,2013,3,Input_#3_C_LK98,14.6666666666667
843,2013,3,Input_#3_C_NLP3,12
843,2013,3,Input_#3_D_1K,295429.666666667
843,2013,3,Input_#3_P_LK98,1339472
843,2013,3,Input_#3_P_NLP3,1044042.33333333
844,2013,4,RM Category,350 rm
844,2013,4,C.LK98,14
844,2013,4,P.LK98,1288098
844,2013,4,C.1K,2
844,2013,4,D.1K,235036
844,2013,4,C.NLP3,12
844,2013,4,P.NLP3,1053062
844,2013,4,C_1K,2
844,2013,4,C_LK98,14.6666666666667
844,2013,4,C_NLP3,12.6666666666667
844,2013,4,D_1K,215010.666666667
844,2013,4,P_LK98,1303102
844,2013,4,P_NLP3,1088091.33333333
844,2013,4,Input_#3_C_1K,2.66666666666667
844,2013,4,Input_#3_C_LK98,14.3333333333333
844,2013,4,Input_#3_C_NLP3,11.6666666666667
844,2013,4,Input_#3_D_1K,302079
844,2013,4,Input_#3_P_LK98,1311076.33333333
844,2013,4,Input_#3_P_NLP3,1008997.33333333
845,2013,5,RM Category,350 rm
845,2013,5,C.LK98,12
845,2013,5,P.LK98,1220110
845,2013,5,C.1K,0
845,2013,5,D.1K,0
845,2013,5,C.NLP3,12
845,2013,5,P.NLP3,1220110
845,2013,5,C_1K,0.666666666666667
845,2013,5,C_LK98,13.3333333333333
845,2013,5,C_NLP3,12.6666666666667
845,2013,5,D_1K,78345.3333333333
845,2013,5,P_LK98,1259126
845,2013,5,P_NLP3,1180780.66666667
845,2013,5,Input_#3_C_1K,2.33333333333333
845,2013,5,Input_#3_C_LK98,13.6666666666667
845,2013,5,Input_#3_C_NLP3,11.3333333333333
845,2013,5,Input_#3_D_1K,265365.333333333
845,2013,5,Input_#3_P_LK98,1271349.33333333
845,2013,5,Input_#3_P_NLP3,1005984
846,2013,6,RM Category,350 rm
846,2013,6,C.LK98,14
846,2013,6,P.LK98,1460962
846,2013,6,C.1K,0
846,2013,6,D.1K,0
846,2013,6,C.NLP3,14
846,2013,6,P.NLP3,1460962
846,2013,6,C_1K,0.666666666666667
846,2013,6,C_LK98,13.3333333333333
846,2013,6,C_NLP3,12.6666666666667
846,2013,6,D_1K,78345.3333333333
846,2013,6,P_LK98,1323056.66666667
846,2013,6,P_NLP3,1244711.33333333
846,2013,6,Input_#3_C_1K,1.33333333333333
846,2013,6,Input_#3_C_LK98,13.3333333333333
846,2013,6,Input_#3_C_NLP3,12
846,2013,6,Input_#3_D_1K,157977.333333333
846,2013,6,Input_#3_P_LK98,1271764.33333333
846,2013,6,Input_#3_P_NLP3,1113787
847,2013,7,RM Category,350 rm
847,2013,7,C.LK98,14
847,2013,7,P.LK98,1564850
847,2013,7,C.1K,0
847,2013,7,D.1K,0
847,2013,7,C.NLP3,14
847,2013,7,P.NLP3,1564850
847,2013,7,C_1K,0
847,2013,7,C_LK98,13.3333333333333
847,2013,7,C_NLP3,13.3333333333333
847,2013,7,D_1K,0
847,2013,7,P_LK98,1415307.33333333
847,2013,7,P_NLP3,1415307.33333333
847,2013,7,Input_#3_C_1K,1
847,2013,7,Input_#3_C_LK98,14
847,2013,7,Input_#3_C_NLP3,13
847,2013,7,Input_#3_D_1K,107505.333333333
847,2013,7,Input_#3_P_LK98,1359204.66666667
847,2013,7,Input_#3_P_NLP3,1251699.33333333
848,2013,8,RM Category,350 rm
848,2013,8,C.LK98,8
848,2013,8,P.LK98,962170
848,2013,8,C.1K,0
848,2013,8,D.1K,0
848,2013,8,C.NLP3,8
848,2013,8,P.NLP3,962170
848,2013,8,C_1K,0
848,2013,8,C_LK98,12
848,2013,8,C_NLP3,12
848,2013,8,D_1K,0
848,2013,8,P_LK98,1329327.33333333
848,2013,8,P_NLP3,1329327.33333333
848,2013,8,Input_#3_C_1K,0.333333333333333
848,2013,8,Input_#3_C_LK98,12.6666666666667
848,2013,8,Input_#3_C_NLP3,12.3333333333333
848,2013,8,Input_#3_D_1K,39172.6666666667
848,2013,8,Input_#3_P_LK98,1294226.66666667
848,2013,8,Input_#3_P_NLP3,1255054
849,2013,9,RM Category,350 rm
849,2013,9,C.LK98,14
849,2013,9,P.LK98,1403758
849,2013,9,C.1K,2
849,2013,9,D.1K,219304
849,2013,9,C.NLP3,12
849,2013,9,P.NLP3,1184454
849,2013,9,C_1K,0.666666666666667
849,2013,9,C_LK98,12
849,2013,9,C_NLP3,11.3333333333333
849,2013,9,D_1K,73101.3333333333
849,2013,9,P_LK98,1310259.33333333
849,2013,9,P_NLP3,1237158
849,2013,9,Input_#3_C_1K,0.666666666666667
849,2013,9,Input_#3_C_LK98,12.6666666666667
849,2013,9,Input_#3_C_NLP3,12
849,2013,9,Input_#3_D_1K,75723.3333333333
849,2013,9,Input_#3_P_LK98,1316658
849,2013,9,Input_#3_P_NLP3,1240934.66666667
850,2013,10,RM Category,350 rm
850,2013,10,C.LK98,10
850,2013,10,P.LK98,1198252
850,2013,10,C.1K,0
850,2013,10,D.1K,0
850,2013,10,C.NLP3,10
850,2013,10,P.NLP3,1198252
850,2013,10,C_1K,0.666666666666667
850,2013,10,C_LK98,10.6666666666667
850,2013,10,C_NLP3,10
850,2013,10,D_1K,73101.3333333333
850,2013,10,P_LK98,1188060
850,2013,10,P_NLP3,1114958.66666667
850,2013,10,Input_#3_C_1K,0.333333333333333
850,2013,10,Input_#3_C_LK98,12
850,2013,10,Input_#3_C_NLP3,11.6666666666667
850,2013,10,Input_#3_D_1K,36550.6666666667
850,2013,10,Input_#3_P_LK98,1301683.66666667
850,2013,10,Input_#3_P_NLP3,1265133
851,2013,11,RM Category,350 rm
851,2013,11,C.LK98,14
851,2013,11,P.LK98,1531742
851,2013,11,C.1K,0
851,2013,11,D.1K,0
851,2013,11,C.NLP3,14
851,2013,11,P.NLP3,1531742
851,2013,11,C_1K,0.666666666666667
851,2013,11,C_LK98,12.6666666666667
851,2013,11,C_NLP3,12
851,2013,11,D_1K,73101.3333333333
851,2013,11,P_LK98,1377917.33333333
851,2013,11,P_NLP3,1304816
851,2013,11,Input_#3_C_1K,0.333333333333333
851,2013,11,Input_#3_C_LK98,12.3333333333333
851,2013,11,Input_#3_C_NLP3,12
851,2013,11,Input_#3_D_1K,36550.6666666667
851,2013,11,Input_#3_P_LK98,1353622.33333333
851,2013,11,Input_#3_P_NLP3,1317071.66666667
852,2013,12,RM Category,350 rm
852,2013,12,C.LK98,6
852,2013,12,P.LK98,610032
852,2013,12,C.1K,0
852,2013,12,D.1K,0
852,2013,12,C.NLP3,6
852,2013,12,P.NLP3,610032
852,2013,12,C_1K,0
852,2013,12,C_LK98,10
852,2013,12,C_NLP3,10
852,2013,12,D_1K,0
852,2013,12,P_LK98,1113342
852,2013,12,P_NLP3,1113342
852,2013,12,Input_#3_C_1K,0.333333333333333
852,2013,12,Input_#3_C_LK98,11
852,2013,12,Input_#3_C_NLP3,10.6666666666667
852,2013,12,Input_#3_D_1K,36550.6666666667
852,2013,12,Input_#3_P_LK98,1211800.66666667
852,2013,12,Input_#3_P_NLP3,1175250
853,2014,1,RM Category,350 rm
853,2014,1,C.LK98,6
853,2014,1,P.LK98,699924.6667
853,2014,1,C.1K,2
853,2014,1,D.1K,271064
853,2014,1,C.NLP3,4
853,2014,1,P.NLP3,428860.6667
853,2014,1,C_1K,0.666666666666667
853,2014,1,C_LK98,8.66666666666667
853,2014,1,C_NLP3,8
853,2014,1,D_1K,90354.6666666667
853,2014,1,P_LK98,947232.8889
853,2014,1,P_NLP3,856878.222233333
853,2014,1,Input_#3_C_1K,0.666666666666667
853,2014,1,Input_#3_C_LK98,9.66666666666667
853,2014,1,Input_#3_C_NLP3,9
853,2014,1,Input_#3_D_1K,81728
853,2014,1,Input_#3_P_LK98,1067646.44445
853,2014,1,Input_#3_P_NLP3,985918.44445
854,2014,2,RM Category,350 rm
854,2014,2,C.LK98,12
854,2014,2,P.LK98,1399849.3334
854,2014,2,C.1K,0
854,2014,2,D.1K,0
854,2014,2,C.NLP3,0
854,2014,2,P.NLP3,0
854,2014,2,C_1K,0.666666666666667
854,2014,2,C_LK98,8
854,2014,2,C_NLP3,3.33333333333333
854,2014,2,D_1K,90354.6666666667
854,2014,2,P_LK98,903268.6667
854,2014,2,P_NLP3,346297.555566667
854,2014,2,Input_#3_C_1K,0.666666666666667
854,2014,2,Input_#3_C_LK98,10.3333333333333
854,2014,2,Input_#3_C_NLP3,7.66666666666667
854,2014,2,Input_#3_D_1K,81728
854,2014,2,Input_#3_P_LK98,1140593.00001667
854,2014,2,Input_#3_P_NLP3,825556.777783333
855,2014,3,RM Category,350 rm
855,2014,3,C.LK98,14
855,2014,3,P.LK98,1399850
855,2014,3,C.1K,0
855,2014,3,D.1K,0
855,2014,3,C.NLP3,0
855,2014,3,P.NLP3,0
855,2014,3,C_1K,0.666666666666667
855,2014,3,C_LK98,10.6666666666667
855,2014,3,C_NLP3,1.33333333333333
855,2014,3,D_1K,90354.6666666667
855,2014,3,P_LK98,1166541.33336667
855,2014,3,P_NLP3,142953.555566667
855,2014,3,Input_#3_C_1K,0.333333333333333
855,2014,3,Input_#3_C_LK98,10.3333333333333
855,2014,3,Input_#3_C_NLP3,5.66666666666667
855,2014,3,Input_#3_D_1K,45177.3333333333
855,2014,3,Input_#3_P_LK98,1139941.66668333
855,2014,3,Input_#3_P_NLP3,628147.777783333
856,2014,4,RM Category,350 rm
856,2014,4,C.LK98,
856,2014,4,P.LK98,
856,2014,4,C.1K,0
856,2014,4,D.1K,0
856,2014,4,C.NLP3,
856,2014,4,P.NLP3,
856,2014,4,C_1K,0
856,2014,4,C_LK98,8.66666666666667
856,2014,4,C_NLP3,0
856,2014,4,D_1K,0
856,2014,4,P_LK98,933233.111133333
856,2014,4,P_NLP3,0
856,2014,4,Input_#3_C_1K,0.333333333333333
856,2014,4,Input_#3_C_LK98,8.66666666666667
856,2014,4,Input_#3_C_NLP3,4
856,2014,4,Input_#3_D_1K,45177.3333333333
856,2014,4,Input_#3_P_LK98,940233.000016667
856,2014,4,Input_#3_P_NLP3,428439.111116667
857,2014,5,RM Category,350 rm
857,2014,5,C.LK98,
857,2014,5,P.LK98,
857,2014,5,C.1K,4
857,2014,5,D.1K,619507.2
857,2014,5,C.NLP3,
857,2014,5,P.NLP3,
857,2014,5,C_1K,1.33333333333333
857,2014,5,C_LK98,4.66666666666667
857,2014,5,C_NLP3,0
857,2014,5,D_1K,206502.4
857,2014,5,P_LK98,466616.666666667
857,2014,5,P_NLP3,0
857,2014,5,Input_#3_C_1K,1
857,2014,5,Input_#3_C_LK98,6.33333333333333
857,2014,5,Input_#3_C_NLP3,1.66666666666667
857,2014,5,Input_#3_D_1K,148428.533333333
857,2014,5,Input_#3_P_LK98,684942.666683333
857,2014,5,Input_#3_P_NLP3,173148.777783333
858,2014,6,RM Category,350 rm
858,2014,6,C.LK98,
858,2014,6,P.LK98,
858,2014,6,C.1K,2
858,2014,6,D.1K,204015.78
858,2014,6,C.NLP3,
858,2014,6,P.NLP3,
858,2014,6,C_1K,2
858,2014,6,C_LK98,0
858,2014,6,C_NLP3,0
858,2014,6,D_1K,274507.66
858,2014,6,P_LK98,0
858,2014,6,P_NLP3,0
858,2014,6,Input_#3_C_1K,1.33333333333333
858,2014,6,Input_#3_C_LK98,5.33333333333333
858,2014,6,Input_#3_C_NLP3,0.666666666666667
858,2014,6,Input_#3_D_1K,182431.163333333
858,2014,6,Input_#3_P_LK98,583270.666683333
858,2014,6,Input_#3_P_NLP3,71476.7777833333
859,2014,7,RM Category,350 rm
859,2014,7,C.LK98,
859,2014,7,P.LK98,
859,2014,7,C.1K,
859,2014,7,D.1K,
859,2014,7,C.NLP3,
859,2014,7,P.NLP3,
859,2014,7,C_1K,2
859,2014,7,C_LK98,0
859,2014,7,C_NLP3,0
859,2014,7,D_1K,274507.66
859,2014,7,P_LK98,0
859,2014,7,P_NLP3,0
859,2014,7,Input_#3_C_1K,1
859,2014,7,Input_#3_C_LK98,4.33333333333333
859,2014,7,Input_#3_C_NLP3,0
859,2014,7,Input_#3_D_1K,137253.83
859,2014,7,Input_#3_P_LK98,466616.555566667
859,2014,7,Input_#3_P_NLP3,0
860,2014,8,RM Category,350 rm
860,2014,8,C.LK98,
860,2014,8,P.LK98,
860,2014,8,C.1K,
860,2014,8,D.1K,
860,2014,8,C.NLP3,
860,2014,8,P.NLP3,
860,2014,8,C_1K,0.666666666666667
860,2014,8,C_LK98,0
860,2014,8,C_NLP3,0
860,2014,8,D_1K,68005.26
860,2014,8,P_LK98,0
860,2014,8,P_NLP3,0
860,2014,8,Input_#3_C_1K,1
860,2014,8,Input_#3_C_LK98,2.33333333333333
860,2014,8,Input_#3_C_NLP3,0
860,2014,8,Input_#3_D_1K,137253.83
860,2014,8,Input_#3_P_LK98,233308.333333333
860,2014,8,Input_#3_P_NLP3,0
861,2014,9,RM Category,350 rm
861,2014,9,C.LK98,
861,2014,9,P.LK98,
861,2014,9,C.1K,
861,2014,9,D.1K,
861,2014,9,C.NLP3,
861,2014,9,P.NLP3,
861,2014,9,C_1K,0
861,2014,9,C_LK98,0
861,2014,9,C_NLP3,0
861,2014,9,D_1K,0
861,2014,9,P_LK98,0
861,2014,9,P_NLP3,0
861,2014,9,Input_#3_C_1K,1
861,2014,9,Input_#3_C_LK98,0
861,2014,9,Input_#3_C_NLP3,0
861,2014,9,Input_#3_D_1K,137253.83
861,2014,9,Input_#3_P_LK98,0
861,2014,9,Input_#3_P_NLP3,0
862,2014,10,RM Category,350 rm
862,2014,10,C.LK98,
862,2014,10,P.LK98,
862,2014,10,C.1K,
862,2014,10,D.1K,
862,2014,10,C.NLP3,
862,2014,10,P.NLP3,
862,2014,10,C_1K,0
862,2014,10,C_LK98,0
862,2014,10,C_NLP3,0
862,2014,10,D_1K,0
862,2014,10,P_LK98,0
862,2014,10,P_NLP3,0
862,2014,10,Input_#3_C_1K,1
862,2014,10,Input_#3_C_LK98,0
862,2014,10,Input_#3_C_NLP3,0
862,2014,10,Input_#3_D_1K,137253.83
862,2014,10,Input_#3_P_LK98,0
862,2014,10,Input_#3_P_NLP3,0
863,2014,11,RM Category,350 rm
863,2014,11,C.LK98,
863,2014,11,P.LK98,
863,2014,11,C.1K,
863,2014,11,D.1K,
863,2014,11,C.NLP3,
863,2014,11,P.NLP3,
863,2014,11,C_1K,0
863,2014,11,C_LK98,0
863,2014,11,C_NLP3,0
863,2014,11,D_1K,0
863,2014,11,P_LK98,0
863,2014,11,P_NLP3,0
863,2014,11,Input_#3_C_1K,0.333333333333333
863,2014,11,Input_#3_C_LK98,0
863,2014,11,Input_#3_C_NLP3,0
863,2014,11,Input_#3_D_1K,34002.63
863,2014,11,Input_#3_P_LK98,0
863,2014,11,Input_#3_P_NLP3,0
864,2014,12,RM Category,350 rm
864,2014,12,C.LK98,
864,2014,12,P.LK98,
864,2014,12,C.1K,
864,2014,12,D.1K,
864,2014,12,C.NLP3,
864,2014,12,P.NLP3,
864,2014,12,C_1K,0
864,2014,12,C_LK98,0
864,2014,12,C_NLP3,0
864,2014,12,D_1K,0
864,2014,12,P_LK98,0
864,2014,12,P_NLP3,0
864,2014,12,Input_#3_C_1K,0
864,2014,12,Input_#3_C_LK98,0
864,2014,12,Input_#3_C_NLP3,0
864,2014,12,Input_#3_D_1K,0
864,2014,12,Input_#3_P_LK98,0
864,2014,12,Input_#3_P_NLP3,0
865,2009,1,RM Category,40 rm
865,2009,1,C.LK98,140
865,2009,1,P.LK98,1809978
865,2009,1,C.1K,36
865,2009,1,D.1K,443118
865,2009,1,C.NLP3,104
865,2009,1,P.NLP3,1366860
865,2009,1,C_1K,36
865,2009,1,C_LK98,140
865,2009,1,C_NLP3,104
865,2009,1,D_1K,443118
865,2009,1,P_LK98,1809978
865,2009,1,P_NLP3,1366860
865,2009,1,Input_#3_C_1K,6
865,2009,1,Input_#3_C_LK98,23.3333333333333
865,2009,1,Input_#3_C_NLP3,17.3333333333333
865,2009,1,Input_#3_D_1K,73853
865,2009,1,Input_#3_P_LK98,301663
865,2009,1,Input_#3_P_NLP3,227810
866,2009,2,RM Category,40 rm
866,2009,2,C.LK98,136
866,2009,2,P.LK98,1749486
866,2009,2,C.1K,36
866,2009,2,D.1K,423742
866,2009,2,C.NLP3,100
866,2009,2,P.NLP3,1325744
866,2009,2,C_1K,36
866,2009,2,C_LK98,138.666666666667
866,2009,2,C_NLP3,102.666666666667
866,2009,2,D_1K,436659.333333333
866,2009,2,P_LK98,1789814
866,2009,2,P_NLP3,1353154.66666667
866,2009,2,Input_#3_C_1K,12
866,2009,2,Input_#3_C_LK98,46
866,2009,2,Input_#3_C_NLP3,34
866,2009,2,Input_#3_D_1K,144476.666666667
866,2009,2,Input_#3_P_LK98,593244
866,2009,2,Input_#3_P_NLP3,448767.333333333
867,2009,3,RM Category,40 rm
867,2009,3,C.LK98,140
867,2009,3,P.LK98,1959182
867,2009,3,C.1K,54
867,2009,3,D.1K,688652
867,2009,3,C.NLP3,86
867,2009,3,P.NLP3,1270530
867,2009,3,C_1K,42
867,2009,3,C_LK98,138.666666666667
867,2009,3,C_NLP3,96.6666666666667
867,2009,3,D_1K,518504
867,2009,3,P_LK98,1839548.66666667
867,2009,3,P_NLP3,1321044.66666667
867,2009,3,Input_#3_C_1K,21
867,2009,3,Input_#3_C_LK98,69.3333333333333
867,2009,3,Input_#3_C_NLP3,48.3333333333333
867,2009,3,Input_#3_D_1K,259252
867,2009,3,Input_#3_P_LK98,919774.333333333
867,2009,3,Input_#3_P_NLP3,660522.333333333
868,2009,4,RM Category,40 rm
868,2009,4,C.LK98,106
868,2009,4,P.LK98,1333934
868,2009,4,C.1K,24
868,2009,4,D.1K,303300
868,2009,4,C.NLP3,82
868,2009,4,P.NLP3,1030634
868,2009,4,C_1K,38
868,2009,4,C_LK98,127.333333333333
868,2009,4,C_NLP3,89.3333333333333
868,2009,4,D_1K,471898
868,2009,4,P_LK98,1680867.33333333
868,2009,4,P_NLP3,1208969.33333333
868,2009,4,Input_#3_C_1K,25
868,2009,4,Input_#3_C_LK98,87
868,2009,4,Input_#3_C_NLP3,62
868,2009,4,Input_#3_D_1K,309802
868,2009,4,Input_#3_P_LK98,1142096.66666667
868,2009,4,Input_#3_P_NLP3,832294.666666667
869,2009,5,RM Category,40 rm
869,2009,5,C.LK98,92
869,2009,5,P.LK98,1165082
869,2009,5,C.1K,22
869,2009,5,D.1K,263222
869,2009,5,C.NLP3,70
869,2009,5,P.NLP3,901860
869,2009,5,C_1K,33.3333333333333
869,2009,5,C_LK98,112.666666666667
869,2009,5,C_NLP3,79.3333333333333
869,2009,5,D_1K,418391.333333333
869,2009,5,P_LK98,1486066
869,2009,5,P_NLP3,1067674.66666667
869,2009,5,Input_#3_C_1K,28.6666666666667
869,2009,5,Input_#3_C_LK98,102.333333333333
869,2009,5,Input_#3_C_NLP3,73.6666666666667
869,2009,5,Input_#3_D_1K,353672.333333333
869,2009,5,Input_#3_P_LK98,1336277
869,2009,5,Input_#3_P_NLP3,982604.666666667
870,2009,6,RM Category,40 rm
870,2009,6,C.LK98,166
870,2009,6,P.LK98,2134130
870,2009,6,C.1K,46
870,2009,6,D.1K,524732
870,2009,6,C.NLP3,120
870,2009,6,P.NLP3,1609398
870,2009,6,C_1K,30.6666666666667
870,2009,6,C_LK98,121.333333333333
870,2009,6,C_NLP3,90.6666666666667
870,2009,6,D_1K,363751.333333333
870,2009,6,P_LK98,1544382
870,2009,6,P_NLP3,1180630.66666667
870,2009,6,Input_#3_C_1K,36.3333333333333
870,2009,6,Input_#3_C_LK98,130
870,2009,6,Input_#3_C_NLP3,93.6666666666667
870,2009,6,Input_#3_D_1K,441127.666666667
870,2009,6,Input_#3_P_LK98,1691965.33333333
870,2009,6,Input_#3_P_NLP3,1250837.66666667
871,2009,7,RM Category,40 rm
871,2009,7,C.LK98,118
871,2009,7,P.LK98,1574460
871,2009,7,C.1K,34
871,2009,7,D.1K,419624
871,2009,7,C.NLP3,84
871,2009,7,P.NLP3,1154836
871,2009,7,C_1K,34
871,2009,7,C_LK98,125.333333333333
871,2009,7,C_NLP3,91.3333333333333
871,2009,7,D_1K,402526
871,2009,7,P_LK98,1624557.33333333
871,2009,7,P_NLP3,1222031.33333333
871,2009,7,Input_#3_C_1K,36
871,2009,7,Input_#3_C_LK98,126.333333333333
871,2009,7,Input_#3_C_NLP3,90.3333333333333
871,2009,7,Input_#3_D_1K,437212
871,2009,7,Input_#3_P_LK98,1652712.33333333
871,2009,7,Input_#3_P_NLP3,1215500.33333333
872,2009,8,RM Category,40 rm
872,2009,8,C.LK98,118
872,2009,8,P.LK98,1532764
872,2009,8,C.1K,28
872,2009,8,D.1K,358076
872,2009,8,C.NLP3,90
872,2009,8,P.NLP3,1174688
872,2009,8,C_1K,36
872,2009,8,C_LK98,134
872,2009,8,C_NLP3,98
872,2009,8,D_1K,434144
872,2009,8,P_LK98,1747118
872,2009,8,P_NLP3,1312974
872,2009,8,Input_#3_C_1K,34.6666666666667
872,2009,8,Input_#3_C_LK98,123.333333333333
872,2009,8,Input_#3_C_NLP3,88.6666666666667
872,2009,8,Input_#3_D_1K,426267.666666667
872,2009,8,Input_#3_P_LK98,1616592
872,2009,8,Input_#3_P_NLP3,1190324.33333333
873,2009,9,RM Category,40 rm
873,2009,9,C.LK98,128
873,2009,9,P.LK98,1716266
873,2009,9,C.1K,28
873,2009,9,D.1K,304086
873,2009,9,C.NLP3,100
873,2009,9,P.NLP3,1412180
873,2009,9,C_1K,30
873,2009,9,C_LK98,121.333333333333
873,2009,9,C_NLP3,91.3333333333333
873,2009,9,D_1K,360595.333333333
873,2009,9,P_LK98,1607830
873,2009,9,P_NLP3,1247234.66666667
873,2009,9,Input_#3_C_1K,30.3333333333333
873,2009,9,Input_#3_C_LK98,121.333333333333
873,2009,9,Input_#3_C_NLP3,91
873,2009,9,Input_#3_D_1K,362173.333333333
873,2009,9,Input_#3_P_LK98,1576106
873,2009,9,Input_#3_P_NLP3,1213932.66666667
874,2009,10,RM Category,40 rm
874,2009,10,C.LK98,132
874,2009,10,P.LK98,1711432
874,2009,10,C.1K,30
874,2009,10,D.1K,375028
874,2009,10,C.NLP3,102
874,2009,10,P.NLP3,1336404
874,2009,10,C_1K,28.6666666666667
874,2009,10,C_LK98,126
874,2009,10,C_NLP3,97.3333333333333
874,2009,10,D_1K,345730
874,2009,10,P_LK98,1653487.33333333
874,2009,10,P_NLP3,1307757.33333333
874,2009,10,Input_#3_C_1K,31.3333333333333
874,2009,10,Input_#3_C_LK98,125.666666666667
874,2009,10,Input_#3_C_NLP3,94.3333333333333
874,2009,10,Input_#3_D_1K,374128
874,2009,10,Input_#3_P_LK98,1639022.33333333
874,2009,10,Input_#3_P_NLP3,1264894.33333333
875,2009,11,RM Category,40 rm
875,2009,11,C.LK98,146
875,2009,11,P.LK98,1900828
875,2009,11,C.1K,34
875,2009,11,D.1K,409730
875,2009,11,C.NLP3,112
875,2009,11,P.NLP3,1491098
875,2009,11,C_1K,30.6666666666667
875,2009,11,C_LK98,135.333333333333
875,2009,11,C_NLP3,104.666666666667
875,2009,11,D_1K,362948
875,2009,11,P_LK98,1776175.33333333
875,2009,11,P_NLP3,1413227.33333333
875,2009,11,Input_#3_C_1K,33.3333333333333
875,2009,11,Input_#3_C_LK98,134.666666666667
875,2009,11,Input_#3_C_NLP3,101.333333333333
875,2009,11,Input_#3_D_1K,398546
875,2009,11,Input_#3_P_LK98,1761646.66666667
875,2009,11,Input_#3_P_NLP3,1363100.66666667
876,2009,12,RM Category,40 rm
876,2009,12,C.LK98,180
876,2009,12,P.LK98,2388430
876,2009,12,C.1K,46
876,2009,12,D.1K,531632
876,2009,12,C.NLP3,134
876,2009,12,P.NLP3,1856798
876,2009,12,C_1K,36.6666666666667
876,2009,12,C_LK98,152.666666666667
876,2009,12,C_NLP3,116
876,2009,12,D_1K,438796.666666667
876,2009,12,P_LK98,2000230
876,2009,12,P_NLP3,1561433.33333333
876,2009,12,Input_#3_C_1K,33.3333333333333
876,2009,12,Input_#3_C_LK98,137
876,2009,12,Input_#3_C_NLP3,103.666666666667
876,2009,12,Input_#3_D_1K,399696
876,2009,12,Input_#3_P_LK98,1804030
876,2009,12,Input_#3_P_NLP3,1404334
877,2010,1,RM Category,40 rm
877,2010,1,C.LK98,132
877,2010,1,P.LK98,1714318
877,2010,1,C.1K,32
877,2010,1,D.1K,372770
877,2010,1,C.NLP3,100
877,2010,1,P.NLP3,1341548
877,2010,1,C_1K,37.3333333333333
877,2010,1,C_LK98,152.666666666667
877,2010,1,C_NLP3,115.333333333333
877,2010,1,D_1K,438044
877,2010,1,P_LK98,2001192
877,2010,1,P_NLP3,1563148
877,2010,1,Input_#3_C_1K,33
877,2010,1,Input_#3_C_LK98,139.333333333333
877,2010,1,Input_#3_C_NLP3,106.333333333333
877,2010,1,Input_#3_D_1K,391887
877,2010,1,Input_#3_P_LK98,1827339.66666667
877,2010,1,Input_#3_P_NLP3,1435452.66666667
878,2010,2,RM Category,40 rm
878,2010,2,C.LK98,154
878,2010,2,P.LK98,1932432
878,2010,2,C.1K,46
878,2010,2,D.1K,554354
878,2010,2,C.NLP3,108
878,2010,2,P.NLP3,1378078
878,2010,2,C_1K,41.3333333333333
878,2010,2,C_LK98,155.333333333333
878,2010,2,C_NLP3,114
878,2010,2,D_1K,486252
878,2010,2,P_LK98,2011726.66666667
878,2010,2,P_NLP3,1525474.66666667
878,2010,2,Input_#3_C_1K,36
878,2010,2,Input_#3_C_LK98,145.333333333333
878,2010,2,Input_#3_C_NLP3,109.333333333333
878,2010,2,Input_#3_D_1K,424600
878,2010,2,Input_#3_P_LK98,1893951
878,2010,2,Input_#3_P_NLP3,1469351
879,2010,3,RM Category,40 rm
879,2010,3,C.LK98,190
879,2010,3,P.LK98,2445340
879,2010,3,C.1K,66
879,2010,3,D.1K,782004
879,2010,3,C.NLP3,124
879,2010,3,P.NLP3,1663336
879,2010,3,C_1K,48
879,2010,3,C_LK98,158.666666666667
879,2010,3,C_NLP3,110.666666666667
879,2010,3,D_1K,569709.333333333
879,2010,3,P_LK98,2030696.66666667
879,2010,3,P_NLP3,1460987.33333333
879,2010,3,Input_#3_C_1K,42.3333333333333
879,2010,3,Input_#3_C_LK98,155.666666666667
879,2010,3,Input_#3_C_NLP3,113.333333333333
879,2010,3,Input_#3_D_1K,504253
879,2010,3,Input_#3_P_LK98,2015463.33333333
879,2010,3,Input_#3_P_NLP3,1511210.33333333
880,2010,4,RM Category,40 rm
880,2010,4,C.LK98,192
880,2010,4,P.LK98,2481558
880,2010,4,C.1K,68
880,2010,4,D.1K,795492
880,2010,4,C.NLP3,124
880,2010,4,P.NLP3,1686066
880,2010,4,C_1K,60
880,2010,4,C_LK98,178.666666666667
880,2010,4,C_NLP3,118.666666666667
880,2010,4,D_1K,710616.666666667
880,2010,4,P_LK98,2286443.33333333
880,2010,4,P_NLP3,1575826.66666667
880,2010,4,Input_#3_C_1K,48.6666666666667
880,2010,4,Input_#3_C_LK98,165.666666666667
880,2010,4,Input_#3_C_NLP3,117
880,2010,4,Input_#3_D_1K,574330.333333333
880,2010,4,Input_#3_P_LK98,2143817.66666667
880,2010,4,Input_#3_P_NLP3,1569487.33333333
881,2010,5,RM Category,40 rm
881,2010,5,C.LK98,182
881,2010,5,P.LK98,2477878
881,2010,5,C.1K,60
881,2010,5,D.1K,818418
881,2010,5,C.NLP3,122
881,2010,5,P.NLP3,1659460
881,2010,5,C_1K,64.6666666666667
881,2010,5,C_LK98,188
881,2010,5,C_NLP3,123.333333333333
881,2010,5,D_1K,798638
881,2010,5,P_LK98,2468258.66666667
881,2010,5,P_NLP3,1669620.66666667
881,2010,5,Input_#3_C_1K,53
881,2010,5,Input_#3_C_LK98,171.666666666667
881,2010,5,Input_#3_C_NLP3,118.666666666667
881,2010,5,Input_#3_D_1K,642445
881,2010,5,Input_#3_P_LK98,2239992.66666667
881,2010,5,Input_#3_P_NLP3,1597547.66666667
882,2010,6,RM Category,40 rm
882,2010,6,C.LK98,180
882,2010,6,P.LK98,2480304
882,2010,6,C.1K,64
882,2010,6,D.1K,772450
882,2010,6,C.NLP3,116
882,2010,6,P.NLP3,1707854
882,2010,6,C_1K,64
882,2010,6,C_LK98,184.666666666667
882,2010,6,C_NLP3,120.666666666667
882,2010,6,D_1K,795453.333333333
882,2010,6,P_LK98,2479913.33333333
882,2010,6,P_NLP3,1684460
882,2010,6,Input_#3_C_1K,56
882,2010,6,Input_#3_C_LK98,171.666666666667
882,2010,6,Input_#3_C_NLP3,115.666666666667
882,2010,6,Input_#3_D_1K,682581.333333333
882,2010,6,Input_#3_P_LK98,2255305
882,2010,6,Input_#3_P_NLP3,1572723.66666667
883,2010,7,RM Category,40 rm
883,2010,7,C.LK98,178
883,2010,7,P.LK98,2307242
883,2010,7,C.1K,58
883,2010,7,D.1K,718720
883,2010,7,C.NLP3,120
883,2010,7,P.NLP3,1588522
883,2010,7,C_1K,60.6666666666667
883,2010,7,C_LK98,180
883,2010,7,C_NLP3,119.333333333333
883,2010,7,D_1K,769862.666666667
883,2010,7,P_LK98,2421808
883,2010,7,P_NLP3,1651945.33333333
883,2010,7,Input_#3_C_1K,60.3333333333333
883,2010,7,Input_#3_C_LK98,179.333333333333
883,2010,7,Input_#3_C_NLP3,119
883,2010,7,Input_#3_D_1K,740239.666666667
883,2010,7,Input_#3_P_LK98,2354125.66666667
883,2010,7,Input_#3_P_NLP3,1613886
884,2010,8,RM Category,40 rm
884,2010,8,C.LK98,188
884,2010,8,P.LK98,2603648
884,2010,8,C.1K,54
884,2010,8,D.1K,708694
884,2010,8,C.NLP3,134
884,2010,8,P.NLP3,1894954
884,2010,8,C_1K,58.6666666666667
884,2010,8,C_LK98,182
884,2010,8,C_NLP3,123.333333333333
884,2010,8,D_1K,733288
884,2010,8,P_LK98,2463731.33333333
884,2010,8,P_NLP3,1730443.33333333
884,2010,8,Input_#3_C_1K,61.6666666666667
884,2010,8,Input_#3_C_LK98,185
884,2010,8,Input_#3_C_NLP3,123.333333333333
884,2010,8,Input_#3_D_1K,765963
884,2010,8,Input_#3_P_LK98,2465995
884,2010,8,Input_#3_P_NLP3,1700032
885,2010,9,RM Category,40 rm
885,2010,9,C.LK98,170
885,2010,9,P.LK98,2355612
885,2010,9,C.1K,42
885,2010,9,D.1K,566120
885,2010,9,C.NLP3,128
885,2010,9,P.NLP3,1789492
885,2010,9,C_1K,51.3333333333333
885,2010,9,C_LK98,178.666666666667
885,2010,9,C_NLP3,127.333333333333
885,2010,9,D_1K,664511.333333333
885,2010,9,P_LK98,2422167.33333333
885,2010,9,P_NLP3,1757656
885,2010,9,Input_#3_C_1K,57.6666666666667
885,2010,9,Input_#3_C_LK98,181.666666666667
885,2010,9,Input_#3_C_NLP3,124
885,2010,9,Input_#3_D_1K,729982.333333333
885,2010,9,Input_#3_P_LK98,2451040.33333333
885,2010,9,Input_#3_P_NLP3,1721058
886,2010,10,RM Category,40 rm
886,2010,10,C.LK98,160
886,2010,10,P.LK98,2214870
886,2010,10,C.1K,34
886,2010,10,D.1K,413392
886,2010,10,C.NLP3,126
886,2010,10,P.NLP3,1801478
886,2010,10,C_1K,43.3333333333333
886,2010,10,C_LK98,172.666666666667
886,2010,10,C_NLP3,129.333333333333
886,2010,10,D_1K,562735.333333333
886,2010,10,P_LK98,2391376.66666667
886,2010,10,P_NLP3,1828641.33333333
886,2010,10,Input_#3_C_1K,52
886,2010,10,Input_#3_C_LK98,176.333333333333
886,2010,10,Input_#3_C_NLP3,124.333333333333
886,2010,10,Input_#3_D_1K,666299
886,2010,10,Input_#3_P_LK98,2406592.33333333
886,2010,10,Input_#3_P_NLP3,1740293.33333333
887,2010,11,RM Category,40 rm
887,2010,11,C.LK98,228
887,2010,11,P.LK98,3083842
887,2010,11,C.1K,58
887,2010,11,D.1K,748464
887,2010,11,C.NLP3,170
887,2010,11,P.NLP3,2335378
887,2010,11,C_1K,44.6666666666667
887,2010,11,C_LK98,186
887,2010,11,C_NLP3,141.333333333333
887,2010,11,D_1K,575992
887,2010,11,P_LK98,2551441.33333333
887,2010,11,P_NLP3,1975449.33333333
887,2010,11,Input_#3_C_1K,51.6666666666667
887,2010,11,Input_#3_C_LK98,184
887,2010,11,Input_#3_C_NLP3,132.333333333333
887,2010,11,Input_#3_D_1K,654640
887,2010,11,Input_#3_P_LK98,2507586.33333333
887,2010,11,Input_#3_P_NLP3,1852946.33333333
888,2010,12,RM Category,40 rm
888,2010,12,C.LK98,206
888,2010,12,P.LK98,2874842
888,2010,12,C.1K,66
888,2010,12,D.1K,898562
888,2010,12,C.NLP3,140
888,2010,12,P.NLP3,1976280
888,2010,12,C_1K,52.6666666666667
888,2010,12,C_LK98,198
888,2010,12,C_NLP3,145.333333333333
888,2010,12,D_1K,686806
888,2010,12,P_LK98,2724518
888,2010,12,P_NLP3,2037712
888,2010,12,Input_#3_C_1K,52
888,2010,12,Input_#3_C_LK98,188.333333333333
888,2010,12,Input_#3_C_NLP3,136.333333333333
888,2010,12,Input_#3_D_1K,675658.666666667
888,2010,12,Input_#3_P_LK98,2573342.66666667
888,2010,12,Input_#3_P_NLP3,1897684
889,2011,1,RM Category,40 rm
889,2011,1,C.LK98,186
889,2011,1,P.LK98,2442490
889,2011,1,C.1K,38
889,2011,1,D.1K,477802
889,2011,1,C.NLP3,148
889,2011,1,P.NLP3,1964688
889,2011,1,C_1K,54
889,2011,1,C_LK98,206.666666666667
889,2011,1,C_NLP3,152.666666666667
889,2011,1,D_1K,708276
889,2011,1,P_LK98,2800391.33333333
889,2011,1,P_NLP3,2092115.33333333
889,2011,1,Input_#3_C_1K,48.6666666666667
889,2011,1,Input_#3_C_LK98,189.666666666667
889,2011,1,Input_#3_C_NLP3,141
889,2011,1,Input_#3_D_1K,635505.666666667
889,2011,1,Input_#3_P_LK98,2595884
889,2011,1,Input_#3_P_NLP3,1960378.33333333
890,2011,2,RM Category,40 rm
890,2011,2,C.LK98,160
890,2011,2,P.LK98,2214074
890,2011,2,C.1K,58
890,2011,2,D.1K,767332
890,2011,2,C.NLP3,102
890,2011,2,P.NLP3,1446742
890,2011,2,C_1K,54
890,2011,2,C_LK98,184
890,2011,2,C_NLP3,130
890,2011,2,D_1K,714565.333333333
890,2011,2,P_LK98,2510468.66666667
890,2011,2,P_NLP3,1795903.33333333
890,2011,2,Input_#3_C_1K,49.3333333333333
890,2011,2,Input_#3_C_LK98,185
890,2011,2,Input_#3_C_NLP3,135.666666666667
890,2011,2,Input_#3_D_1K,645278.666666667
890,2011,2,Input_#3_P_LK98,2530955
890,2011,2,Input_#3_P_NLP3,1885676.33333333
891,2011,3,RM Category,40 rm
891,2011,3,C.LK98,210
891,2011,3,P.LK98,2929940
891,2011,3,C.1K,68
891,2011,3,D.1K,960788
891,2011,3,C.NLP3,142
891,2011,3,P.NLP3,1969152
891,2011,3,C_1K,54.6666666666667
891,2011,3,C_LK98,185.333333333333
891,2011,3,C_NLP3,130.666666666667
891,2011,3,D_1K,735307.333333333
891,2011,3,P_LK98,2528834.66666667
891,2011,3,P_NLP3,1793527.33333333
891,2011,3,Input_#3_C_1K,53.6666666666667
891,2011,3,Input_#3_C_LK98,191.666666666667
891,2011,3,Input_#3_C_NLP3,138
891,2011,3,Input_#3_D_1K,711056.666666667
891,2011,3,Input_#3_P_LK98,2626676.33333333
891,2011,3,Input_#3_P_NLP3,1915619.66666667
892,2011,4,RM Category,40 rm
892,2011,4,C.LK98,158
892,2011,4,P.LK98,2112098
892,2011,4,C.1K,38
892,2011,4,D.1K,491774
892,2011,4,C.NLP3,120
892,2011,4,P.NLP3,1620324
892,2011,4,C_1K,54.6666666666667
892,2011,4,C_LK98,176
892,2011,4,C_NLP3,121.333333333333
892,2011,4,D_1K,739964.666666667
892,2011,4,P_LK98,2418704
892,2011,4,P_NLP3,1678739.33333333
892,2011,4,Input_#3_C_1K,54.3333333333333
892,2011,4,Input_#3_C_LK98,191.333333333333
892,2011,4,Input_#3_C_NLP3,137
892,2011,4,Input_#3_D_1K,724120.333333333
892,2011,4,Input_#3_P_LK98,2609547.66666667
892,2011,4,Input_#3_P_NLP3,1885427.33333333
893,2011,5,RM Category,40 rm
893,2011,5,C.LK98,222
893,2011,5,P.LK98,3032686
893,2011,5,C.1K,50
893,2011,5,D.1K,714700
893,2011,5,C.NLP3,172
893,2011,5,P.NLP3,2317986
893,2011,5,C_1K,52
893,2011,5,C_LK98,196.666666666667
893,2011,5,C_NLP3,144.666666666667
893,2011,5,D_1K,722420.666666667
893,2011,5,P_LK98,2691574.66666667
893,2011,5,P_NLP3,1969154
893,2011,5,Input_#3_C_1K,53
893,2011,5,Input_#3_C_LK98,190.333333333333
893,2011,5,Input_#3_C_NLP3,137.333333333333
893,2011,5,Input_#3_D_1K,718493
893,2011,5,Input_#3_P_LK98,2601021.66666667
893,2011,5,Input_#3_P_NLP3,1882528.66666667
894,2011,6,RM Category,40 rm
894,2011,6,C.LK98,232
894,2011,6,P.LK98,3280832
894,2011,6,C.1K,56
894,2011,6,D.1K,786150
894,2011,6,C.NLP3,176
894,2011,6,P.NLP3,2494682
894,2011,6,C_1K,48
894,2011,6,C_LK98,204
894,2011,6,C_NLP3,156
894,2011,6,D_1K,664208
894,2011,6,P_LK98,2808538.66666667
894,2011,6,P_NLP3,2144330.66666667
894,2011,6,Input_#3_C_1K,51.3333333333333
894,2011,6,Input_#3_C_LK98,194.666666666667
894,2011,6,Input_#3_C_NLP3,143.333333333333
894,2011,6,Input_#3_D_1K,699757.666666667
894,2011,6,Input_#3_P_LK98,2668686.66666667
894,2011,6,Input_#3_P_NLP3,1968929
895,2011,7,RM Category,40 rm
895,2011,7,C.LK98,212
895,2011,7,P.LK98,3175234
895,2011,7,C.1K,54
895,2011,7,D.1K,757598
895,2011,7,C.NLP3,158
895,2011,7,P.NLP3,2417636
895,2011,7,C_1K,53.3333333333333
895,2011,7,C_LK98,222
895,2011,7,C_NLP3,168.666666666667
895,2011,7,D_1K,752816
895,2011,7,P_LK98,3162917.33333333
895,2011,7,P_NLP3,2410101.33333333
895,2011,7,Input_#3_C_1K,54
895,2011,7,Input_#3_C_LK98,199
895,2011,7,Input_#3_C_NLP3,145
895,2011,7,Input_#3_D_1K,746390.333333333
895,2011,7,Input_#3_P_LK98,2790810.66666667
895,2011,7,Input_#3_P_NLP3,2044420.33333333
896,2011,8,RM Category,40 rm
896,2011,8,C.LK98,236
896,2011,8,P.LK98,3366576
896,2011,8,C.1K,42
896,2011,8,D.1K,535396
896,2011,8,C.NLP3,194
896,2011,8,P.NLP3,2831180
896,2011,8,C_1K,50.6666666666667
896,2011,8,C_LK98,226.666666666667
896,2011,8,C_NLP3,176
896,2011,8,D_1K,693048
896,2011,8,P_LK98,3274214
896,2011,8,P_NLP3,2581166
896,2011,8,Input_#3_C_1K,51.3333333333333
896,2011,8,Input_#3_C_LK98,211.666666666667
896,2011,8,Input_#3_C_NLP3,160.333333333333
896,2011,8,Input_#3_D_1K,707734.333333333
896,2011,8,Input_#3_P_LK98,2982894.33333333
896,2011,8,Input_#3_P_NLP3,2275160
897,2011,9,RM Category,40 rm
897,2011,9,C.LK98,216
897,2011,9,P.LK98,2947672
897,2011,9,C.1K,64
897,2011,9,D.1K,891698
897,2011,9,C.NLP3,152
897,2011,9,P.NLP3,2055974
897,2011,9,C_1K,53.3333333333333
897,2011,9,C_LK98,221.333333333333
897,2011,9,C_NLP3,168
897,2011,9,D_1K,728230.666666667
897,2011,9,P_LK98,3163160.66666667
897,2011,9,P_NLP3,2434930
897,2011,9,Input_#3_C_1K,50.6666666666667
897,2011,9,Input_#3_C_LK98,212.666666666667
897,2011,9,Input_#3_C_NLP3,162
897,2011,9,Input_#3_D_1K,696219.333333333
897,2011,9,Input_#3_P_LK98,2985849.66666667
897,2011,9,Input_#3_P_NLP3,2289630.33333333
898,2011,10,RM Category,40 rm
898,2011,10,C.LK98,248
898,2011,10,P.LK98,3648716
898,2011,10,C.1K,76
898,2011,10,D.1K,1022824
898,2011,10,C.NLP3,172
898,2011,10,P.NLP3,2625892
898,2011,10,C_1K,60.6666666666667
898,2011,10,C_LK98,233.333333333333
898,2011,10,C_NLP3,172.666666666667
898,2011,10,D_1K,816639.333333333
898,2011,10,P_LK98,3320988
898,2011,10,P_NLP3,2504348.66666667
898,2011,10,Input_#3_C_1K,57
898,2011,10,Input_#3_C_LK98,227.666666666667
898,2011,10,Input_#3_C_NLP3,170.666666666667
898,2011,10,Input_#3_D_1K,784727.666666667
898,2011,10,Input_#3_P_LK98,3241952.66666667
898,2011,10,Input_#3_P_NLP3,2457225
899,2011,11,RM Category,40 rm
899,2011,11,C.LK98,226
899,2011,11,P.LK98,3208338
899,2011,11,C.1K,48
899,2011,11,D.1K,678538
899,2011,11,C.NLP3,178
899,2011,11,P.NLP3,2529800
899,2011,11,C_1K,62.6666666666667
899,2011,11,C_LK98,230
899,2011,11,C_NLP3,167.333333333333
899,2011,11,D_1K,864353.333333333
899,2011,11,P_LK98,3268242
899,2011,11,P_NLP3,2403888.66666667
899,2011,11,Input_#3_C_1K,56.6666666666667
899,2011,11,Input_#3_C_LK98,228.333333333333
899,2011,11,Input_#3_C_NLP3,171.666666666667
899,2011,11,Input_#3_D_1K,778700.666666667
899,2011,11,Input_#3_P_LK98,3271228
899,2011,11,Input_#3_P_NLP3,2492527.33333333
900,2011,12,RM Category,40 rm
900,2011,12,C.LK98,254
900,2011,12,P.LK98,3595800
900,2011,12,C.1K,60
900,2011,12,D.1K,820364
900,2011,12,C.NLP3,194
900,2011,12,P.NLP3,2775436
900,2011,12,C_1K,61.3333333333333
900,2011,12,C_LK98,242.666666666667
900,2011,12,C_NLP3,181.333333333333
900,2011,12,D_1K,840575.333333333
900,2011,12,P_LK98,3484284.66666667
900,2011,12,P_NLP3,2643709.33333333
900,2011,12,Input_#3_C_1K,57.3333333333333
900,2011,12,Input_#3_C_LK98,232
900,2011,12,Input_#3_C_NLP3,174.666666666667
900,2011,12,Input_#3_D_1K,784403
900,2011,12,Input_#3_P_LK98,3323722.66666667
900,2011,12,Input_#3_P_NLP3,2539319.66666667
901,2012,1,RM Category,40 rm
901,2012,1,C.LK98,252
901,2012,1,P.LK98,3802266
901,2012,1,C.1K,40
901,2012,1,D.1K,588458
901,2012,1,C.NLP3,212
901,2012,1,P.NLP3,3213808
901,2012,1,C_1K,49.3333333333333
901,2012,1,C_LK98,244
901,2012,1,C_NLP3,194.666666666667
901,2012,1,D_1K,695786.666666667
901,2012,1,P_LK98,3535468
901,2012,1,P_NLP3,2839681.33333333
901,2012,1,Input_#3_C_1K,55
901,2012,1,Input_#3_C_LK98,238.666666666667
901,2012,1,Input_#3_C_NLP3,183.666666666667
901,2012,1,Input_#3_D_1K,756213
901,2012,1,Input_#3_P_LK98,3428228
901,2012,1,Input_#3_P_NLP3,2672015
902,2012,2,RM Category,40 rm
902,2012,2,C.LK98,234
902,2012,2,P.LK98,3390712
902,2012,2,C.1K,30
902,2012,2,D.1K,398782
902,2012,2,C.NLP3,204
902,2012,2,P.NLP3,2991930
902,2012,2,C_1K,43.3333333333333
902,2012,2,C_LK98,246.666666666667
902,2012,2,C_NLP3,203.333333333333
902,2012,2,D_1K,602534.666666667
902,2012,2,P_LK98,3596259.33333333
902,2012,2,P_NLP3,2993724.66666667
902,2012,2,Input_#3_C_1K,53
902,2012,2,Input_#3_C_LK98,238.333333333333
902,2012,2,Input_#3_C_NLP3,185.333333333333
902,2012,2,Input_#3_D_1K,733444
902,2012,2,Input_#3_P_LK98,3432250.66666667
902,2012,2,Input_#3_P_NLP3,2698806.66666667
903,2012,3,RM Category,40 rm
903,2012,3,C.LK98,238
903,2012,3,P.LK98,3289168
903,2012,3,C.1K,64
903,2012,3,D.1K,836416
903,2012,3,C.NLP3,174
903,2012,3,P.NLP3,2452752
903,2012,3,C_1K,44.6666666666667
903,2012,3,C_LK98,241.333333333333
903,2012,3,C_NLP3,196.666666666667
903,2012,3,D_1K,607885.333333333
903,2012,3,P_LK98,3494048.66666667
903,2012,3,P_NLP3,2886163.33333333
903,2012,3,Input_#3_C_1K,53
903,2012,3,Input_#3_C_LK98,242
903,2012,3,Input_#3_C_NLP3,189
903,2012,3,Input_#3_D_1K,724230.333333333
903,2012,3,Input_#3_P_LK98,3489166.66666667
903,2012,3,Input_#3_P_NLP3,2764936.33333333
904,2012,4,RM Category,40 rm
904,2012,4,C.LK98,216
904,2012,4,P.LK98,2993454
904,2012,4,C.1K,50
904,2012,4,D.1K,674116
904,2012,4,C.NLP3,166
904,2012,4,P.NLP3,2319338
904,2012,4,C_1K,48
904,2012,4,C_LK98,229.333333333333
904,2012,4,C_NLP3,181.333333333333
904,2012,4,D_1K,636438
904,2012,4,P_LK98,3224444.66666667
904,2012,4,P_NLP3,2588006.66666667
904,2012,4,Input_#3_C_1K,48.6666666666667
904,2012,4,Input_#3_C_LK98,236.666666666667
904,2012,4,Input_#3_C_NLP3,188
904,2012,4,Input_#3_D_1K,666112.333333333
904,2012,4,Input_#3_P_LK98,3379956.33333333
904,2012,4,Input_#3_P_NLP3,2713844
905,2012,5,RM Category,40 rm
905,2012,5,C.LK98,214
905,2012,5,P.LK98,3115912
905,2012,5,C.1K,52
905,2012,5,D.1K,706830
905,2012,5,C.NLP3,162
905,2012,5,P.NLP3,2409082
905,2012,5,C_1K,55.3333333333333
905,2012,5,C_LK98,222.666666666667
905,2012,5,C_NLP3,167.333333333333
905,2012,5,D_1K,739120.666666667
905,2012,5,P_LK98,3132844.66666667
905,2012,5,P_NLP3,2393724
905,2012,5,Input_#3_C_1K,49.3333333333333
905,2012,5,Input_#3_C_LK98,234.666666666667
905,2012,5,Input_#3_C_NLP3,185.333333333333
905,2012,5,Input_#3_D_1K,670827.666666667
905,2012,5,Input_#3_P_LK98,3364552
905,2012,5,Input_#3_P_NLP3,2693724.33333333
906,2012,6,RM Category,40 rm
906,2012,6,C.LK98,234
906,2012,6,P.LK98,3225192
906,2012,6,C.1K,48
906,2012,6,D.1K,603486
906,2012,6,C.NLP3,186
906,2012,6,P.NLP3,2621706
906,2012,6,C_1K,50
906,2012,6,C_LK98,221.333333333333
906,2012,6,C_NLP3,171.333333333333
906,2012,6,D_1K,661477.333333333
906,2012,6,P_LK98,3111519.33333333
906,2012,6,P_NLP3,2450042
906,2012,6,Input_#3_C_1K,47.3333333333333
906,2012,6,Input_#3_C_LK98,231.333333333333
906,2012,6,Input_#3_C_NLP3,184
906,2012,6,Input_#3_D_1K,634681.333333333
906,2012,6,Input_#3_P_LK98,3302784
906,2012,6,Input_#3_P_NLP3,2668102.66666667
907,2012,7,RM Category,40 rm
907,2012,7,C.LK98,182
907,2012,7,P.LK98,2725016
907,2012,7,C.1K,56
907,2012,7,D.1K,783030
907,2012,7,C.NLP3,126
907,2012,7,P.NLP3,1941986
907,2012,7,C_1K,52
907,2012,7,C_LK98,210
907,2012,7,C_NLP3,158
907,2012,7,D_1K,697782
907,2012,7,P_LK98,3022040
907,2012,7,P_NLP3,2324258
907,2012,7,Input_#3_C_1K,50
907,2012,7,Input_#3_C_LK98,219.666666666667
907,2012,7,Input_#3_C_NLP3,169.666666666667
907,2012,7,Input_#3_D_1K,667110
907,2012,7,Input_#3_P_LK98,3123242.33333333
907,2012,7,Input_#3_P_NLP3,2456132.33333333
908,2012,8,RM Category,40 rm
908,2012,8,C.LK98,292
908,2012,8,P.LK98,4257640
908,2012,8,C.1K,66
908,2012,8,D.1K,906388
908,2012,8,C.NLP3,226
908,2012,8,P.NLP3,3351252
908,2012,8,C_1K,56.6666666666667
908,2012,8,C_LK98,236
908,2012,8,C_NLP3,179.333333333333
908,2012,8,D_1K,764301.333333333
908,2012,8,P_LK98,3402616
908,2012,8,P_NLP3,2638314.66666667
908,2012,8,Input_#3_C_1K,56
908,2012,8,Input_#3_C_LK98,229.333333333333
908,2012,8,Input_#3_C_NLP3,173.333333333333
908,2012,8,Input_#3_D_1K,751711
908,2012,8,Input_#3_P_LK98,3267730.33333333
908,2012,8,Input_#3_P_NLP3,2516019.33333333
909,2012,9,RM Category,40 rm
909,2012,9,C.LK98,230
909,2012,9,P.LK98,3552658
909,2012,9,C.1K,54
909,2012,9,D.1K,796678
909,2012,9,C.NLP3,176
909,2012,9,P.NLP3,2755980
909,2012,9,C_1K,58.6666666666667
909,2012,9,C_LK98,234.666666666667
909,2012,9,C_NLP3,176
909,2012,9,D_1K,828698.666666667
909,2012,9,P_LK98,3511771.33333333
909,2012,9,P_NLP3,2683072.66666667
909,2012,9,Input_#3_C_1K,54.3333333333333
909,2012,9,Input_#3_C_LK98,228
909,2012,9,Input_#3_C_NLP3,173.666666666667
909,2012,9,Input_#3_D_1K,745088
909,2012,9,Input_#3_P_LK98,3311645.33333333
909,2012,9,Input_#3_P_NLP3,2566557.33333333
910,2012,10,RM Category,40 rm
910,2012,10,C.LK98,222
910,2012,10,P.LK98,3292832
910,2012,10,C.1K,48
910,2012,10,D.1K,666790
910,2012,10,C.NLP3,174
910,2012,10,P.NLP3,2626042
910,2012,10,C_1K,56
910,2012,10,C_LK98,248
910,2012,10,C_NLP3,192
910,2012,10,D_1K,789952
910,2012,10,P_LK98,3701043.33333333
910,2012,10,P_NLP3,2911091.33333333
910,2012,10,Input_#3_C_1K,54
910,2012,10,Input_#3_C_LK98,229
910,2012,10,Input_#3_C_NLP3,175
910,2012,10,Input_#3_D_1K,743867
910,2012,10,Input_#3_P_LK98,3361541.66666667
910,2012,10,Input_#3_P_NLP3,2617674.66666667
911,2012,11,RM Category,40 rm
911,2012,11,C.LK98,210
911,2012,11,P.LK98,3015286
911,2012,11,C.1K,50
911,2012,11,D.1K,715978
911,2012,11,C.NLP3,160
911,2012,11,P.NLP3,2299308
911,2012,11,C_1K,50.6666666666667
911,2012,11,C_LK98,220.666666666667
911,2012,11,C_NLP3,170
911,2012,11,D_1K,726482
911,2012,11,P_LK98,3286925.33333333
911,2012,11,P_NLP3,2560443.33333333
911,2012,11,Input_#3_C_1K,53.6666666666667
911,2012,11,Input_#3_C_LK98,228.333333333333
911,2012,11,Input_#3_C_NLP3,174.666666666667
911,2012,11,Input_#3_D_1K,745391.666666667
911,2012,11,Input_#3_P_LK98,3344770.66666667
911,2012,11,Input_#3_P_NLP3,2599379
912,2012,12,RM Category,40 rm
912,2012,12,C.LK98,246
912,2012,12,P.LK98,3839174
912,2012,12,C.1K,74
912,2012,12,D.1K,1046678
912,2012,12,C.NLP3,172
912,2012,12,P.NLP3,2792496
912,2012,12,C_1K,57.3333333333333
912,2012,12,C_LK98,226
912,2012,12,C_NLP3,168.666666666667
912,2012,12,D_1K,809815.333333333
912,2012,12,P_LK98,3382430.66666667
912,2012,12,P_NLP3,2572615.33333333
912,2012,12,Input_#3_C_1K,58
912,2012,12,Input_#3_C_LK98,230.333333333333
912,2012,12,Input_#3_C_NLP3,172.333333333333
912,2012,12,Input_#3_D_1K,819257
912,2012,12,Input_#3_P_LK98,3447101
912,2012,12,Input_#3_P_NLP3,2627844
913,2013,1,RM Category,40 rm
913,2013,1,C.LK98,192
913,2013,1,P.LK98,3058688
913,2013,1,C.1K,30
913,2013,1,D.1K,431040
913,2013,1,C.NLP3,162
913,2013,1,P.NLP3,2627648
913,2013,1,C_1K,51.3333333333333
913,2013,1,C_LK98,216
913,2013,1,C_NLP3,164.666666666667
913,2013,1,D_1K,731232
913,2013,1,P_LK98,3304382.66666667
913,2013,1,P_NLP3,2573150.66666667
913,2013,1,Input_#3_C_1K,53.6666666666667
913,2013,1,Input_#3_C_LK98,232
913,2013,1,Input_#3_C_NLP3,178.333333333333
913,2013,1,Input_#3_D_1K,760592
913,2013,1,Input_#3_P_LK98,3502713
913,2013,1,Input_#3_P_NLP3,2742121
914,2013,2,RM Category,40 rm
914,2013,2,C.LK98,202
914,2013,2,P.LK98,3034472
914,2013,2,C.1K,66
914,2013,2,D.1K,982740
914,2013,2,C.NLP3,136
914,2013,2,P.NLP3,2051732
914,2013,2,C_1K,56.6666666666667
914,2013,2,C_LK98,213.333333333333
914,2013,2,C_NLP3,156.666666666667
914,2013,2,D_1K,820152.666666667
914,2013,2,P_LK98,3310778
914,2013,2,P_NLP3,2490625.33333333
914,2013,2,Input_#3_C_1K,53.6666666666667
914,2013,2,Input_#3_C_LK98,217
914,2013,2,Input_#3_C_NLP3,163.333333333333
914,2013,2,Input_#3_D_1K,773317.333333333
914,2013,2,Input_#3_P_LK98,3298851.66666667
914,2013,2,Input_#3_P_NLP3,2525534.33333333
915,2013,3,RM Category,40 rm
915,2013,3,C.LK98,224
915,2013,3,P.LK98,3306558
915,2013,3,C.1K,46
915,2013,3,D.1K,613778
915,2013,3,C.NLP3,178
915,2013,3,P.NLP3,2692780
915,2013,3,C_1K,47.3333333333333
915,2013,3,C_LK98,206
915,2013,3,C_NLP3,158.666666666667
915,2013,3,D_1K,675852.666666667
915,2013,3,P_LK98,3133239.33333333
915,2013,3,P_NLP3,2457386.66666667
915,2013,3,Input_#3_C_1K,52.3333333333333
915,2013,3,Input_#3_C_LK98,216
915,2013,3,Input_#3_C_NLP3,163.666666666667
915,2013,3,Input_#3_D_1K,742834
915,2013,3,Input_#3_P_LK98,3257835
915,2013,3,Input_#3_P_NLP3,2515001
916,2013,4,RM Category,40 rm
916,2013,4,C.LK98,222
916,2013,4,P.LK98,3341770
916,2013,4,C.1K,46
916,2013,4,D.1K,701688
916,2013,4,C.NLP3,176
916,2013,4,P.NLP3,2640082
916,2013,4,C_1K,52.6666666666667
916,2013,4,C_LK98,216
916,2013,4,C_NLP3,163.333333333333
916,2013,4,D_1K,766068.666666667
916,2013,4,P_LK98,3227600
916,2013,4,P_NLP3,2461531.33333333
916,2013,4,Input_#3_C_1K,52
916,2013,4,Input_#3_C_LK98,216
916,2013,4,Input_#3_C_NLP3,164
916,2013,4,Input_#3_D_1K,748650.333333333
916,2013,4,Input_#3_P_LK98,3265991.33333333
916,2013,4,Input_#3_P_NLP3,2517341
917,2013,5,RM Category,40 rm
917,2013,5,C.LK98,230
917,2013,5,P.LK98,3358500
917,2013,5,C.1K,42
917,2013,5,D.1K,599264
917,2013,5,C.NLP3,188
917,2013,5,P.NLP3,2759236
917,2013,5,C_1K,44.6666666666667
917,2013,5,C_LK98,225.333333333333
917,2013,5,C_NLP3,180.666666666667
917,2013,5,D_1K,638243.333333333
917,2013,5,P_LK98,3335609.33333333
917,2013,5,P_NLP3,2697366
917,2013,5,Input_#3_C_1K,50.6666666666667
917,2013,5,Input_#3_C_LK98,219.333333333333
917,2013,5,Input_#3_C_NLP3,168.666666666667
917,2013,5,Input_#3_D_1K,729198
917,2013,5,Input_#3_P_LK98,3323193.66666667
917,2013,5,Input_#3_P_NLP3,2593995.66666667
918,2013,6,RM Category,40 rm
918,2013,6,C.LK98,200
918,2013,6,P.LK98,2844776
918,2013,6,C.1K,52
918,2013,6,D.1K,737902
918,2013,6,C.NLP3,148
918,2013,6,P.NLP3,2106874
918,2013,6,C_1K,46.6666666666667
918,2013,6,C_LK98,217.333333333333
918,2013,6,C_NLP3,170.666666666667
918,2013,6,D_1K,679618
918,2013,6,P_LK98,3181682
918,2013,6,P_NLP3,2502064
918,2013,6,Input_#3_C_1K,47
918,2013,6,Input_#3_C_LK98,211.666666666667
918,2013,6,Input_#3_C_NLP3,164.666666666667
918,2013,6,Input_#3_D_1K,677735.333333333
918,2013,6,Input_#3_P_LK98,3157460.66666667
918,2013,6,Input_#3_P_NLP3,2479725.33333333
919,2013,7,RM Category,40 rm
919,2013,7,C.LK98,186
919,2013,7,P.LK98,2649342
919,2013,7,C.1K,38
919,2013,7,D.1K,522856
919,2013,7,C.NLP3,148
919,2013,7,P.NLP3,2126486
919,2013,7,C_1K,44
919,2013,7,C_LK98,205.333333333333
919,2013,7,C_NLP3,161.333333333333
919,2013,7,D_1K,620007.333333333
919,2013,7,P_LK98,2950872.66666667
919,2013,7,P_NLP3,2330865.33333333
919,2013,7,Input_#3_C_1K,48.3333333333333
919,2013,7,Input_#3_C_LK98,210.666666666667
919,2013,7,Input_#3_C_NLP3,162.333333333333
919,2013,7,Input_#3_D_1K,693038
919,2013,7,Input_#3_P_LK98,3089236.33333333
919,2013,7,Input_#3_P_NLP3,2396198.33333333
920,2013,8,RM Category,40 rm
920,2013,8,C.LK98,266
920,2013,8,P.LK98,4004148
920,2013,8,C.1K,52
920,2013,8,D.1K,727772
920,2013,8,C.NLP3,214
920,2013,8,P.NLP3,3276376
920,2013,8,C_1K,47.3333333333333
920,2013,8,C_LK98,217.333333333333
920,2013,8,C_NLP3,170
920,2013,8,D_1K,662843.333333333
920,2013,8,P_LK98,3166088.66666667
920,2013,8,P_NLP3,2503245.33333333
920,2013,8,Input_#3_C_1K,46
920,2013,8,Input_#3_C_LK98,221.333333333333
920,2013,8,Input_#3_C_NLP3,175.333333333333
920,2013,8,Input_#3_D_1K,650543.333333333
920,2013,8,Input_#3_P_LK98,3250849
920,2013,8,Input_#3_P_NLP3,2600305.66666667
921,2013,9,RM Category,40 rm
921,2013,9,C.LK98,238
921,2013,9,P.LK98,3421700
921,2013,9,C.1K,50
921,2013,9,D.1K,617282
921,2013,9,C.NLP3,188
921,2013,9,P.NLP3,2804418
921,2013,9,C_1K,46.6666666666667
921,2013,9,C_LK98,230
921,2013,9,C_NLP3,183.333333333333
921,2013,9,D_1K,622636.666666667
921,2013,9,P_LK98,3358396.66666667
921,2013,9,P_NLP3,2735760
921,2013,9,Input_#3_C_1K,46.6666666666667
921,2013,9,Input_#3_C_LK98,223.666666666667
921,2013,9,Input_#3_C_NLP3,177
921,2013,9,Input_#3_D_1K,651127.333333333
921,2013,9,Input_#3_P_LK98,3270039.33333333
921,2013,9,Input_#3_P_NLP3,2618912
922,2013,10,RM Category,40 rm
922,2013,10,C.LK98,224
922,2013,10,P.LK98,3364024
922,2013,10,C.1K,54
922,2013,10,D.1K,783376
922,2013,10,C.NLP3,170
922,2013,10,P.NLP3,2580648
922,2013,10,C_1K,52
922,2013,10,C_LK98,242.666666666667
922,2013,10,C_NLP3,190.666666666667
922,2013,10,D_1K,709476.666666667
922,2013,10,P_LK98,3596624
922,2013,10,P_NLP3,2887147.33333333
922,2013,10,Input_#3_C_1K,48
922,2013,10,Input_#3_C_LK98,224
922,2013,10,Input_#3_C_NLP3,176
922,2013,10,Input_#3_D_1K,664742
922,2013,10,Input_#3_P_LK98,3273748.33333333
922,2013,10,Input_#3_P_NLP3,2609006.33333333
923,2013,11,RM Category,40 rm
923,2013,11,C.LK98,200
923,2013,11,P.LK98,3082064
923,2013,11,C.1K,40
923,2013,11,D.1K,549410
923,2013,11,C.NLP3,160
923,2013,11,P.NLP3,2532654
923,2013,11,C_1K,48
923,2013,11,C_LK98,220.666666666667
923,2013,11,C_NLP3,172.666666666667
923,2013,11,D_1K,650022.666666667
923,2013,11,P_LK98,3289262.66666667
923,2013,11,P_NLP3,2639240
923,2013,11,Input_#3_C_1K,47.6666666666667
923,2013,11,Input_#3_C_LK98,219
923,2013,11,Input_#3_C_NLP3,171.333333333333
923,2013,11,Input_#3_D_1K,656433
923,2013,11,Input_#3_P_LK98,3227675.66666667
923,2013,11,Input_#3_P_NLP3,2571242.66666667
924,2013,12,RM Category,40 rm
924,2013,12,C.LK98,310
924,2013,12,P.LK98,4605226
924,2013,12,C.1K,76
924,2013,12,D.1K,1155866
924,2013,12,C.NLP3,234
924,2013,12,P.NLP3,3449360
924,2013,12,C_1K,56.6666666666667
924,2013,12,C_LK98,244.666666666667
924,2013,12,C_NLP3,188
924,2013,12,D_1K,829550.666666667
924,2013,12,P_LK98,3683771.33333333
924,2013,12,P_NLP3,2854220.66666667
924,2013,12,Input_#3_C_1K,51.6666666666667
924,2013,12,Input_#3_C_LK98,237.333333333333
924,2013,12,Input_#3_C_NLP3,185.666666666667
924,2013,12,Input_#3_D_1K,726093.666666667
924,2013,12,Input_#3_P_LK98,3521084
924,2013,12,Input_#3_P_NLP3,2794990.33333333
925,2014,1,RM Category,40 rm
925,2014,1,C.LK98,162
925,2014,1,P.LK98,2395812
925,2014,1,C.1K,30
925,2014,1,D.1K,433004
925,2014,1,C.NLP3,132
925,2014,1,P.NLP3,1962808
925,2014,1,C_1K,48.6666666666667
925,2014,1,C_LK98,224
925,2014,1,C_NLP3,175.333333333333
925,2014,1,D_1K,712760
925,2014,1,P_LK98,3361034
925,2014,1,P_NLP3,2648274
925,2014,1,Input_#3_C_1K,50.3333333333333
925,2014,1,Input_#3_C_LK98,233.333333333333
925,2014,1,Input_#3_C_NLP3,183
925,2014,1,Input_#3_D_1K,711118.333333333
925,2014,1,Input_#3_P_LK98,3478829
925,2014,1,Input_#3_P_NLP3,2767710.66666667
926,2014,2,RM Category,40 rm
926,2014,2,C.LK98,284
926,2014,2,P.LK98,4202494
926,2014,2,C.1K,100
926,2014,2,D.1K,1436290
926,2014,2,C.NLP3,184
926,2014,2,P.NLP3,2766204
926,2014,2,C_1K,68.6666666666667
926,2014,2,C_LK98,252
926,2014,2,C_NLP3,183.333333333333
926,2014,2,D_1K,1008386.66666667
926,2014,2,P_LK98,3734510.66666667
926,2014,2,P_NLP3,2726124
926,2014,2,Input_#3_C_1K,58.3333333333333
926,2014,2,Input_#3_C_LK98,236.333333333333
926,2014,2,Input_#3_C_NLP3,178
926,2014,2,Input_#3_D_1K,829204.666666667
926,2014,2,Input_#3_P_LK98,3511886.66666667
926,2014,2,Input_#3_P_NLP3,2682682
927,2014,3,RM Category,40 rm
927,2014,3,C.LK98,278
927,2014,3,P.LK98,4084912
927,2014,3,C.1K,56
927,2014,3,D.1K,845186
927,2014,3,C.NLP3,222
927,2014,3,P.NLP3,3239726
927,2014,3,C_1K,62
927,2014,3,C_LK98,241.333333333333
927,2014,3,C_NLP3,179.333333333333
927,2014,3,D_1K,904826.666666667
927,2014,3,P_LK98,3561072.66666667
927,2014,3,P_NLP3,2656246
927,2014,3,Input_#3_C_1K,59.3333333333333
927,2014,3,Input_#3_C_LK98,243
927,2014,3,Input_#3_C_NLP3,183.666666666667
927,2014,3,Input_#3_D_1K,867188.666666667
927,2014,3,Input_#3_P_LK98,3622422
927,2014,3,Input_#3_P_NLP3,2755233.33333333
928,2014,4,RM Category,40 rm
928,2014,4,C.LK98,300
928,2014,4,P.LK98,4565452
928,2014,4,C.1K,74
928,2014,4,D.1K,1088548
928,2014,4,C.NLP3,226
928,2014,4,P.NLP3,3476904
928,2014,4,C_1K,76.6666666666667
928,2014,4,C_LK98,287.333333333333
928,2014,4,C_NLP3,210.666666666667
928,2014,4,D_1K,1123341.33333333
928,2014,4,P_LK98,4284286
928,2014,4,P_NLP3,3160944.66666667
928,2014,4,Input_#3_C_1K,62.6666666666667
928,2014,4,Input_#3_C_LK98,255.666666666667
928,2014,4,Input_#3_C_NLP3,193
928,2014,4,Input_#3_D_1K,918050.666666667
928,2014,4,Input_#3_P_LK98,3822660
928,2014,4,Input_#3_P_NLP3,2904609.33333333
929,2014,5,RM Category,40 rm
929,2014,5,C.LK98,264
929,2014,5,P.LK98,4015042
929,2014,5,C.1K,78
929,2014,5,D.1K,1098561.6
929,2014,5,C.NLP3,186
929,2014,5,P.NLP3,2916480.4
929,2014,5,C_1K,69.3333333333333
929,2014,5,C_LK98,280.666666666667
929,2014,5,C_NLP3,211.333333333333
929,2014,5,D_1K,1010765.2
929,2014,5,P_LK98,4221802
929,2014,5,P_NLP3,3211036.8
929,2014,5,Input_#3_C_1K,69
929,2014,5,Input_#3_C_LK98,266.333333333333
929,2014,5,Input_#3_C_NLP3,197.333333333333
929,2014,5,Input_#3_D_1K,1009575.93333333
929,2014,5,Input_#3_P_LK98,3978156.33333333
929,2014,5,Input_#3_P_NLP3,2968580.4
930,2014,6,RM Category,40 rm
930,2014,6,C.LK98,298
930,2014,6,P.LK98,4390556
930,2014,6,C.1K,54
930,2014,6,D.1K,819884.52
930,2014,6,C.NLP3,244
930,2014,6,P.NLP3,3570671.48
930,2014,6,C_1K,68.6666666666667
930,2014,6,C_LK98,287.333333333333
930,2014,6,C_NLP3,218.666666666667
930,2014,6,D_1K,1002331.37333333
930,2014,6,P_LK98,4323683.33333333
930,2014,6,P_NLP3,3321351.96
930,2014,6,Input_#3_C_1K,65.3333333333333
930,2014,6,Input_#3_C_LK98,264.333333333333
930,2014,6,Input_#3_C_NLP3,199
930,2014,6,Input_#3_D_1K,953579.02
930,2014,6,Input_#3_P_LK98,3942378
930,2014,6,Input_#3_P_NLP3,2988798.98
931,2014,7,RM Category,40 rm
931,2014,7,C.LK98,
931,2014,7,P.LK98,
931,2014,7,C.1K,
931,2014,7,D.1K,
931,2014,7,C.NLP3,
931,2014,7,P.NLP3,
931,2014,7,C_1K,44
931,2014,7,C_LK98,187.333333333333
931,2014,7,C_NLP3,143.333333333333
931,2014,7,D_1K,639482.04
931,2014,7,P_LK98,2801866
931,2014,7,P_NLP3,2162383.96
931,2014,7,Input_#3_C_1K,60.3333333333333
931,2014,7,Input_#3_C_LK98,237.333333333333
931,2014,7,Input_#3_C_NLP3,177
931,2014,7,Input_#3_D_1K,881411.686666667
931,2014,7,Input_#3_P_LK98,3543076
931,2014,7,Input_#3_P_NLP3,2661664.31333333
932,2014,8,RM Category,40 rm
932,2014,8,C.LK98,
932,2014,8,P.LK98,
932,2014,8,C.1K,
932,2014,8,D.1K,
932,2014,8,C.NLP3,
932,2014,8,P.NLP3,
932,2014,8,C_1K,18
932,2014,8,C_LK98,99.3333333333333
932,2014,8,C_NLP3,81.3333333333333
932,2014,8,D_1K,273294.84
932,2014,8,P_LK98,1463518.66666667
932,2014,8,P_NLP3,1190223.82666667
932,2014,8,Input_#3_C_1K,43.6666666666667
932,2014,8,Input_#3_C_LK98,190
932,2014,8,Input_#3_C_NLP3,146.333333333333
932,2014,8,Input_#3_D_1K,642030.02
932,2014,8,Input_#3_P_LK98,2842660.33333333
932,2014,8,Input_#3_P_NLP3,2200630.31333333
933,2014,9,RM Category,40 rm
933,2014,9,C.LK98,
933,2014,9,P.LK98,
933,2014,9,C.1K,
933,2014,9,D.1K,
933,2014,9,C.NLP3,
933,2014,9,P.NLP3,
933,2014,9,C_1K,0
933,2014,9,C_LK98,0
933,2014,9,C_NLP3,0
933,2014,9,D_1K,0
933,2014,9,P_LK98,0
933,2014,9,P_NLP3,0
933,2014,9,Input_#3_C_1K,34.3333333333333
933,2014,9,Input_#3_C_LK98,143.666666666667
933,2014,9,Input_#3_C_NLP3,109.333333333333
933,2014,9,Input_#3_D_1K,501165.686666667
933,2014,9,Input_#3_P_LK98,2161841.66666667
933,2014,9,Input_#3_P_NLP3,1660675.98
934,2014,10,RM Category,40 rm
934,2014,10,C.LK98,
934,2014,10,P.LK98,
934,2014,10,C.1K,
934,2014,10,D.1K,
934,2014,10,C.NLP3,
934,2014,10,P.NLP3,
934,2014,10,C_1K,0
934,2014,10,C_LK98,0
934,2014,10,C_NLP3,0
934,2014,10,D_1K,0
934,2014,10,P_LK98,0
934,2014,10,P_NLP3,0
934,2014,10,Input_#3_C_1K,22
934,2014,10,Input_#3_C_LK98,93.6666666666667
934,2014,10,Input_#3_C_NLP3,71.6666666666667
934,2014,10,Input_#3_D_1K,319741.02
934,2014,10,Input_#3_P_LK98,1400933
934,2014,10,Input_#3_P_NLP3,1081191.98
935,2014,11,RM Category,40 rm
935,2014,11,C.LK98,
935,2014,11,P.LK98,
935,2014,11,C.1K,
935,2014,11,D.1K,
935,2014,11,C.NLP3,
935,2014,11,P.NLP3,
935,2014,11,C_1K,0
935,2014,11,C_LK98,0
935,2014,11,C_NLP3,0
935,2014,11,D_1K,0
935,2014,11,P_LK98,0
935,2014,11,P_NLP3,0
935,2014,11,Input_#3_C_1K,9
935,2014,11,Input_#3_C_LK98,49.6666666666667
935,2014,11,Input_#3_C_NLP3,40.6666666666667
935,2014,11,Input_#3_D_1K,136647.42
935,2014,11,Input_#3_P_LK98,731759.333333333
935,2014,11,Input_#3_P_NLP3,595111.913333333
936,2014,12,RM Category,40 rm
936,2014,12,C.LK98,
936,2014,12,P.LK98,
936,2014,12,C.1K,
936,2014,12,D.1K,
936,2014,12,C.NLP3,
936,2014,12,P.NLP3,
936,2014,12,C_1K,0
936,2014,12,C_LK98,0
936,2014,12,C_NLP3,0
936,2014,12,D_1K,0
936,2014,12,P_LK98,0
936,2014,12,P_NLP3,0
936,2014,12,Input_#3_C_1K,0
936,2014,12,Input_#3_C_LK98,0
936,2014,12,Input_#3_C_NLP3,0
936,2014,12,Input_#3_D_1K,0
936,2014,12,Input_#3_P_LK98,0
936,2014,12,Input_#3_P_NLP3,0
937,2009,1,RM Category,400 & larger
937,2009,1,C.LK98,20
937,2009,1,P.LK98,2267380
937,2009,1,C.1K,6
937,2009,1,D.1K,596096
937,2009,1,C.NLP3,14
937,2009,1,P.NLP3,1671284
937,2009,1,C_1K,6
937,2009,1,C_LK98,20
937,2009,1,C_NLP3,14
937,2009,1,D_1K,596096
937,2009,1,P_LK98,2267380
937,2009,1,P_NLP3,1671284
937,2009,1,Input_#3_C_1K,1
937,2009,1,Input_#3_C_LK98,3.33333333333333
937,2009,1,Input_#3_C_NLP3,2.33333333333333
937,2009,1,Input_#3_D_1K,99349.3333333333
937,2009,1,Input_#3_P_LK98,377896.666666667
937,2009,1,Input_#3_P_NLP3,278547.333333333
938,2009,2,RM Category,400 & larger
938,2009,2,C.LK98,18
938,2009,2,P.LK98,2257158
938,2009,2,C.1K,2
938,2009,2,D.1K,194200
938,2009,2,C.NLP3,16
938,2009,2,P.NLP3,2062958
938,2009,2,C_1K,4.66666666666667
938,2009,2,C_LK98,19.3333333333333
938,2009,2,C_NLP3,14.6666666666667
938,2009,2,D_1K,462130.666666667
938,2009,2,P_LK98,2263972.66666667
938,2009,2,P_NLP3,1801842
938,2009,2,Input_#3_C_1K,1.33333333333333
938,2009,2,Input_#3_C_LK98,6.33333333333333
938,2009,2,Input_#3_C_NLP3,5
938,2009,2,Input_#3_D_1K,131716
938,2009,2,Input_#3_P_LK98,754089.666666667
938,2009,2,Input_#3_P_NLP3,622373.666666667
939,2009,3,RM Category,400 & larger
939,2009,3,C.LK98,20
939,2009,3,P.LK98,2422034
939,2009,3,C.1K,24
939,2009,3,D.1K,2805900
939,2009,3,C.NLP3,-4
939,2009,3,P.NLP3,-383866
939,2009,3,C_1K,10.6666666666667
939,2009,3,C_LK98,19.3333333333333
939,2009,3,C_NLP3,8.66666666666667
939,2009,3,D_1K,1198732
939,2009,3,P_LK98,2315524
939,2009,3,P_NLP3,1116792
939,2009,3,Input_#3_C_1K,5.33333333333333
939,2009,3,Input_#3_C_LK98,9.66666666666667
939,2009,3,Input_#3_C_NLP3,4.33333333333333
939,2009,3,Input_#3_D_1K,599366
939,2009,3,Input_#3_P_LK98,1157762
939,2009,3,Input_#3_P_NLP3,558396
940,2009,4,RM Category,400 & larger
940,2009,4,C.LK98,18
940,2009,4,P.LK98,2267380
940,2009,4,C.1K,0
940,2009,4,D.1K,0
940,2009,4,C.NLP3,18
940,2009,4,P.NLP3,2267380
940,2009,4,C_1K,8.66666666666667
940,2009,4,C_LK98,18.6666666666667
940,2009,4,C_NLP3,10
940,2009,4,D_1K,1000033.33333333
940,2009,4,P_LK98,2315524
940,2009,4,P_NLP3,1315490.66666667
940,2009,4,Input_#3_C_1K,5.33333333333333
940,2009,4,Input_#3_C_LK98,12.6666666666667
940,2009,4,Input_#3_C_NLP3,7.33333333333333
940,2009,4,Input_#3_D_1K,599366
940,2009,4,Input_#3_P_LK98,1535658.66666667
940,2009,4,Input_#3_P_NLP3,936292.666666667
941,2009,5,RM Category,400 & larger
941,2009,5,C.LK98,26
941,2009,5,P.LK98,3469528
941,2009,5,C.1K,4
941,2009,5,D.1K,432936
941,2009,5,C.NLP3,22
941,2009,5,P.NLP3,3036592
941,2009,5,C_1K,9.33333333333333
941,2009,5,C_LK98,21.3333333333333
941,2009,5,C_NLP3,12
941,2009,5,D_1K,1079612
941,2009,5,P_LK98,2719647.33333333
941,2009,5,P_NLP3,1640035.33333333
941,2009,5,Input_#3_C_1K,6
941,2009,5,Input_#3_C_LK98,17
941,2009,5,Input_#3_C_NLP3,11
941,2009,5,Input_#3_D_1K,671522
941,2009,5,Input_#3_P_LK98,2113913.33333333
941,2009,5,Input_#3_P_NLP3,1442391.33333333
942,2009,6,RM Category,400 & larger
942,2009,6,C.LK98,26
942,2009,6,P.LK98,3445436
942,2009,6,C.1K,6
942,2009,6,D.1K,607290
942,2009,6,C.NLP3,20
942,2009,6,P.NLP3,2838146
942,2009,6,C_1K,3.33333333333333
942,2009,6,C_LK98,23.3333333333333
942,2009,6,C_NLP3,20
942,2009,6,D_1K,346742
942,2009,6,P_LK98,3060781.33333333
942,2009,6,P_NLP3,2714039.33333333
942,2009,6,Input_#3_C_1K,7
942,2009,6,Input_#3_C_LK98,21.3333333333333
942,2009,6,Input_#3_C_NLP3,14.3333333333333
942,2009,6,Input_#3_D_1K,772737
942,2009,6,Input_#3_P_LK98,2688152.66666667
942,2009,6,Input_#3_P_NLP3,1915415.66666667
943,2009,7,RM Category,400 & larger
943,2009,7,C.LK98,0
943,2009,7,P.LK98,0
943,2009,7,C.1K,0
943,2009,7,D.1K,0
943,2009,7,C.NLP3,0
943,2009,7,P.NLP3,0
943,2009,7,C_1K,3.33333333333333
943,2009,7,C_LK98,17.3333333333333
943,2009,7,C_NLP3,14
943,2009,7,D_1K,346742
943,2009,7,P_LK98,2304988
943,2009,7,P_NLP3,1958246
943,2009,7,Input_#3_C_1K,6
943,2009,7,Input_#3_C_LK98,18
943,2009,7,Input_#3_C_NLP3,12
943,2009,7,Input_#3_D_1K,673387.666666667
943,2009,7,Input_#3_P_LK98,2310256
943,2009,7,Input_#3_P_NLP3,1636868.33333333
944,2009,8,RM Category,400 & larger
944,2009,8,C.LK98,8
944,2009,8,P.LK98,825676
944,2009,8,C.1K,4
944,2009,8,D.1K,455202
944,2009,8,C.NLP3,4
944,2009,8,P.NLP3,370474
944,2009,8,C_1K,3.33333333333333
944,2009,8,C_LK98,11.3333333333333
944,2009,8,C_NLP3,8
944,2009,8,D_1K,354164
944,2009,8,P_LK98,1423704
944,2009,8,P_NLP3,1069540
944,2009,8,Input_#3_C_1K,6.33333333333333
944,2009,8,Input_#3_C_LK98,16.3333333333333
944,2009,8,Input_#3_C_NLP3,10
944,2009,8,Input_#3_D_1K,716888
944,2009,8,Input_#3_P_LK98,2071675.66666667
944,2009,8,Input_#3_P_NLP3,1354787.66666667
945,2009,9,RM Category,400 & larger
945,2009,9,C.LK98,12
945,2009,9,P.LK98,1440382
945,2009,9,C.1K,12
945,2009,9,D.1K,1440414
945,2009,9,C.NLP3,0
945,2009,9,P.NLP3,-32
945,2009,9,C_1K,5.33333333333333
945,2009,9,C_LK98,6.66666666666667
945,2009,9,C_NLP3,1.33333333333333
945,2009,9,D_1K,631872
945,2009,9,P_LK98,755352.666666667
945,2009,9,P_NLP3,123480.666666667
945,2009,9,Input_#3_C_1K,4.33333333333333
945,2009,9,Input_#3_C_LK98,15
945,2009,9,Input_#3_C_NLP3,10.6666666666667
945,2009,9,Input_#3_D_1K,489307
945,2009,9,Input_#3_P_LK98,1908067
945,2009,9,Input_#3_P_NLP3,1418760
946,2009,10,RM Category,400 & larger
946,2009,10,C.LK98,6
946,2009,10,P.LK98,751570
946,2009,10,C.1K,0
946,2009,10,D.1K,0
946,2009,10,C.NLP3,6
946,2009,10,P.NLP3,751570
946,2009,10,C_1K,5.33333333333333
946,2009,10,C_LK98,8.66666666666667
946,2009,10,C_NLP3,3.33333333333333
946,2009,10,D_1K,631872
946,2009,10,P_LK98,1005876
946,2009,10,P_NLP3,374004
946,2009,10,Input_#3_C_1K,4.33333333333333
946,2009,10,Input_#3_C_LK98,13
946,2009,10,Input_#3_C_NLP3,8.66666666666667
946,2009,10,Input_#3_D_1K,489307
946,2009,10,Input_#3_P_LK98,1655432
946,2009,10,Input_#3_P_NLP3,1166125
947,2009,11,RM Category,400 & larger
947,2009,11,C.LK98,8
947,2009,11,P.LK98,933622
947,2009,11,C.1K,4
947,2009,11,D.1K,340370
947,2009,11,C.NLP3,4
947,2009,11,P.NLP3,593252
947,2009,11,C_1K,5.33333333333333
947,2009,11,C_LK98,8.66666666666667
947,2009,11,C_NLP3,3.33333333333333
947,2009,11,D_1K,593594.666666667
947,2009,11,P_LK98,1041858
947,2009,11,P_NLP3,448263.333333333
947,2009,11,Input_#3_C_1K,4.33333333333333
947,2009,11,Input_#3_C_LK98,10
947,2009,11,Input_#3_C_NLP3,5.66666666666667
947,2009,11,Input_#3_D_1K,473879.333333333
947,2009,11,Input_#3_P_LK98,1232781
947,2009,11,Input_#3_P_NLP3,758901.666666667
948,2009,12,RM Category,400 & larger
948,2009,12,C.LK98,10
948,2009,12,P.LK98,1124720
948,2009,12,C.1K,6
948,2009,12,D.1K,687114
948,2009,12,C.NLP3,4
948,2009,12,P.NLP3,437606
948,2009,12,C_1K,3.33333333333333
948,2009,12,C_LK98,8
948,2009,12,C_NLP3,4.66666666666667
948,2009,12,D_1K,342494.666666667
948,2009,12,P_LK98,936637.333333333
948,2009,12,P_NLP3,594142.666666667
948,2009,12,Input_#3_C_1K,4.33333333333333
948,2009,12,Input_#3_C_LK98,7.33333333333333
948,2009,12,Input_#3_C_NLP3,3
948,2009,12,Input_#3_D_1K,487183.333333333
948,2009,12,Input_#3_P_LK98,845995
948,2009,12,Input_#3_P_NLP3,358811.666666667
949,2010,1,RM Category,400 & larger
949,2010,1,C.LK98,8
949,2010,1,P.LK98,1297206
949,2010,1,C.1K,0
949,2010,1,D.1K,0
949,2010,1,C.NLP3,8
949,2010,1,P.NLP3,1297206
949,2010,1,C_1K,3.33333333333333
949,2010,1,C_LK98,8.66666666666667
949,2010,1,C_NLP3,5.33333333333333
949,2010,1,D_1K,342494.666666667
949,2010,1,P_LK98,1118516
949,2010,1,P_NLP3,776021.333333333
949,2010,1,Input_#3_C_1K,4.33333333333333
949,2010,1,Input_#3_C_LK98,8.66666666666667
949,2010,1,Input_#3_C_NLP3,4.33333333333333
949,2010,1,Input_#3_D_1K,487183.333333333
949,2010,1,Input_#3_P_LK98,1062196
949,2010,1,Input_#3_P_NLP3,575012.666666667
950,2010,2,RM Category,400 & larger
950,2010,2,C.LK98,8
950,2010,2,P.LK98,1297206
950,2010,2,C.1K,4
950,2010,2,D.1K,354204
950,2010,2,C.NLP3,4
950,2010,2,P.NLP3,943002
950,2010,2,C_1K,3.33333333333333
950,2010,2,C_LK98,8.66666666666667
950,2010,2,C_NLP3,5.33333333333333
950,2010,2,D_1K,347106
950,2010,2,P_LK98,1239710.66666667
950,2010,2,P_NLP3,892604.666666667
950,2010,2,Input_#3_C_1K,4.33333333333333
950,2010,2,Input_#3_C_LK98,8.66666666666667
950,2010,2,Input_#3_C_NLP3,4.33333333333333
950,2010,2,Input_#3_D_1K,470350.333333333
950,2010,2,Input_#3_P_LK98,1140784.33333333
950,2010,2,Input_#3_P_NLP3,670434
951,2010,3,RM Category,400 & larger
951,2010,3,C.LK98,24
951,2010,3,P.LK98,1297206
951,2010,3,C.1K,6
951,2010,3,D.1K,646580
951,2010,3,C.NLP3,18
951,2010,3,P.NLP3,650626
951,2010,3,C_1K,3.33333333333333
951,2010,3,C_LK98,13.3333333333333
951,2010,3,C_NLP3,10
951,2010,3,D_1K,333594.666666667
951,2010,3,P_LK98,1297206
951,2010,3,P_NLP3,963611.333333333
951,2010,3,Input_#3_C_1K,3.33333333333333
951,2010,3,Input_#3_C_LK98,10.6666666666667
951,2010,3,Input_#3_C_NLP3,7.33333333333333
951,2010,3,Input_#3_D_1K,338044.666666667
951,2010,3,Input_#3_P_LK98,1116921.66666667
951,2010,3,Input_#3_P_NLP3,778877
952,2010,4,RM Category,400 & larger
952,2010,4,C.LK98,8
952,2010,4,P.LK98,1297206
952,2010,4,C.1K,0
952,2010,4,D.1K,0
952,2010,4,C.NLP3,8
952,2010,4,P.NLP3,1297206
952,2010,4,C_1K,3.33333333333333
952,2010,4,C_LK98,13.3333333333333
952,2010,4,C_NLP3,10
952,2010,4,D_1K,333594.666666667
952,2010,4,P_LK98,1297206
952,2010,4,P_NLP3,963611.333333333
952,2010,4,Input_#3_C_1K,3.33333333333333
952,2010,4,Input_#3_C_LK98,11
952,2010,4,Input_#3_C_NLP3,7.66666666666667
952,2010,4,Input_#3_D_1K,338044.666666667
952,2010,4,Input_#3_P_LK98,1207861
952,2010,4,Input_#3_P_NLP3,869816.333333333
953,2010,5,RM Category,400 & larger
953,2010,5,C.LK98,12
953,2010,5,P.LK98,832386
953,2010,5,C.1K,0
953,2010,5,D.1K,0
953,2010,5,C.NLP3,12
953,2010,5,P.NLP3,832386
953,2010,5,C_1K,2
953,2010,5,C_LK98,14.6666666666667
953,2010,5,C_NLP3,12.6666666666667
953,2010,5,D_1K,215526.666666667
953,2010,5,P_LK98,1142266
953,2010,5,P_NLP3,926739.333333333
953,2010,5,Input_#3_C_1K,2.66666666666667
953,2010,5,Input_#3_C_LK98,11.6666666666667
953,2010,5,Input_#3_C_NLP3,9
953,2010,5,Input_#3_D_1K,281316.333333333
953,2010,5,Input_#3_P_LK98,1190988.33333333
953,2010,5,Input_#3_P_NLP3,909672
954,2010,6,RM Category,400 & larger
954,2010,6,C.LK98,8
954,2010,6,P.LK98,832386
954,2010,6,C.1K,0
954,2010,6,D.1K,0
954,2010,6,C.NLP3,8
954,2010,6,P.NLP3,832386
954,2010,6,C_1K,0
954,2010,6,C_LK98,9.33333333333333
954,2010,6,C_NLP3,9.33333333333333
954,2010,6,D_1K,0
954,2010,6,P_LK98,987326
954,2010,6,P_NLP3,987326
954,2010,6,Input_#3_C_1K,1.66666666666667
954,2010,6,Input_#3_C_LK98,11.3333333333333
954,2010,6,Input_#3_C_NLP3,9.66666666666667
954,2010,6,Input_#3_D_1K,166797.333333333
954,2010,6,Input_#3_P_LK98,1142266
954,2010,6,Input_#3_P_NLP3,975468.666666667
955,2010,7,RM Category,400 & larger
955,2010,7,C.LK98,8
955,2010,7,P.LK98,832386
955,2010,7,C.1K,0
955,2010,7,D.1K,0
955,2010,7,C.NLP3,8
955,2010,7,P.NLP3,832386
955,2010,7,C_1K,0
955,2010,7,C_LK98,9.33333333333333
955,2010,7,C_NLP3,9.33333333333333
955,2010,7,D_1K,0
955,2010,7,P_LK98,832386
955,2010,7,P_NLP3,832386
955,2010,7,Input_#3_C_1K,1.66666666666667
955,2010,7,Input_#3_C_LK98,11.3333333333333
955,2010,7,Input_#3_C_NLP3,9.66666666666667
955,2010,7,Input_#3_D_1K,166797.333333333
955,2010,7,Input_#3_P_LK98,1064796
955,2010,7,Input_#3_P_NLP3,897998.666666667
956,2010,8,RM Category,400 & larger
956,2010,8,C.LK98,8
956,2010,8,P.LK98,832386
956,2010,8,C.1K,0
956,2010,8,D.1K,0
956,2010,8,C.NLP3,8
956,2010,8,P.NLP3,832386
956,2010,8,C_1K,0
956,2010,8,C_LK98,8
956,2010,8,C_NLP3,8
956,2010,8,D_1K,0
956,2010,8,P_LK98,832386
956,2010,8,P_NLP3,832386
956,2010,8,Input_#3_C_1K,1
956,2010,8,Input_#3_C_LK98,11.3333333333333
956,2010,8,Input_#3_C_NLP3,10.3333333333333
956,2010,8,Input_#3_D_1K,107763.333333333
956,2010,8,Input_#3_P_LK98,987326
956,2010,8,Input_#3_P_NLP3,879562.666666667
957,2010,9,RM Category,400 & larger
957,2010,9,C.LK98,8
957,2010,9,P.LK98,832386
957,2010,9,C.1K,2
957,2010,9,D.1K,241394
957,2010,9,C.NLP3,6
957,2010,9,P.NLP3,590992
957,2010,9,C_1K,0.666666666666667
957,2010,9,C_LK98,8
957,2010,9,C_NLP3,7.33333333333333
957,2010,9,D_1K,80464.6666666667
957,2010,9,P_LK98,832386
957,2010,9,P_NLP3,751921.333333333
957,2010,9,Input_#3_C_1K,0.333333333333333
957,2010,9,Input_#3_C_LK98,8.66666666666667
957,2010,9,Input_#3_C_NLP3,8.33333333333333
957,2010,9,Input_#3_D_1K,40232.3333333333
957,2010,9,Input_#3_P_LK98,909856
957,2010,9,Input_#3_P_NLP3,869623.666666667
958,2010,10,RM Category,400 & larger
958,2010,10,C.LK98,14
958,2010,10,P.LK98,1816354
958,2010,10,C.1K,4
958,2010,10,D.1K,415456
958,2010,10,C.NLP3,10
958,2010,10,P.NLP3,1400898
958,2010,10,C_1K,2
958,2010,10,C_LK98,10
958,2010,10,C_NLP3,8
958,2010,10,D_1K,218950
958,2010,10,P_LK98,1160375.33333333
958,2010,10,P_NLP3,941425.333333333
958,2010,10,Input_#3_C_1K,1
958,2010,10,Input_#3_C_LK98,9.66666666666667
958,2010,10,Input_#3_C_NLP3,8.66666666666667
958,2010,10,Input_#3_D_1K,109475
958,2010,10,Input_#3_P_LK98,996380.666666667
958,2010,10,Input_#3_P_NLP3,886905.666666667
959,2010,11,RM Category,400 & larger
959,2010,11,C.LK98,14
959,2010,11,P.LK98,1816354
959,2010,11,C.1K,2
959,2010,11,D.1K,208204
959,2010,11,C.NLP3,12
959,2010,11,P.NLP3,1608150
959,2010,11,C_1K,2.66666666666667
959,2010,11,C_LK98,12
959,2010,11,C_NLP3,9.33333333333333
959,2010,11,D_1K,288351.333333333
959,2010,11,P_LK98,1488364.66666667
959,2010,11,P_NLP3,1200013.33333333
959,2010,11,Input_#3_C_1K,1.33333333333333
959,2010,11,Input_#3_C_LK98,10
959,2010,11,Input_#3_C_NLP3,8.66666666666667
959,2010,11,Input_#3_D_1K,144175.666666667
959,2010,11,Input_#3_P_LK98,1160375.33333333
959,2010,11,Input_#3_P_NLP3,1016199.66666667
960,2010,12,RM Category,400 & larger
960,2010,12,C.LK98,14
960,2010,12,P.LK98,1816354
960,2010,12,C.1K,0
960,2010,12,D.1K,0
960,2010,12,C.NLP3,14
960,2010,12,P.NLP3,1816354
960,2010,12,C_1K,2
960,2010,12,C_LK98,14
960,2010,12,C_NLP3,12
960,2010,12,D_1K,207886.666666667
960,2010,12,P_LK98,1816354
960,2010,12,P_NLP3,1608467.33333333
960,2010,12,Input_#3_C_1K,1.33333333333333
960,2010,12,Input_#3_C_LK98,11
960,2010,12,Input_#3_C_NLP3,9.66666666666667
960,2010,12,Input_#3_D_1K,144175.666666667
960,2010,12,Input_#3_P_LK98,1324370
960,2010,12,Input_#3_P_NLP3,1180194.33333333
961,2011,1,RM Category,400 & larger
961,2011,1,C.LK98,10
961,2011,1,P.LK98,1158120
961,2011,1,C.1K,2
961,2011,1,D.1K,246024
961,2011,1,C.NLP3,8
961,2011,1,P.NLP3,912096
961,2011,1,C_1K,1.33333333333333
961,2011,1,C_LK98,12.6666666666667
961,2011,1,C_NLP3,11.3333333333333
961,2011,1,D_1K,151409.333333333
961,2011,1,P_LK98,1596942.66666667
961,2011,1,P_NLP3,1445533.33333333
961,2011,1,Input_#3_C_1K,1.66666666666667
961,2011,1,Input_#3_C_LK98,11.3333333333333
961,2011,1,Input_#3_C_NLP3,9.66666666666667
961,2011,1,Input_#3_D_1K,185179.666666667
961,2011,1,Input_#3_P_LK98,1378659
961,2011,1,Input_#3_P_NLP3,1193479.33333333
962,2011,2,RM Category,400 & larger
962,2011,2,C.LK98,10
962,2011,2,P.LK98,1158118
962,2011,2,C.1K,4
962,2011,2,D.1K,411144
962,2011,2,C.NLP3,6
962,2011,2,P.NLP3,746974
962,2011,2,C_1K,2
962,2011,2,C_LK98,11.3333333333333
962,2011,2,C_NLP3,9.33333333333333
962,2011,2,D_1K,219056
962,2011,2,P_LK98,1377530.66666667
962,2011,2,P_NLP3,1158474.66666667
962,2011,2,Input_#3_C_1K,2.33333333333333
962,2011,2,Input_#3_C_LK98,11.6666666666667
962,2011,2,Input_#3_C_NLP3,9.33333333333333
962,2011,2,Input_#3_D_1K,253703.666666667
962,2011,2,Input_#3_P_LK98,1432947.66666667
962,2011,2,Input_#3_P_NLP3,1179244
963,2011,3,RM Category,400 & larger
963,2011,3,C.LK98,10
963,2011,3,P.LK98,1158120
963,2011,3,C.1K,12
963,2011,3,D.1K,1278552
963,2011,3,C.NLP3,-2
963,2011,3,P.NLP3,-120432
963,2011,3,C_1K,6
963,2011,3,C_LK98,10
963,2011,3,C_NLP3,4
963,2011,3,D_1K,645240
963,2011,3,P_LK98,1158119.33333333
963,2011,3,P_NLP3,512879.333333333
963,2011,3,Input_#3_C_1K,4
963,2011,3,Input_#3_C_LK98,12
963,2011,3,Input_#3_C_NLP3,8
963,2011,3,Input_#3_D_1K,426563.333333333
963,2011,3,Input_#3_P_LK98,1487236.66666667
963,2011,3,Input_#3_P_NLP3,1060673.33333333
964,2011,4,RM Category,400 & larger
964,2011,4,C.LK98,12
964,2011,4,P.LK98,1420072
964,2011,4,C.1K,0
964,2011,4,D.1K,0
964,2011,4,C.NLP3,12
964,2011,4,P.NLP3,1420072
964,2011,4,C_1K,5.33333333333333
964,2011,4,C_LK98,10.6666666666667
964,2011,4,C_NLP3,5.33333333333333
964,2011,4,D_1K,563232
964,2011,4,P_LK98,1245436.66666667
964,2011,4,P_NLP3,682204.666666667
964,2011,4,Input_#3_C_1K,3.33333333333333
964,2011,4,Input_#3_C_LK98,11.6666666666667
964,2011,4,Input_#3_C_NLP3,8.33333333333333
964,2011,4,Input_#3_D_1K,357320.666666667
964,2011,4,Input_#3_P_LK98,1421189.66666667
964,2011,4,Input_#3_P_NLP3,1063869
965,2011,5,RM Category,400 & larger
965,2011,5,C.LK98,12
965,2011,5,P.LK98,1420072
965,2011,5,C.1K,0
965,2011,5,D.1K,0
965,2011,5,C.NLP3,12
965,2011,5,P.NLP3,1420072
965,2011,5,C_1K,4
965,2011,5,C_LK98,11.3333333333333
965,2011,5,C_NLP3,7.33333333333333
965,2011,5,D_1K,426184
965,2011,5,P_LK98,1332754.66666667
965,2011,5,P_NLP3,906570.666666667
965,2011,5,Input_#3_C_1K,3
965,2011,5,Input_#3_C_LK98,11.3333333333333
965,2011,5,Input_#3_C_NLP3,8.33333333333333
965,2011,5,Input_#3_D_1K,322620
965,2011,5,Input_#3_P_LK98,1355142.66666667
965,2011,5,Input_#3_P_NLP3,1032522.66666667
966,2011,6,RM Category,400 & larger
966,2011,6,C.LK98,12
966,2011,6,P.LK98,1420072
966,2011,6,C.1K,6
966,2011,6,D.1K,593952
966,2011,6,C.NLP3,6
966,2011,6,P.NLP3,826120
966,2011,6,C_1K,2
966,2011,6,C_LK98,12
966,2011,6,C_NLP3,10
966,2011,6,D_1K,197984
966,2011,6,P_LK98,1420072
966,2011,6,P_NLP3,1222088
966,2011,6,Input_#3_C_1K,4
966,2011,6,Input_#3_C_LK98,11
966,2011,6,Input_#3_C_NLP3,7
966,2011,6,Input_#3_D_1K,421612
966,2011,6,Input_#3_P_LK98,1289095.66666667
966,2011,6,Input_#3_P_NLP3,867483.666666667
967,2011,7,RM Category,400 & larger
967,2011,7,C.LK98,12
967,2011,7,P.LK98,1420072
967,2011,7,C.1K,6
967,2011,7,D.1K,637948
967,2011,7,C.NLP3,6
967,2011,7,P.NLP3,782124
967,2011,7,C_1K,4
967,2011,7,C_LK98,12
967,2011,7,C_NLP3,8
967,2011,7,D_1K,410633.333333333
967,2011,7,P_LK98,1420072
967,2011,7,P_NLP3,1009438.66666667
967,2011,7,Input_#3_C_1K,4.66666666666667
967,2011,7,Input_#3_C_LK98,11.3333333333333
967,2011,7,Input_#3_C_NLP3,6.66666666666667
967,2011,7,Input_#3_D_1K,486932.666666667
967,2011,7,Input_#3_P_LK98,1332754.33333333
967,2011,7,Input_#3_P_NLP3,845821.666666667
968,2011,8,RM Category,400 & larger
968,2011,8,C.LK98,12
968,2011,8,P.LK98,1937602
968,2011,8,C.1K,0
968,2011,8,D.1K,0
968,2011,8,C.NLP3,12
968,2011,8,P.NLP3,1937602
968,2011,8,C_1K,4
968,2011,8,C_LK98,12
968,2011,8,C_NLP3,8
968,2011,8,D_1K,410633.333333333
968,2011,8,P_LK98,1592582
968,2011,8,P_NLP3,1181948.66666667
968,2011,8,Input_#3_C_1K,4
968,2011,8,Input_#3_C_LK98,11.6666666666667
968,2011,8,Input_#3_C_NLP3,7.66666666666667
968,2011,8,Input_#3_D_1K,418408.666666667
968,2011,8,Input_#3_P_LK98,1462668.33333333
968,2011,8,Input_#3_P_NLP3,1044259.66666667
969,2011,9,RM Category,400 & larger
969,2011,9,C.LK98,12
969,2011,9,P.LK98,1937602
969,2011,9,C.1K,2
969,2011,9,D.1K,184500
969,2011,9,C.NLP3,10
969,2011,9,P.NLP3,1753102
969,2011,9,C_1K,2.66666666666667
969,2011,9,C_LK98,12
969,2011,9,C_NLP3,9.33333333333333
969,2011,9,D_1K,274149.333333333
969,2011,9,P_LK98,1765092
969,2011,9,P_NLP3,1490942.66666667
969,2011,9,Input_#3_C_1K,2.33333333333333
969,2011,9,Input_#3_C_LK98,12
969,2011,9,Input_#3_C_NLP3,9.66666666666667
969,2011,9,Input_#3_D_1K,236066.666666667
969,2011,9,Input_#3_P_LK98,1592582
969,2011,9,Input_#3_P_NLP3,1356515.33333333
970,2011,10,RM Category,400 & larger
970,2011,10,C.LK98,12
970,2011,10,P.LK98,1937602
970,2011,10,C.1K,8
970,2011,10,D.1K,2390048
970,2011,10,C.NLP3,4
970,2011,10,P.NLP3,-452446
970,2011,10,C_1K,3.33333333333333
970,2011,10,C_LK98,12
970,2011,10,C_NLP3,8.66666666666667
970,2011,10,D_1K,858182.666666667
970,2011,10,P_LK98,1937602
970,2011,10,P_NLP3,1079419.33333333
970,2011,10,Input_#3_C_1K,3.66666666666667
970,2011,10,Input_#3_C_LK98,12
970,2011,10,Input_#3_C_NLP3,8.33333333333333
970,2011,10,Input_#3_D_1K,634408
970,2011,10,Input_#3_P_LK98,1678837
970,2011,10,Input_#3_P_NLP3,1044429
971,2011,11,RM Category,400 & larger
971,2011,11,C.LK98,12
971,2011,11,P.LK98,1937602
971,2011,11,C.1K,10
971,2011,11,D.1K,1098280
971,2011,11,C.NLP3,2
971,2011,11,P.NLP3,839322
971,2011,11,C_1K,6.66666666666667
971,2011,11,C_LK98,12
971,2011,11,C_NLP3,5.33333333333333
971,2011,11,D_1K,1224276
971,2011,11,P_LK98,1937602
971,2011,11,P_NLP3,713326
971,2011,11,Input_#3_C_1K,5.33333333333333
971,2011,11,Input_#3_C_LK98,12
971,2011,11,Input_#3_C_NLP3,6.66666666666667
971,2011,11,Input_#3_D_1K,817454.666666667
971,2011,11,Input_#3_P_LK98,1765092
971,2011,11,Input_#3_P_NLP3,947637.333333333
972,2011,12,RM Category,400 & larger
972,2011,12,C.LK98,12
972,2011,12,P.LK98,1937602
972,2011,12,C.1K,2
972,2011,12,D.1K,212650
972,2011,12,C.NLP3,10
972,2011,12,P.NLP3,1724952
972,2011,12,C_1K,6.66666666666667
972,2011,12,C_LK98,12
972,2011,12,C_NLP3,5.33333333333333
972,2011,12,D_1K,1233659.33333333
972,2011,12,P_LK98,1937602
972,2011,12,P_NLP3,703942.666666667
972,2011,12,Input_#3_C_1K,4.66666666666667
972,2011,12,Input_#3_C_LK98,12
972,2011,12,Input_#3_C_NLP3,7.33333333333333
972,2011,12,Input_#3_D_1K,753904.333333333
972,2011,12,Input_#3_P_LK98,1851347
972,2011,12,Input_#3_P_NLP3,1097442.66666667
973,2012,1,RM Category,400 & larger
973,2012,1,C.LK98,16
973,2012,1,P.LK98,1987926
973,2012,1,C.1K,10
973,2012,1,D.1K,1063248
973,2012,1,C.NLP3,6
973,2012,1,P.NLP3,924678
973,2012,1,C_1K,7.33333333333333
973,2012,1,C_LK98,13.3333333333333
973,2012,1,C_NLP3,6
973,2012,1,D_1K,791392.666666667
973,2012,1,P_LK98,1954376.66666667
973,2012,1,P_NLP3,1162984
973,2012,1,Input_#3_C_1K,5.33333333333333
973,2012,1,Input_#3_C_LK98,12.6666666666667
973,2012,1,Input_#3_C_NLP3,7.33333333333333
973,2012,1,Input_#3_D_1K,824787.666666667
973,2012,1,Input_#3_P_LK98,1945989.33333333
973,2012,1,Input_#3_P_NLP3,1121201.66666667
974,2012,2,RM Category,400 & larger
974,2012,2,C.LK98,16
974,2012,2,P.LK98,1987926
974,2012,2,C.1K,18
974,2012,2,D.1K,1739330
974,2012,2,C.NLP3,-2
974,2012,2,P.NLP3,248596
974,2012,2,C_1K,10
974,2012,2,C_LK98,14.6666666666667
974,2012,2,C_NLP3,4.66666666666667
974,2012,2,D_1K,1005076
974,2012,2,P_LK98,1971151.33333333
974,2012,2,P_NLP3,966075.333333333
974,2012,2,Input_#3_C_1K,8.33333333333333
974,2012,2,Input_#3_C_LK98,13.3333333333333
974,2012,2,Input_#3_C_NLP3,5
974,2012,2,Input_#3_D_1K,1114676
974,2012,2,Input_#3_P_LK98,1954376.66666667
974,2012,2,Input_#3_P_NLP3,839700.666666667
975,2012,3,RM Category,400 & larger
975,2012,3,C.LK98,16
975,2012,3,P.LK98,1987926
975,2012,3,C.1K,8
975,2012,3,D.1K,924442
975,2012,3,C.NLP3,8
975,2012,3,P.NLP3,1063484
975,2012,3,C_1K,12
975,2012,3,C_LK98,16
975,2012,3,C_NLP3,4
975,2012,3,D_1K,1242340
975,2012,3,P_LK98,1987926
975,2012,3,P_NLP3,745586
975,2012,3,Input_#3_C_1K,9.33333333333333
975,2012,3,Input_#3_C_LK98,14
975,2012,3,Input_#3_C_NLP3,4.66666666666667
975,2012,3,Input_#3_D_1K,1237999.66666667
975,2012,3,Input_#3_P_LK98,1962764
975,2012,3,Input_#3_P_NLP3,724764.333333333
976,2012,4,RM Category,400 & larger
976,2012,4,C.LK98,16
976,2012,4,P.LK98,1987926
976,2012,4,C.1K,0
976,2012,4,D.1K,0
976,2012,4,C.NLP3,16
976,2012,4,P.NLP3,1987926
976,2012,4,C_1K,8.66666666666667
976,2012,4,C_LK98,16
976,2012,4,C_NLP3,7.33333333333333
976,2012,4,D_1K,887924
976,2012,4,P_LK98,1987926
976,2012,4,P_NLP3,1100002
976,2012,4,Input_#3_C_1K,8
976,2012,4,Input_#3_C_LK98,14.6666666666667
976,2012,4,Input_#3_C_NLP3,6.66666666666667
976,2012,4,Input_#3_D_1K,839658.333333333
976,2012,4,Input_#3_P_LK98,1971151.33333333
976,2012,4,Input_#3_P_NLP3,1131493
977,2012,5,RM Category,400 & larger
977,2012,5,C.LK98,22
977,2012,5,P.LK98,2633754
977,2012,5,C.1K,8
977,2012,5,D.1K,898348
977,2012,5,C.NLP3,14
977,2012,5,P.NLP3,1735406
977,2012,5,C_1K,5.33333333333333
977,2012,5,C_LK98,18
977,2012,5,C_NLP3,12.6666666666667
977,2012,5,D_1K,607596.666666667
977,2012,5,P_LK98,2203202
977,2012,5,P_NLP3,1595605.33333333
977,2012,5,Input_#3_C_1K,7.66666666666667
977,2012,5,Input_#3_C_LK98,16.3333333333333
977,2012,5,Input_#3_C_NLP3,8.66666666666667
977,2012,5,Input_#3_D_1K,806336.333333333
977,2012,5,Input_#3_P_LK98,2087176.66666667
977,2012,5,Input_#3_P_NLP3,1280840.33333333
978,2012,6,RM Category,400 & larger
978,2012,6,C.LK98,12
978,2012,6,P.LK98,1661448
978,2012,6,C.1K,2
978,2012,6,D.1K,262502
978,2012,6,C.NLP3,10
978,2012,6,P.NLP3,1398946
978,2012,6,C_1K,3.33333333333333
978,2012,6,C_LK98,16.6666666666667
978,2012,6,C_NLP3,13.3333333333333
978,2012,6,D_1K,386950
978,2012,6,P_LK98,2094376
978,2012,6,P_NLP3,1707426
978,2012,6,Input_#3_C_1K,7.66666666666667
978,2012,6,Input_#3_C_LK98,16.3333333333333
978,2012,6,Input_#3_C_NLP3,8.66666666666667
978,2012,6,Input_#3_D_1K,814645
978,2012,6,Input_#3_P_LK98,2041151
978,2012,6,Input_#3_P_NLP3,1226506
979,2012,7,RM Category,400 & larger
979,2012,7,C.LK98,12
979,2012,7,P.LK98,1661448
979,2012,7,C.1K,2
979,2012,7,D.1K,300210
979,2012,7,C.NLP3,10
979,2012,7,P.NLP3,1361238
979,2012,7,C_1K,4
979,2012,7,C_LK98,15.3333333333333
979,2012,7,C_NLP3,11.3333333333333
979,2012,7,D_1K,487020
979,2012,7,P_LK98,1985550
979,2012,7,P_NLP3,1498530
979,2012,7,Input_#3_C_1K,6.33333333333333
979,2012,7,Input_#3_C_LK98,15.6666666666667
979,2012,7,Input_#3_C_NLP3,9.33333333333333
979,2012,7,Input_#3_D_1K,687472
979,2012,7,Input_#3_P_LK98,1986738
979,2012,7,Input_#3_P_NLP3,1299266
980,2012,8,RM Category,400 & larger
980,2012,8,C.LK98,12
980,2012,8,P.LK98,1661448
980,2012,8,C.1K,2
980,2012,8,D.1K,409112
980,2012,8,C.NLP3,10
980,2012,8,P.NLP3,1252336
980,2012,8,C_1K,2
980,2012,8,C_LK98,12
980,2012,8,C_NLP3,10
980,2012,8,D_1K,323941.333333333
980,2012,8,P_LK98,1661448
980,2012,8,P_NLP3,1337506.66666667
980,2012,8,Input_#3_C_1K,3.66666666666667
980,2012,8,Input_#3_C_LK98,15
980,2012,8,Input_#3_C_NLP3,11.3333333333333
980,2012,8,Input_#3_D_1K,465769
980,2012,8,Input_#3_P_LK98,1932325
980,2012,8,Input_#3_P_NLP3,1466556
981,2012,9,RM Category,400 & larger
981,2012,9,C.LK98,12
981,2012,9,P.LK98,1661448
981,2012,9,C.1K,4
981,2012,9,D.1K,814454
981,2012,9,C.NLP3,8
981,2012,9,P.NLP3,846994
981,2012,9,C_1K,2.66666666666667
981,2012,9,C_LK98,12
981,2012,9,C_NLP3,9.33333333333333
981,2012,9,D_1K,507925.333333333
981,2012,9,P_LK98,1661448
981,2012,9,P_NLP3,1153522.66666667
981,2012,9,Input_#3_C_1K,3
981,2012,9,Input_#3_C_LK98,14.3333333333333
981,2012,9,Input_#3_C_NLP3,11.3333333333333
981,2012,9,Input_#3_D_1K,447437.666666667
981,2012,9,Input_#3_P_LK98,1877912
981,2012,9,Input_#3_P_NLP3,1430474.33333333
982,2012,10,RM Category,400 & larger
982,2012,10,C.LK98,12
982,2012,10,P.LK98,1661448
982,2012,10,C.1K,2
982,2012,10,D.1K,262502
982,2012,10,C.NLP3,10
982,2012,10,P.NLP3,1398946
982,2012,10,C_1K,2.66666666666667
982,2012,10,C_LK98,12
982,2012,10,C_NLP3,9.33333333333333
982,2012,10,D_1K,495356
982,2012,10,P_LK98,1661448
982,2012,10,P_NLP3,1166092
982,2012,10,Input_#3_C_1K,3.33333333333333
982,2012,10,Input_#3_C_LK98,13.6666666666667
982,2012,10,Input_#3_C_NLP3,10.3333333333333
982,2012,10,Input_#3_D_1K,491188
982,2012,10,Input_#3_P_LK98,1823499
982,2012,10,Input_#3_P_NLP3,1332311
983,2012,11,RM Category,400 & larger
983,2012,11,C.LK98,12
983,2012,11,P.LK98,1661448
983,2012,11,C.1K,2
983,2012,11,D.1K,258146
983,2012,11,C.NLP3,10
983,2012,11,P.NLP3,1403302
983,2012,11,C_1K,2.66666666666667
983,2012,11,C_LK98,12
983,2012,11,C_NLP3,9.33333333333333
983,2012,11,D_1K,445034
983,2012,11,P_LK98,1661448
983,2012,11,P_NLP3,1216414
983,2012,11,Input_#3_C_1K,2.33333333333333
983,2012,11,Input_#3_C_LK98,12
983,2012,11,Input_#3_C_NLP3,9.66666666666667
983,2012,11,Input_#3_D_1K,384487.666666667
983,2012,11,Input_#3_P_LK98,1661448
983,2012,11,Input_#3_P_NLP3,1276960.33333333
984,2012,12,RM Category,400 & larger
984,2012,12,C.LK98,12
984,2012,12,P.LK98,1661448
984,2012,12,C.1K,0
984,2012,12,D.1K,0
984,2012,12,C.NLP3,12
984,2012,12,P.NLP3,1661448
984,2012,12,C_1K,1.33333333333333
984,2012,12,C_LK98,12
984,2012,12,C_NLP3,10.6666666666667
984,2012,12,D_1K,173549.333333333
984,2012,12,P_LK98,1661448
984,2012,12,P_NLP3,1487898.66666667
984,2012,12,Input_#3_C_1K,2
984,2012,12,Input_#3_C_LK98,12
984,2012,12,Input_#3_C_NLP3,10
984,2012,12,Input_#3_D_1K,340737.333333333
984,2012,12,Input_#3_P_LK98,1661448
984,2012,12,Input_#3_P_NLP3,1320710.66666667
985,2013,1,RM Category,400 & larger
985,2013,1,C.LK98,8
985,2013,1,P.LK98,1380486
985,2013,1,C.1K,4
985,2013,1,D.1K,997376
985,2013,1,C.NLP3,4
985,2013,1,P.NLP3,383110
985,2013,1,C_1K,2
985,2013,1,C_LK98,10.6666666666667
985,2013,1,C_NLP3,8.66666666666667
985,2013,1,D_1K,418507.333333333
985,2013,1,P_LK98,1567794
985,2013,1,P_NLP3,1149286.66666667
985,2013,1,Input_#3_C_1K,2.33333333333333
985,2013,1,Input_#3_C_LK98,11.3333333333333
985,2013,1,Input_#3_C_NLP3,9
985,2013,1,Input_#3_D_1K,456931.666666667
985,2013,1,Input_#3_P_LK98,1614621
985,2013,1,Input_#3_P_NLP3,1157689.33333333
986,2013,2,RM Category,400 & larger
986,2013,2,C.LK98,12
986,2013,2,P.LK98,1481038
986,2013,2,C.1K,6
986,2013,2,D.1K,669894
986,2013,2,C.NLP3,6
986,2013,2,P.NLP3,811144
986,2013,2,C_1K,3.33333333333333
986,2013,2,C_LK98,10.6666666666667
986,2013,2,C_NLP3,7.33333333333333
986,2013,2,D_1K,555756.666666667
986,2013,2,P_LK98,1507657.33333333
986,2013,2,P_NLP3,951900.666666667
986,2013,2,Input_#3_C_1K,3
986,2013,2,Input_#3_C_LK98,11.3333333333333
986,2013,2,Input_#3_C_NLP3,8.33333333333333
986,2013,2,Input_#3_D_1K,500395.333333333
986,2013,2,Input_#3_P_LK98,1584552.66666667
986,2013,2,Input_#3_P_NLP3,1084157.33333333
987,2013,3,RM Category,400 & larger
987,2013,3,C.LK98,10
987,2013,3,P.LK98,1113670
987,2013,3,C.1K,0
987,2013,3,D.1K,0
987,2013,3,C.NLP3,10
987,2013,3,P.NLP3,1113670
987,2013,3,C_1K,3.33333333333333
987,2013,3,C_LK98,10
987,2013,3,C_NLP3,6.66666666666667
987,2013,3,D_1K,555756.666666667
987,2013,3,P_LK98,1325064.66666667
987,2013,3,P_NLP3,769308
987,2013,3,Input_#3_C_1K,2.33333333333333
987,2013,3,Input_#3_C_LK98,11
987,2013,3,Input_#3_C_NLP3,8.66666666666667
987,2013,3,Input_#3_D_1K,364653
987,2013,3,Input_#3_P_LK98,1493256.33333333
987,2013,3,Input_#3_P_NLP3,1128603.33333333
988,2013,4,RM Category,400 & larger
988,2013,4,C.LK98,10
988,2013,4,P.LK98,1289576
988,2013,4,C.1K,4
988,2013,4,D.1K,461170
988,2013,4,C.NLP3,6
988,2013,4,P.NLP3,828406
988,2013,4,C_1K,3.33333333333333
988,2013,4,C_LK98,10.6666666666667
988,2013,4,C_NLP3,7.33333333333333
988,2013,4,D_1K,377021.333333333
988,2013,4,P_LK98,1294761.33333333
988,2013,4,P_NLP3,917740
988,2013,4,Input_#3_C_1K,2.66666666666667
988,2013,4,Input_#3_C_LK98,10.6666666666667
988,2013,4,Input_#3_C_NLP3,8
988,2013,4,Input_#3_D_1K,397764.333333333
988,2013,4,Input_#3_P_LK98,1431277.66666667
988,2013,4,Input_#3_P_NLP3,1033513.33333333
989,2013,5,RM Category,400 & larger
989,2013,5,C.LK98,8
989,2013,5,P.LK98,1336524
989,2013,5,C.1K,8
989,2013,5,D.1K,1128908
989,2013,5,C.NLP3,0
989,2013,5,P.NLP3,207616
989,2013,5,C_1K,4
989,2013,5,C_LK98,9.33333333333333
989,2013,5,C_NLP3,5.33333333333333
989,2013,5,D_1K,530026
989,2013,5,P_LK98,1246590
989,2013,5,P_NLP3,716564
989,2013,5,Input_#3_C_1K,3.66666666666667
989,2013,5,Input_#3_C_LK98,10
989,2013,5,Input_#3_C_NLP3,6.33333333333333
989,2013,5,Input_#3_D_1K,542891.333333333
989,2013,5,Input_#3_P_LK98,1377123.66666667
989,2013,5,Input_#3_P_NLP3,834232.333333333
990,2013,6,RM Category,400 & larger
990,2013,6,C.LK98,14
990,2013,6,P.LK98,1600358
990,2013,6,C.1K,2
990,2013,6,D.1K,261040
990,2013,6,C.NLP3,12
990,2013,6,P.NLP3,1339318
990,2013,6,C_1K,4.66666666666667
990,2013,6,C_LK98,10.6666666666667
990,2013,6,C_NLP3,6
990,2013,6,D_1K,617039.333333333
990,2013,6,P_LK98,1408819.33333333
990,2013,6,P_NLP3,791780
990,2013,6,Input_#3_C_1K,4
990,2013,6,Input_#3_C_LK98,10.3333333333333
990,2013,6,Input_#3_C_NLP3,6.33333333333333
990,2013,6,Input_#3_D_1K,586398
990,2013,6,Input_#3_P_LK98,1366942
990,2013,6,Input_#3_P_NLP3,780544
991,2013,7,RM Category,400 & larger
991,2013,7,C.LK98,12
991,2013,7,P.LK98,1714156
991,2013,7,C.1K,0
991,2013,7,D.1K,0
991,2013,7,C.NLP3,12
991,2013,7,P.NLP3,1714156
991,2013,7,C_1K,3.33333333333333
991,2013,7,C_LK98,11.3333333333333
991,2013,7,C_NLP3,8
991,2013,7,D_1K,463316
991,2013,7,P_LK98,1550346
991,2013,7,P_NLP3,1087030
991,2013,7,Input_#3_C_1K,3.33333333333333
991,2013,7,Input_#3_C_LK98,11
991,2013,7,Input_#3_C_NLP3,7.66666666666667
991,2013,7,Input_#3_D_1K,420168.666666667
991,2013,7,Input_#3_P_LK98,1422553.66666667
991,2013,7,Input_#3_P_NLP3,1002385
992,2013,8,RM Category,400 & larger
992,2013,8,C.LK98,8
992,2013,8,P.LK98,1053974
992,2013,8,C.1K,4
992,2013,8,D.1K,669242
992,2013,8,C.NLP3,4
992,2013,8,P.NLP3,384732
992,2013,8,C_1K,2
992,2013,8,C_LK98,11.3333333333333
992,2013,8,C_NLP3,9.33333333333333
992,2013,8,D_1K,310094
992,2013,8,P_LK98,1456162.66666667
992,2013,8,P_NLP3,1146068.66666667
992,2013,8,Input_#3_C_1K,3
992,2013,8,Input_#3_C_LK98,10.3333333333333
992,2013,8,Input_#3_C_NLP3,7.33333333333333
992,2013,8,Input_#3_D_1K,420060
992,2013,8,Input_#3_P_LK98,1351376.33333333
992,2013,8,Input_#3_P_NLP3,931316.333333333
993,2013,9,RM Category,400 & larger
993,2013,9,C.LK98,12
993,2013,9,P.LK98,1537696
993,2013,9,C.1K,2
993,2013,9,D.1K,121698
993,2013,9,C.NLP3,10
993,2013,9,P.NLP3,1415998
993,2013,9,C_1K,2
993,2013,9,C_LK98,10.6666666666667
993,2013,9,C_NLP3,8.66666666666667
993,2013,9,D_1K,263646.666666667
993,2013,9,P_LK98,1435275.33333333
993,2013,9,P_NLP3,1171628.66666667
993,2013,9,Input_#3_C_1K,3.33333333333333
993,2013,9,Input_#3_C_LK98,10.6666666666667
993,2013,9,Input_#3_C_NLP3,7.33333333333333
993,2013,9,Input_#3_D_1K,440343
993,2013,9,Input_#3_P_LK98,1422047.33333333
993,2013,9,Input_#3_P_NLP3,981704.333333333
994,2013,10,RM Category,400 & larger
994,2013,10,C.LK98,10
994,2013,10,P.LK98,1312582
994,2013,10,C.1K,0
994,2013,10,D.1K,0
994,2013,10,C.NLP3,10
994,2013,10,P.NLP3,1312582
994,2013,10,C_1K,2
994,2013,10,C_LK98,10
994,2013,10,C_NLP3,8
994,2013,10,D_1K,263646.666666667
994,2013,10,P_LK98,1301417.33333333
994,2013,10,P_NLP3,1037770.66666667
994,2013,10,Input_#3_C_1K,2.66666666666667
994,2013,10,Input_#3_C_LK98,10.6666666666667
994,2013,10,Input_#3_C_NLP3,8
994,2013,10,Input_#3_D_1K,363481.333333333
994,2013,10,Input_#3_P_LK98,1425881.66666667
994,2013,10,Input_#3_P_NLP3,1062400.33333333
995,2013,11,RM Category,400 & larger
995,2013,11,C.LK98,12
995,2013,11,P.LK98,1677888
995,2013,11,C.1K,6
995,2013,11,D.1K,620104
995,2013,11,C.NLP3,6
995,2013,11,P.NLP3,1057784
995,2013,11,C_1K,2.66666666666667
995,2013,11,C_LK98,11.3333333333333
995,2013,11,C_NLP3,8.66666666666667
995,2013,11,D_1K,247267.333333333
995,2013,11,P_LK98,1509388.66666667
995,2013,11,P_NLP3,1262121.33333333
995,2013,11,Input_#3_C_1K,2.33333333333333
995,2013,11,Input_#3_C_LK98,11.3333333333333
995,2013,11,Input_#3_C_NLP3,9
995,2013,11,Input_#3_D_1K,278680.666666667
995,2013,11,Input_#3_P_LK98,1482775.66666667
995,2013,11,Input_#3_P_NLP3,1204095
996,2013,12,RM Category,400 & larger
996,2013,12,C.LK98,6
996,2013,12,P.LK98,668238
996,2013,12,C.1K,0
996,2013,12,D.1K,0
996,2013,12,C.NLP3,6
996,2013,12,P.NLP3,668238
996,2013,12,C_1K,2
996,2013,12,C_LK98,9.33333333333333
996,2013,12,C_NLP3,7.33333333333333
996,2013,12,D_1K,206701.333333333
996,2013,12,P_LK98,1219569.33333333
996,2013,12,P_NLP3,1012868
996,2013,12,Input_#3_C_1K,2
996,2013,12,Input_#3_C_LK98,10
996,2013,12,Input_#3_C_NLP3,8
996,2013,12,Input_#3_D_1K,235174
996,2013,12,Input_#3_P_LK98,1327422.33333333
996,2013,12,Input_#3_P_NLP3,1092248.33333333
997,2014,1,RM Category,400 & larger
997,2014,1,C.LK98,8
997,2014,1,P.LK98,1077474
997,2014,1,C.1K,2
997,2014,1,D.1K,253742
997,2014,1,C.NLP3,2
997,2014,1,P.NLP3,284995
997,2014,1,C_1K,2.66666666666667
997,2014,1,C_LK98,8.66666666666667
997,2014,1,C_NLP3,4.66666666666667
997,2014,1,D_1K,291282
997,2014,1,P_LK98,1141200
997,2014,1,P_NLP3,670339
997,2014,1,Input_#3_C_1K,2.33333333333333
997,2014,1,Input_#3_C_LK98,9.33333333333333
997,2014,1,Input_#3_C_NLP3,6.33333333333333
997,2014,1,Input_#3_D_1K,277464.333333333
997,2014,1,Input_#3_P_LK98,1221308.66666667
997,2014,1,Input_#3_P_NLP3,854054.833333333
998,2014,2,RM Category,400 & larger
998,2014,2,C.LK98,8
998,2014,2,P.LK98,1077474
998,2014,2,C.1K,0
998,2014,2,D.1K,0
998,2014,2,C.NLP3,0
998,2014,2,P.NLP3,0
998,2014,2,C_1K,0.666666666666667
998,2014,2,C_LK98,7.33333333333333
998,2014,2,C_NLP3,2.66666666666667
998,2014,2,D_1K,84580.6666666667
998,2014,2,P_LK98,941062
998,2014,2,P_NLP3,317744.333333333
998,2014,2,Input_#3_C_1K,1.66666666666667
998,2014,2,Input_#3_C_LK98,9.33333333333333
998,2014,2,Input_#3_C_NLP3,5.66666666666667
998,2014,2,Input_#3_D_1K,165924
998,2014,2,Input_#3_P_LK98,1225225.33333333
998,2014,2,Input_#3_P_NLP3,789932.833333333
999,2014,3,RM Category,400 & larger
999,2014,3,C.LK98,4
999,2014,3,P.LK98,538737
999,2014,3,C.1K,2
999,2014,3,D.1K,213142
999,2014,3,C.NLP3,3
999,2014,3,P.NLP3,432166
999,2014,3,C_1K,1.33333333333333
999,2014,3,C_LK98,6.66666666666667
999,2014,3,C_NLP3,1.66666666666667
999,2014,3,D_1K,155628
999,2014,3,P_LK98,897895
999,2014,3,P_NLP3,239053.666666667
999,2014,3,Input_#3_C_1K,1.66666666666667
999,2014,3,Input_#3_C_LK98,8
999,2014,3,Input_#3_C_NLP3,4.5
999,2014,3,Input_#3_D_1K,181164.666666667
999,2014,3,Input_#3_P_LK98,1058732.16666667
999,2014,3,Input_#3_P_NLP3,625960.833333333
1000,2014,4,RM Category,400 & larger
1000,2014,4,C.LK98,
1000,2014,4,P.LK98,
1000,2014,4,C.1K,0
1000,2014,4,D.1K,0
1000,2014,4,C.NLP3,
1000,2014,4,P.NLP3,
1000,2014,4,C_1K,0.666666666666667
1000,2014,4,C_LK98,4
1000,2014,4,C_NLP3,1
1000,2014,4,D_1K,71047.3333333333
1000,2014,4,P_LK98,538737
1000,2014,4,P_NLP3,144055.333333333
1000,2014,4,Input_#3_C_1K,1.66666666666667
1000,2014,4,Input_#3_C_LK98,6.33333333333333
1000,2014,4,Input_#3_C_NLP3,2.83333333333333
1000,2014,4,Input_#3_D_1K,181164.666666667
1000,2014,4,Input_#3_P_LK98,839968.5
1000,2014,4,Input_#3_P_NLP3,407197.166666667
1001,2014,5,RM Category,400 & larger
1001,2014,5,C.LK98,
1001,2014,5,P.LK98,
1001,2014,5,C.1K,6
1001,2014,5,D.1K,773488.2
1001,2014,5,C.NLP3,
1001,2014,5,P.NLP3,
1001,2014,5,C_1K,2.66666666666667
1001,2014,5,C_LK98,1.33333333333333
1001,2014,5,C_NLP3,1
1001,2014,5,D_1K,328876.733333333
1001,2014,5,P_LK98,179579
1001,2014,5,P_NLP3,144055.333333333
1001,2014,5,Input_#3_C_1K,1.66666666666667
1001,2014,5,Input_#3_C_LK98,4.33333333333333
1001,2014,5,Input_#3_C_NLP3,1.83333333333333
1001,2014,5,Input_#3_D_1K,206728.7
1001,2014,5,Input_#3_P_LK98,560320.5
1001,2014,5,Input_#3_P_NLP3,230899.833333333
1002,2014,6,RM Category,400 & larger
1002,2014,6,C.LK98,
1002,2014,6,P.LK98,
1002,2014,6,C.1K,8
1002,2014,6,D.1K,1082220.2
1002,2014,6,C.NLP3,
1002,2014,6,P.NLP3,
1002,2014,6,C_1K,4.66666666666667
1002,2014,6,C_LK98,0
1002,2014,6,C_NLP3,0
1002,2014,6,D_1K,618569.466666667
1002,2014,6,P_LK98,0
1002,2014,6,P_NLP3,0
1002,2014,6,Input_#3_C_1K,3
1002,2014,6,Input_#3_C_LK98,3.33333333333333
1002,2014,6,Input_#3_C_NLP3,0.833333333333333
1002,2014,6,Input_#3_D_1K,387098.733333333
1002,2014,6,Input_#3_P_LK98,448947.5
1002,2014,6,Input_#3_P_NLP3,119526.833333333
1003,2014,7,RM Category,400 & larger
1003,2014,7,C.LK98,
1003,2014,7,P.LK98,
1003,2014,7,C.1K,
1003,2014,7,D.1K,
1003,2014,7,C.NLP3,
1003,2014,7,P.NLP3,
1003,2014,7,C_1K,4.66666666666667
1003,2014,7,C_LK98,0
1003,2014,7,C_NLP3,0
1003,2014,7,D_1K,618569.466666667
1003,2014,7,P_LK98,0
1003,2014,7,P_NLP3,0
1003,2014,7,Input_#3_C_1K,2.66666666666667
1003,2014,7,Input_#3_C_LK98,2
1003,2014,7,Input_#3_C_NLP3,0.5
1003,2014,7,Input_#3_D_1K,344808.4
1003,2014,7,Input_#3_P_LK98,269368.5
1003,2014,7,Input_#3_P_NLP3,72027.6666666667
1004,2014,8,RM Category,400 & larger
1004,2014,8,C.LK98,
1004,2014,8,P.LK98,
1004,2014,8,C.1K,
1004,2014,8,D.1K,
1004,2014,8,C.NLP3,
1004,2014,8,P.NLP3,
1004,2014,8,C_1K,2.66666666666667
1004,2014,8,C_LK98,0
1004,2014,8,C_NLP3,0
1004,2014,8,D_1K,360740.066666667
1004,2014,8,P_LK98,0
1004,2014,8,P_NLP3,0
1004,2014,8,Input_#3_C_1K,2.66666666666667
1004,2014,8,Input_#3_C_LK98,0.666666666666667
1004,2014,8,Input_#3_C_NLP3,0.5
1004,2014,8,Input_#3_D_1K,344808.4
1004,2014,8,Input_#3_P_LK98,89789.5
1004,2014,8,Input_#3_P_NLP3,72027.6666666667
1005,2014,9,RM Category,400 & larger
1005,2014,9,C.LK98,
1005,2014,9,P.LK98,
1005,2014,9,C.1K,
1005,2014,9,D.1K,
1005,2014,9,C.NLP3,
1005,2014,9,P.NLP3,
1005,2014,9,C_1K,0
1005,2014,9,C_LK98,0
1005,2014,9,C_NLP3,0
1005,2014,9,D_1K,0
1005,2014,9,P_LK98,0
1005,2014,9,P_NLP3,0
1005,2014,9,Input_#3_C_1K,2.33333333333333
1005,2014,9,Input_#3_C_LK98,0
1005,2014,9,Input_#3_C_NLP3,0
1005,2014,9,Input_#3_D_1K,309284.733333333
1005,2014,9,Input_#3_P_LK98,0
1005,2014,9,Input_#3_P_NLP3,0
1006,2014,10,RM Category,400 & larger
1006,2014,10,C.LK98,
1006,2014,10,P.LK98,
1006,2014,10,C.1K,
1006,2014,10,D.1K,
1006,2014,10,C.NLP3,
1006,2014,10,P.NLP3,
1006,2014,10,C_1K,0
1006,2014,10,C_LK98,0
1006,2014,10,C_NLP3,0
1006,2014,10,D_1K,0
1006,2014,10,P_LK98,0
1006,2014,10,P_NLP3,0
1006,2014,10,Input_#3_C_1K,2.33333333333333
1006,2014,10,Input_#3_C_LK98,0
1006,2014,10,Input_#3_C_NLP3,0
1006,2014,10,Input_#3_D_1K,309284.733333333
1006,2014,10,Input_#3_P_LK98,0
1006,2014,10,Input_#3_P_NLP3,0
1007,2014,11,RM Category,400 & larger
1007,2014,11,C.LK98,
1007,2014,11,P.LK98,
1007,2014,11,C.1K,
1007,2014,11,D.1K,
1007,2014,11,C.NLP3,
1007,2014,11,P.NLP3,
1007,2014,11,C_1K,0
1007,2014,11,C_LK98,0
1007,2014,11,C_NLP3,0
1007,2014,11,D_1K,0
1007,2014,11,P_LK98,0
1007,2014,11,P_NLP3,0
1007,2014,11,Input_#3_C_1K,1.33333333333333
1007,2014,11,Input_#3_C_LK98,0
1007,2014,11,Input_#3_C_NLP3,0
1007,2014,11,Input_#3_D_1K,180370.033333333
1007,2014,11,Input_#3_P_LK98,0
1007,2014,11,Input_#3_P_NLP3,0
1008,2014,12,RM Category,400 & larger
1008,2014,12,C.LK98,
1008,2014,12,P.LK98,
1008,2014,12,C.1K,
1008,2014,12,D.1K,
1008,2014,12,C.NLP3,
1008,2014,12,P.NLP3,
1008,2014,12,C_1K,0
1008,2014,12,C_LK98,0
1008,2014,12,C_NLP3,0
1008,2014,12,D_1K,0
1008,2014,12,P_LK98,0
1008,2014,12,P_NLP3,0
1008,2014,12,Input_#3_C_1K,0
1008,2014,12,Input_#3_C_LK98,0
1008,2014,12,Input_#3_C_NLP3,0
1008,2014,12,Input_#3_D_1K,0
1008,2014,12,Input_#3_P_LK98,0
1008,2014,12,Input_#3_P_NLP3,0
1009,2009,1,RM Category,5 rm & less
1009,2009,1,C.LK98,140
1009,2009,1,P.LK98,542990
1009,2009,1,C.1K,26
1009,2009,1,D.1K,93148
1009,2009,1,C.NLP3,114
1009,2009,1,P.NLP3,449842
1009,2009,1,C_1K,26
1009,2009,1,C_LK98,140
1009,2009,1,C_NLP3,114
1009,2009,1,D_1K,93148
1009,2009,1,P_LK98,542990
1009,2009,1,P_NLP3,449842
1009,2009,1,Input_#3_C_1K,4.33333333333333
1009,2009,1,Input_#3_C_LK98,23.3333333333333
1009,2009,1,Input_#3_C_NLP3,19
1009,2009,1,Input_#3_D_1K,15524.6666666667
1009,2009,1,Input_#3_P_LK98,90498.3333333333
1009,2009,1,Input_#3_P_NLP3,74973.6666666667
1010,2009,2,RM Category,5 rm & less
1010,2009,2,C.LK98,102
1010,2009,2,P.LK98,401492
1010,2009,2,C.1K,24
1010,2009,2,D.1K,93490
1010,2009,2,C.NLP3,78
1010,2009,2,P.NLP3,308002
1010,2009,2,C_1K,25.3333333333333
1010,2009,2,C_LK98,127.333333333333
1010,2009,2,C_NLP3,102
1010,2009,2,D_1K,93262
1010,2009,2,P_LK98,495824
1010,2009,2,P_NLP3,402562
1010,2009,2,Input_#3_C_1K,8.33333333333333
1010,2009,2,Input_#3_C_LK98,40.3333333333333
1010,2009,2,Input_#3_C_NLP3,32
1010,2009,2,Input_#3_D_1K,31106.3333333333
1010,2009,2,Input_#3_P_LK98,157413.666666667
1010,2009,2,Input_#3_P_NLP3,126307.333333333
1011,2009,3,RM Category,5 rm & less
1011,2009,3,C.LK98,232
1011,2009,3,P.LK98,836282
1011,2009,3,C.1K,22
1011,2009,3,D.1K,76084
1011,2009,3,C.NLP3,210
1011,2009,3,P.NLP3,760198
1011,2009,3,C_1K,24
1011,2009,3,C_LK98,158
1011,2009,3,C_NLP3,134
1011,2009,3,D_1K,87574
1011,2009,3,P_LK98,593588
1011,2009,3,P_NLP3,506014
1011,2009,3,Input_#3_C_1K,12
1011,2009,3,Input_#3_C_LK98,79
1011,2009,3,Input_#3_C_NLP3,67
1011,2009,3,Input_#3_D_1K,43787
1011,2009,3,Input_#3_P_LK98,296794
1011,2009,3,Input_#3_P_NLP3,253007
1012,2009,4,RM Category,5 rm & less
1012,2009,4,C.LK98,192
1012,2009,4,P.LK98,943228
1012,2009,4,C.1K,36
1012,2009,4,D.1K,151758
1012,2009,4,C.NLP3,156
1012,2009,4,P.NLP3,791470
1012,2009,4,C_1K,27.3333333333333
1012,2009,4,C_LK98,175.333333333333
1012,2009,4,C_NLP3,148
1012,2009,4,D_1K,107110.666666667
1012,2009,4,P_LK98,727000.666666667
1012,2009,4,P_NLP3,619890
1012,2009,4,Input_#3_C_1K,18
1012,2009,4,Input_#3_C_LK98,111
1012,2009,4,Input_#3_C_NLP3,93
1012,2009,4,Input_#3_D_1K,69080
1012,2009,4,Input_#3_P_LK98,453998.666666667
1012,2009,4,Input_#3_P_NLP3,384918.666666667
1013,2009,5,RM Category,5 rm & less
1013,2009,5,C.LK98,154
1013,2009,5,P.LK98,622694
1013,2009,5,C.1K,26
1013,2009,5,D.1K,116034
1013,2009,5,C.NLP3,128
1013,2009,5,P.NLP3,506660
1013,2009,5,C_1K,28
1013,2009,5,C_LK98,192.666666666667
1013,2009,5,C_NLP3,164.666666666667
1013,2009,5,D_1K,114625.333333333
1013,2009,5,P_LK98,800734.666666667
1013,2009,5,P_NLP3,686109.333333333
1013,2009,5,Input_#3_C_1K,22.3333333333333
1013,2009,5,Input_#3_C_LK98,136.666666666667
1013,2009,5,Input_#3_C_NLP3,114.333333333333
1013,2009,5,Input_#3_D_1K,88419
1013,2009,5,Input_#3_P_LK98,557781
1013,2009,5,Input_#3_P_NLP3,469362
1014,2009,6,RM Category,5 rm & less
1014,2009,6,C.LK98,224
1014,2009,6,P.LK98,718588
1014,2009,6,C.1K,30
1014,2009,6,D.1K,110670
1014,2009,6,C.NLP3,194
1014,2009,6,P.NLP3,607918
1014,2009,6,C_1K,30.6666666666667
1014,2009,6,C_LK98,190
1014,2009,6,C_NLP3,159.333333333333
1014,2009,6,D_1K,126154
1014,2009,6,P_LK98,761503.333333333
1014,2009,6,P_NLP3,635349.333333333
1014,2009,6,Input_#3_C_1K,27.3333333333333
1014,2009,6,Input_#3_C_LK98,174
1014,2009,6,Input_#3_C_NLP3,146.666666666667
1014,2009,6,Input_#3_D_1K,106864
1014,2009,6,Input_#3_P_LK98,677545.666666667
1014,2009,6,Input_#3_P_NLP3,570681.666666667
1015,2009,7,RM Category,5 rm & less
1015,2009,7,C.LK98,152
1015,2009,7,P.LK98,591528
1015,2009,7,C.1K,18
1015,2009,7,D.1K,59462
1015,2009,7,C.NLP3,134
1015,2009,7,P.NLP3,532066
1015,2009,7,C_1K,24.6666666666667
1015,2009,7,C_LK98,176.666666666667
1015,2009,7,C_NLP3,152
1015,2009,7,D_1K,95388.6666666667
1015,2009,7,P_LK98,644270
1015,2009,7,P_NLP3,548881.333333333
1015,2009,7,Input_#3_C_1K,26
1015,2009,7,Input_#3_C_LK98,176
1015,2009,7,Input_#3_C_NLP3,150
1015,2009,7,Input_#3_D_1K,101249.666666667
1015,2009,7,Input_#3_P_LK98,685635.333333333
1015,2009,7,Input_#3_P_NLP3,584385.666666667
1016,2009,8,RM Category,5 rm & less
1016,2009,8,C.LK98,202
1016,2009,8,P.LK98,837792
1016,2009,8,C.1K,32
1016,2009,8,D.1K,115922
1016,2009,8,C.NLP3,170
1016,2009,8,P.NLP3,721870
1016,2009,8,C_1K,26.6666666666667
1016,2009,8,C_LK98,192.666666666667
1016,2009,8,C_NLP3,166
1016,2009,8,D_1K,95351.3333333333
1016,2009,8,P_LK98,715969.333333333
1016,2009,8,P_NLP3,620618
1016,2009,8,Input_#3_C_1K,27.3333333333333
1016,2009,8,Input_#3_C_LK98,192.666666666667
1016,2009,8,Input_#3_C_NLP3,165.333333333333
1016,2009,8,Input_#3_D_1K,104988.333333333
1016,2009,8,Input_#3_P_LK98,758352
1016,2009,8,Input_#3_P_NLP3,653363.666666667
1017,2009,9,RM Category,5 rm & less
1017,2009,9,C.LK98,184
1017,2009,9,P.LK98,646922
1017,2009,9,C.1K,42
1017,2009,9,D.1K,173862
1017,2009,9,C.NLP3,142
1017,2009,9,P.NLP3,473060
1017,2009,9,C_1K,30.6666666666667
1017,2009,9,C_LK98,179.333333333333
1017,2009,9,C_NLP3,148.666666666667
1017,2009,9,D_1K,116415.333333333
1017,2009,9,P_LK98,692080.666666667
1017,2009,9,P_NLP3,575665.333333333
1017,2009,9,Input_#3_C_1K,30.6666666666667
1017,2009,9,Input_#3_C_LK98,184.666666666667
1017,2009,9,Input_#3_C_NLP3,154
1017,2009,9,Input_#3_D_1K,121284.666666667
1017,2009,9,Input_#3_P_LK98,726792
1017,2009,9,Input_#3_P_NLP3,605507.333333333
1018,2009,10,RM Category,5 rm & less
1018,2009,10,C.LK98,142
1018,2009,10,P.LK98,488408
1018,2009,10,C.1K,36
1018,2009,10,D.1K,128550
1018,2009,10,C.NLP3,106
1018,2009,10,P.NLP3,359858
1018,2009,10,C_1K,36.6666666666667
1018,2009,10,C_LK98,176
1018,2009,10,C_NLP3,139.333333333333
1018,2009,10,D_1K,139444.666666667
1018,2009,10,P_LK98,657707.333333333
1018,2009,10,P_NLP3,518262.666666667
1018,2009,10,Input_#3_C_1K,30.6666666666667
1018,2009,10,Input_#3_C_LK98,176.333333333333
1018,2009,10,Input_#3_C_NLP3,145.666666666667
1018,2009,10,Input_#3_D_1K,117416.666666667
1018,2009,10,Input_#3_P_LK98,650988.666666667
1018,2009,10,Input_#3_P_NLP3,533572
1019,2009,11,RM Category,5 rm & less
1019,2009,11,C.LK98,176
1019,2009,11,P.LK98,627472
1019,2009,11,C.1K,24
1019,2009,11,D.1K,92286
1019,2009,11,C.NLP3,152
1019,2009,11,P.NLP3,535186
1019,2009,11,C_1K,34
1019,2009,11,C_LK98,167.333333333333
1019,2009,11,C_NLP3,133.333333333333
1019,2009,11,D_1K,131566
1019,2009,11,P_LK98,587600.666666667
1019,2009,11,P_NLP3,456034.666666667
1019,2009,11,Input_#3_C_1K,30.3333333333333
1019,2009,11,Input_#3_C_LK98,180
1019,2009,11,Input_#3_C_NLP3,149.666666666667
1019,2009,11,Input_#3_D_1K,113458.666666667
1019,2009,11,Input_#3_P_LK98,651785
1019,2009,11,Input_#3_P_NLP3,538326.333333333
1020,2009,12,RM Category,5 rm & less
1020,2009,12,C.LK98,290
1020,2009,12,P.LK98,889962
1020,2009,12,C.1K,48
1020,2009,12,D.1K,173732
1020,2009,12,C.NLP3,242
1020,2009,12,P.NLP3,716230
1020,2009,12,C_1K,36
1020,2009,12,C_LK98,202.666666666667
1020,2009,12,C_NLP3,166.666666666667
1020,2009,12,D_1K,131522.666666667
1020,2009,12,P_LK98,668614
1020,2009,12,P_NLP3,537091.333333333
1020,2009,12,Input_#3_C_1K,33.3333333333333
1020,2009,12,Input_#3_C_LK98,191
1020,2009,12,Input_#3_C_NLP3,157.666666666667
1020,2009,12,Input_#3_D_1K,123969
1020,2009,12,Input_#3_P_LK98,680347.333333333
1020,2009,12,Input_#3_P_NLP3,556378.333333333
1021,2010,1,RM Category,5 rm & less
1021,2010,1,C.LK98,136
1021,2010,1,P.LK98,556440
1021,2010,1,C.1K,28
1021,2010,1,D.1K,113740
1021,2010,1,C.NLP3,108
1021,2010,1,P.NLP3,442700
1021,2010,1,C_1K,33.3333333333333
1021,2010,1,C_LK98,200.666666666667
1021,2010,1,C_NLP3,167.333333333333
1021,2010,1,D_1K,126586
1021,2010,1,P_LK98,691291.333333333
1021,2010,1,P_NLP3,564705.333333333
1021,2010,1,Input_#3_C_1K,35
1021,2010,1,Input_#3_C_LK98,188.333333333333
1021,2010,1,Input_#3_C_NLP3,153.333333333333
1021,2010,1,Input_#3_D_1K,133015.333333333
1021,2010,1,Input_#3_P_LK98,674499.333333333
1021,2010,1,Input_#3_P_NLP3,541484
1022,2010,2,RM Category,5 rm & less
1022,2010,2,C.LK98,224
1022,2010,2,P.LK98,704984
1022,2010,2,C.1K,34
1022,2010,2,D.1K,133540
1022,2010,2,C.NLP3,190
1022,2010,2,P.NLP3,571444
1022,2010,2,C_1K,36.6666666666667
1022,2010,2,C_LK98,216.666666666667
1022,2010,2,C_NLP3,180
1022,2010,2,D_1K,140337.333333333
1022,2010,2,P_LK98,717128.666666667
1022,2010,2,P_NLP3,576791.333333333
1022,2010,2,Input_#3_C_1K,35.3333333333333
1022,2010,2,Input_#3_C_LK98,192
1022,2010,2,Input_#3_C_NLP3,156.666666666667
1022,2010,2,Input_#3_D_1K,135951.666666667
1022,2010,2,Input_#3_P_LK98,652364.666666667
1022,2010,2,Input_#3_P_NLP3,516413
1023,2010,3,RM Category,5 rm & less
1023,2010,3,C.LK98,256
1023,2010,3,P.LK98,922910
1023,2010,3,C.1K,32
1023,2010,3,D.1K,128104
1023,2010,3,C.NLP3,224
1023,2010,3,P.NLP3,794806
1023,2010,3,C_1K,31.3333333333333
1023,2010,3,C_LK98,205.333333333333
1023,2010,3,C_NLP3,174
1023,2010,3,D_1K,125128
1023,2010,3,P_LK98,728111.333333333
1023,2010,3,P_NLP3,602983.333333333
1023,2010,3,Input_#3_C_1K,33.6666666666667
1023,2010,3,Input_#3_C_LK98,204
1023,2010,3,Input_#3_C_NLP3,170.333333333333
1023,2010,3,Input_#3_D_1K,128325.333333333
1023,2010,3,Input_#3_P_LK98,698362.666666667
1023,2010,3,Input_#3_P_NLP3,570037.333333333
1024,2010,4,RM Category,5 rm & less
1024,2010,4,C.LK98,306
1024,2010,4,P.LK98,862602
1024,2010,4,C.1K,26
1024,2010,4,D.1K,97864
1024,2010,4,C.NLP3,280
1024,2010,4,P.NLP3,764738
1024,2010,4,C_1K,30.6666666666667
1024,2010,4,C_LK98,262
1024,2010,4,C_NLP3,231.333333333333
1024,2010,4,D_1K,119836
1024,2010,4,P_LK98,830165.333333333
1024,2010,4,P_NLP3,710329.333333333
1024,2010,4,Input_#3_C_1K,32
1024,2010,4,Input_#3_C_LK98,231.333333333333
1024,2010,4,Input_#3_C_NLP3,199.333333333333
1024,2010,4,Input_#3_D_1K,123211
1024,2010,4,Input_#3_P_LK98,760728.333333333
1024,2010,4,Input_#3_P_NLP3,637517.333333333
1025,2010,5,RM Category,5 rm & less
1025,2010,5,C.LK98,278
1025,2010,5,P.LK98,814228
1025,2010,5,C.1K,60
1025,2010,5,D.1K,242164
1025,2010,5,C.NLP3,218
1025,2010,5,P.NLP3,572064
1025,2010,5,C_1K,39.3333333333333
1025,2010,5,C_LK98,280
1025,2010,5,C_NLP3,240.666666666667
1025,2010,5,D_1K,156044
1025,2010,5,P_LK98,866580
1025,2010,5,P_NLP3,710536
1025,2010,5,Input_#3_C_1K,38
1025,2010,5,Input_#3_C_LK98,248.333333333333
1025,2010,5,Input_#3_C_NLP3,210.333333333333
1025,2010,5,Input_#3_D_1K,148190.666666667
1025,2010,5,Input_#3_P_LK98,791854.333333333
1025,2010,5,Input_#3_P_NLP3,643663.666666667
1026,2010,6,RM Category,5 rm & less
1026,2010,6,C.LK98,326
1026,2010,6,P.LK98,973190
1026,2010,6,C.1K,40
1026,2010,6,D.1K,168996
1026,2010,6,C.NLP3,286
1026,2010,6,P.NLP3,804194
1026,2010,6,C_1K,42
1026,2010,6,C_LK98,303.333333333333
1026,2010,6,C_NLP3,261.333333333333
1026,2010,6,D_1K,169674.666666667
1026,2010,6,P_LK98,883340
1026,2010,6,P_NLP3,713665.333333333
1026,2010,6,Input_#3_C_1K,36.6666666666667
1026,2010,6,Input_#3_C_LK98,254.333333333333
1026,2010,6,Input_#3_C_NLP3,217.666666666667
1026,2010,6,Input_#3_D_1K,147401.333333333
1026,2010,6,Input_#3_P_LK98,805725.666666667
1026,2010,6,Input_#3_P_NLP3,658324.333333333
1027,2010,7,RM Category,5 rm & less
1027,2010,7,C.LK98,254
1027,2010,7,P.LK98,803096
1027,2010,7,C.1K,22
1027,2010,7,D.1K,84848
1027,2010,7,C.NLP3,232
1027,2010,7,P.NLP3,718248
1027,2010,7,C_1K,40.6666666666667
1027,2010,7,C_LK98,286
1027,2010,7,C_NLP3,245.333333333333
1027,2010,7,D_1K,165336
1027,2010,7,P_LK98,863504.666666667
1027,2010,7,P_NLP3,698168.666666667
1027,2010,7,Input_#3_C_1K,35.6666666666667
1027,2010,7,Input_#3_C_LK98,274
1027,2010,7,Input_#3_C_NLP3,238.333333333333
1027,2010,7,Input_#3_D_1K,142586
1027,2010,7,Input_#3_P_LK98,846835
1027,2010,7,Input_#3_P_NLP3,704249
1028,2010,8,RM Category,5 rm & less
1028,2010,8,C.LK98,232
1028,2010,8,P.LK98,817390
1028,2010,8,C.1K,30
1028,2010,8,D.1K,113688
1028,2010,8,C.NLP3,202
1028,2010,8,P.NLP3,703702
1028,2010,8,C_1K,30.6666666666667
1028,2010,8,C_LK98,270.666666666667
1028,2010,8,C_NLP3,240
1028,2010,8,D_1K,122510.666666667
1028,2010,8,P_LK98,864558.666666667
1028,2010,8,P_NLP3,742048
1028,2010,8,Input_#3_C_1K,35
1028,2010,8,Input_#3_C_LK98,275.333333333333
1028,2010,8,Input_#3_C_NLP3,240.333333333333
1028,2010,8,Input_#3_D_1K,139277.333333333
1028,2010,8,Input_#3_P_LK98,865569.333333333
1028,2010,8,Input_#3_P_NLP3,726292
1029,2010,9,RM Category,5 rm & less
1029,2010,9,C.LK98,228
1029,2010,9,P.LK98,805380
1029,2010,9,C.1K,38
1029,2010,9,D.1K,155666
1029,2010,9,C.NLP3,190
1029,2010,9,P.NLP3,649714
1029,2010,9,C_1K,30
1029,2010,9,C_LK98,238
1029,2010,9,C_NLP3,208
1029,2010,9,D_1K,118067.333333333
1029,2010,9,P_LK98,808622
1029,2010,9,P_NLP3,690554.666666667
1029,2010,9,Input_#3_C_1K,36
1029,2010,9,Input_#3_C_LK98,270.666666666667
1029,2010,9,Input_#3_C_NLP3,234.666666666667
1029,2010,9,Input_#3_D_1K,143871
1029,2010,9,Input_#3_P_LK98,845981
1029,2010,9,Input_#3_P_NLP3,702110
1030,2010,10,RM Category,5 rm & less
1030,2010,10,C.LK98,256
1030,2010,10,P.LK98,943438
1030,2010,10,C.1K,50
1030,2010,10,D.1K,209928
1030,2010,10,C.NLP3,206
1030,2010,10,P.NLP3,733510
1030,2010,10,C_1K,39.3333333333333
1030,2010,10,C_LK98,238.666666666667
1030,2010,10,C_NLP3,199.333333333333
1030,2010,10,D_1K,159760.666666667
1030,2010,10,P_LK98,855402.666666667
1030,2010,10,P_NLP3,695642
1030,2010,10,Input_#3_C_1K,40
1030,2010,10,Input_#3_C_LK98,262.333333333333
1030,2010,10,Input_#3_C_NLP3,222.333333333333
1030,2010,10,Input_#3_D_1K,162548.333333333
1030,2010,10,Input_#3_P_LK98,859453.666666667
1030,2010,10,Input_#3_P_NLP3,696905.333333333
1031,2010,11,RM Category,5 rm & less
1031,2010,11,C.LK98,320
1031,2010,11,P.LK98,955102
1031,2010,11,C.1K,28
1031,2010,11,D.1K,109438
1031,2010,11,C.NLP3,292
1031,2010,11,P.NLP3,845664
1031,2010,11,C_1K,38.6666666666667
1031,2010,11,C_LK98,268
1031,2010,11,C_NLP3,229.333333333333
1031,2010,11,D_1K,158344
1031,2010,11,P_LK98,901306.666666667
1031,2010,11,P_NLP3,742962.666666667
1031,2010,11,Input_#3_C_1K,34.6666666666667
1031,2010,11,Input_#3_C_LK98,269.333333333333
1031,2010,11,Input_#3_C_NLP3,234.666666666667
1031,2010,11,Input_#3_D_1K,140427.333333333
1031,2010,11,Input_#3_P_LK98,882932.666666667
1031,2010,11,Input_#3_P_NLP3,742505.333333333
1032,2010,12,RM Category,5 rm & less
1032,2010,12,C.LK98,334
1032,2010,12,P.LK98,1021322
1032,2010,12,C.1K,52
1032,2010,12,D.1K,201000
1032,2010,12,C.NLP3,282
1032,2010,12,P.NLP3,820322
1032,2010,12,C_1K,43.3333333333333
1032,2010,12,C_LK98,303.333333333333
1032,2010,12,C_NLP3,260
1032,2010,12,D_1K,173455.333333333
1032,2010,12,P_LK98,973287.333333333
1032,2010,12,P_NLP3,799832
1032,2010,12,Input_#3_C_1K,36.6666666666667
1032,2010,12,Input_#3_C_LK98,270.666666666667
1032,2010,12,Input_#3_C_NLP3,234
1032,2010,12,Input_#3_D_1K,145761.333333333
1032,2010,12,Input_#3_P_LK98,890954.666666667
1032,2010,12,Input_#3_P_NLP3,745193.333333333
1033,2011,1,RM Category,5 rm & less
1033,2011,1,C.LK98,204
1033,2011,1,P.LK98,781908
1033,2011,1,C.1K,46
1033,2011,1,D.1K,187192
1033,2011,1,C.NLP3,158
1033,2011,1,P.NLP3,594716
1033,2011,1,C_1K,42
1033,2011,1,C_LK98,286
1033,2011,1,C_NLP3,244
1033,2011,1,D_1K,165876.666666667
1033,2011,1,P_LK98,919444
1033,2011,1,P_NLP3,753567.333333333
1033,2011,1,Input_#3_C_1K,40.6666666666667
1033,2011,1,Input_#3_C_LK98,262.333333333333
1033,2011,1,Input_#3_C_NLP3,221.666666666667
1033,2011,1,Input_#3_D_1K,162818.666666667
1033,2011,1,Input_#3_P_LK98,887423.333333333
1033,2011,1,Input_#3_P_NLP3,724604.666666667
1034,2011,2,RM Category,5 rm & less
1034,2011,2,C.LK98,232
1034,2011,2,P.LK98,739948
1034,2011,2,C.1K,28
1034,2011,2,D.1K,115932
1034,2011,2,C.NLP3,204
1034,2011,2,P.NLP3,624016
1034,2011,2,C_1K,42
1034,2011,2,C_LK98,256.666666666667
1034,2011,2,C_NLP3,214.666666666667
1034,2011,2,D_1K,168041.333333333
1034,2011,2,P_LK98,847726
1034,2011,2,P_NLP3,679684.666666667
1034,2011,2,Input_#3_C_1K,40.3333333333333
1034,2011,2,Input_#3_C_LK98,262.333333333333
1034,2011,2,Input_#3_C_NLP3,222
1034,2011,2,Input_#3_D_1K,163192.666666667
1034,2011,2,Input_#3_P_LK98,874516.333333333
1034,2011,2,Input_#3_P_NLP3,711323.666666667
1035,2011,3,RM Category,5 rm & less
1035,2011,3,C.LK98,258
1035,2011,3,P.LK98,930138
1035,2011,3,C.1K,48
1035,2011,3,D.1K,192916
1035,2011,3,C.NLP3,210
1035,2011,3,P.NLP3,737222
1035,2011,3,C_1K,40.6666666666667
1035,2011,3,C_LK98,231.333333333333
1035,2011,3,C_NLP3,190.666666666667
1035,2011,3,D_1K,165346.666666667
1035,2011,3,P_LK98,817331.333333333
1035,2011,3,P_NLP3,651984.666666667
1035,2011,3,Input_#3_C_1K,42
1035,2011,3,Input_#3_C_LK98,267.333333333333
1035,2011,3,Input_#3_C_NLP3,225.333333333333
1035,2011,3,Input_#3_D_1K,169401
1035,2011,3,Input_#3_P_LK98,895309.333333333
1035,2011,3,Input_#3_P_NLP3,725908.333333333
1036,2011,4,RM Category,5 rm & less
1036,2011,4,C.LK98,204
1036,2011,4,P.LK98,693354
1036,2011,4,C.1K,46
1036,2011,4,D.1K,192916
1036,2011,4,C.NLP3,158
1036,2011,4,P.NLP3,500438
1036,2011,4,C_1K,40.6666666666667
1036,2011,4,C_LK98,231.333333333333
1036,2011,4,C_NLP3,190.666666666667
1036,2011,4,D_1K,167254.666666667
1036,2011,4,P_LK98,787813.333333333
1036,2011,4,P_NLP3,620558.666666667
1036,2011,4,Input_#3_C_1K,41.3333333333333
1036,2011,4,Input_#3_C_LK98,258.666666666667
1036,2011,4,Input_#3_C_NLP3,217.333333333333
1036,2011,4,Input_#3_D_1K,166565.666666667
1036,2011,4,Input_#3_P_LK98,853628.666666667
1036,2011,4,Input_#3_P_NLP3,687063
1037,2011,5,RM Category,5 rm & less
1037,2011,5,C.LK98,336
1037,2011,5,P.LK98,1023134
1037,2011,5,C.1K,34
1037,2011,5,D.1K,133114
1037,2011,5,C.NLP3,302
1037,2011,5,P.NLP3,890020
1037,2011,5,C_1K,42.6666666666667
1037,2011,5,C_LK98,266
1037,2011,5,C_NLP3,223.333333333333
1037,2011,5,D_1K,172982
1037,2011,5,P_LK98,882208.666666667
1037,2011,5,P_NLP3,709226.666666667
1037,2011,5,Input_#3_C_1K,42.3333333333333
1037,2011,5,Input_#3_C_LK98,261.333333333333
1037,2011,5,Input_#3_C_NLP3,219
1037,2011,5,Input_#3_D_1K,170511.666666667
1037,2011,5,Input_#3_P_LK98,864967.333333333
1037,2011,5,Input_#3_P_NLP3,694455.666666667
1038,2011,6,RM Category,5 rm & less
1038,2011,6,C.LK98,348
1038,2011,6,P.LK98,1128576
1038,2011,6,C.1K,48
1038,2011,6,D.1K,198736
1038,2011,6,C.NLP3,300
1038,2011,6,P.NLP3,929840
1038,2011,6,C_1K,42.6666666666667
1038,2011,6,C_LK98,296
1038,2011,6,C_NLP3,253.333333333333
1038,2011,6,D_1K,174922
1038,2011,6,P_LK98,948354.666666667
1038,2011,6,P_NLP3,773432.666666667
1038,2011,6,Input_#3_C_1K,41.6666666666667
1038,2011,6,Input_#3_C_LK98,263.666666666667
1038,2011,6,Input_#3_C_NLP3,222
1038,2011,6,Input_#3_D_1K,170134.333333333
1038,2011,6,Input_#3_P_LK98,882843
1038,2011,6,Input_#3_P_NLP3,712708.666666667
1039,2011,7,RM Category,5 rm & less
1039,2011,7,C.LK98,226
1039,2011,7,P.LK98,759570
1039,2011,7,C.1K,36
1039,2011,7,D.1K,129000
1039,2011,7,C.NLP3,190
1039,2011,7,P.NLP3,630570
1039,2011,7,C_1K,39.3333333333333
1039,2011,7,C_LK98,303.333333333333
1039,2011,7,C_NLP3,264
1039,2011,7,D_1K,153616.666666667
1039,2011,7,P_LK98,970426.666666667
1039,2011,7,P_NLP3,816810
1039,2011,7,Input_#3_C_1K,40
1039,2011,7,Input_#3_C_LK98,267.333333333333
1039,2011,7,Input_#3_C_NLP3,227.333333333333
1039,2011,7,Input_#3_D_1K,160435.666666667
1039,2011,7,Input_#3_P_LK98,879120
1039,2011,7,Input_#3_P_NLP3,718684.333333333
1040,2011,8,RM Category,5 rm & less
1040,2011,8,C.LK98,352
1040,2011,8,P.LK98,971112
1040,2011,8,C.1K,22
1040,2011,8,D.1K,80502
1040,2011,8,C.NLP3,330
1040,2011,8,P.NLP3,890610
1040,2011,8,C_1K,35.3333333333333
1040,2011,8,C_LK98,308.666666666667
1040,2011,8,C_NLP3,273.333333333333
1040,2011,8,D_1K,136079.333333333
1040,2011,8,P_LK98,953086
1040,2011,8,P_NLP3,817006.666666667
1040,2011,8,Input_#3_C_1K,39
1040,2011,8,Input_#3_C_LK98,287.333333333333
1040,2011,8,Input_#3_C_NLP3,248.333333333333
1040,2011,8,Input_#3_D_1K,154530.666666667
1040,2011,8,Input_#3_P_LK98,917647.333333333
1040,2011,8,Input_#3_P_NLP3,763116.666666667
1041,2011,9,RM Category,5 rm & less
1041,2011,9,C.LK98,250
1041,2011,9,P.LK98,863378
1041,2011,9,C.1K,52
1041,2011,9,D.1K,189604
1041,2011,9,C.NLP3,198
1041,2011,9,P.NLP3,673774
1041,2011,9,C_1K,36.6666666666667
1041,2011,9,C_LK98,276
1041,2011,9,C_NLP3,239.333333333333
1041,2011,9,D_1K,133035.333333333
1041,2011,9,P_LK98,864686.666666667
1041,2011,9,P_NLP3,731651.333333333
1041,2011,9,Input_#3_C_1K,39.6666666666667
1041,2011,9,Input_#3_C_LK98,286
1041,2011,9,Input_#3_C_NLP3,246.333333333333
1041,2011,9,Input_#3_D_1K,153978.666666667
1041,2011,9,Input_#3_P_LK98,906520.666666667
1041,2011,9,Input_#3_P_NLP3,752542
1042,2011,10,RM Category,5 rm & less
1042,2011,10,C.LK98,240
1042,2011,10,P.LK98,895076
1042,2011,10,C.1K,48
1042,2011,10,D.1K,175172
1042,2011,10,C.NLP3,192
1042,2011,10,P.NLP3,719904
1042,2011,10,C_1K,40.6666666666667
1042,2011,10,C_LK98,280.666666666667
1042,2011,10,C_NLP3,240
1042,2011,10,D_1K,148426
1042,2011,10,P_LK98,909855.333333333
1042,2011,10,P_NLP3,761429.333333333
1042,2011,10,Input_#3_C_1K,40
1042,2011,10,Input_#3_C_LK98,292
1042,2011,10,Input_#3_C_NLP3,252
1042,2011,10,Input_#3_D_1K,151021.333333333
1042,2011,10,Input_#3_P_LK98,940141
1042,2011,10,Input_#3_P_NLP3,789119.666666667
1043,2011,11,RM Category,5 rm & less
1043,2011,11,C.LK98,204
1043,2011,11,P.LK98,778776
1043,2011,11,C.1K,38
1043,2011,11,D.1K,141830
1043,2011,11,C.NLP3,166
1043,2011,11,P.NLP3,636946
1043,2011,11,C_1K,46
1043,2011,11,C_LK98,231.333333333333
1043,2011,11,C_NLP3,185.333333333333
1043,2011,11,D_1K,168868.666666667
1043,2011,11,P_LK98,845743.333333333
1043,2011,11,P_NLP3,676874.666666667
1043,2011,11,Input_#3_C_1K,40.6666666666667
1043,2011,11,Input_#3_C_LK98,270
1043,2011,11,Input_#3_C_NLP3,229.333333333333
1043,2011,11,Input_#3_D_1K,152474
1043,2011,11,Input_#3_P_LK98,899414.666666667
1043,2011,11,Input_#3_P_NLP3,746940.666666667
1044,2011,12,RM Category,5 rm & less
1044,2011,12,C.LK98,296
1044,2011,12,P.LK98,1071192
1044,2011,12,C.1K,38
1044,2011,12,D.1K,137866
1044,2011,12,C.NLP3,258
1044,2011,12,P.NLP3,933326
1044,2011,12,C_1K,41.3333333333333
1044,2011,12,C_LK98,246.666666666667
1044,2011,12,C_NLP3,205.333333333333
1044,2011,12,D_1K,151622.666666667
1044,2011,12,P_LK98,915014.666666667
1044,2011,12,P_NLP3,763392
1044,2011,12,Input_#3_C_1K,39
1044,2011,12,Input_#3_C_LK98,261.333333333333
1044,2011,12,Input_#3_C_NLP3,222.333333333333
1044,2011,12,Input_#3_D_1K,142329
1044,2011,12,Input_#3_P_LK98,889850.666666667
1044,2011,12,Input_#3_P_NLP3,747521.666666667
1045,2012,1,RM Category,5 rm & less
1045,2012,1,C.LK98,276
1045,2012,1,P.LK98,922550
1045,2012,1,C.1K,32
1045,2012,1,D.1K,108380
1045,2012,1,C.NLP3,244
1045,2012,1,P.NLP3,814170
1045,2012,1,C_1K,36
1045,2012,1,C_LK98,258.666666666667
1045,2012,1,C_NLP3,222.666666666667
1045,2012,1,D_1K,129358.666666667
1045,2012,1,P_LK98,924172.666666667
1045,2012,1,P_NLP3,794814
1045,2012,1,Input_#3_C_1K,38.3333333333333
1045,2012,1,Input_#3_C_LK98,269.666666666667
1045,2012,1,Input_#3_C_NLP3,231.333333333333
1045,2012,1,Input_#3_D_1K,138892.333333333
1045,2012,1,Input_#3_P_LK98,917014
1045,2012,1,Input_#3_P_NLP3,778121.666666667
1046,2012,2,RM Category,5 rm & less
1046,2012,2,C.LK98,220
1046,2012,2,P.LK98,822226
1046,2012,2,C.1K,40
1046,2012,2,D.1K,156688
1046,2012,2,C.NLP3,180
1046,2012,2,P.NLP3,665538
1046,2012,2,C_1K,36.6666666666667
1046,2012,2,C_LK98,264
1046,2012,2,C_NLP3,227.333333333333
1046,2012,2,D_1K,134311.333333333
1046,2012,2,P_LK98,938656
1046,2012,2,P_NLP3,804344.666666667
1046,2012,2,Input_#3_C_1K,41.3333333333333
1046,2012,2,Input_#3_C_LK98,247.666666666667
1046,2012,2,Input_#3_C_NLP3,206.333333333333
1046,2012,2,Input_#3_D_1K,151590
1046,2012,2,Input_#3_P_LK98,892199.666666667
1046,2012,2,Input_#3_P_NLP3,740609.666666667
1047,2012,3,RM Category,5 rm & less
1047,2012,3,C.LK98,268
1047,2012,3,P.LK98,946344
1047,2012,3,C.1K,36
1047,2012,3,D.1K,127422
1047,2012,3,C.NLP3,232
1047,2012,3,P.NLP3,818922
1047,2012,3,C_1K,36
1047,2012,3,C_LK98,254.666666666667
1047,2012,3,C_NLP3,218.666666666667
1047,2012,3,D_1K,130830
1047,2012,3,P_LK98,897040
1047,2012,3,P_NLP3,766210
1047,2012,3,Input_#3_C_1K,38.6666666666667
1047,2012,3,Input_#3_C_LK98,250.666666666667
1047,2012,3,Input_#3_C_NLP3,212
1047,2012,3,Input_#3_D_1K,141226.333333333
1047,2012,3,Input_#3_P_LK98,906027.333333333
1047,2012,3,Input_#3_P_NLP3,764801
1048,2012,4,RM Category,5 rm & less
1048,2012,4,C.LK98,338
1048,2012,4,P.LK98,1040088
1048,2012,4,C.1K,50
1048,2012,4,D.1K,181178
1048,2012,4,C.NLP3,288
1048,2012,4,P.NLP3,858910
1048,2012,4,C_1K,42
1048,2012,4,C_LK98,275.333333333333
1048,2012,4,C_NLP3,233.333333333333
1048,2012,4,D_1K,155096
1048,2012,4,P_LK98,936219.333333333
1048,2012,4,P_NLP3,781123.333333333
1048,2012,4,Input_#3_C_1K,39
1048,2012,4,Input_#3_C_LK98,267
1048,2012,4,Input_#3_C_NLP3,228
1048,2012,4,Input_#3_D_1K,142227.333333333
1048,2012,4,Input_#3_P_LK98,930196
1048,2012,4,Input_#3_P_NLP3,787968.666666667
1049,2012,5,RM Category,5 rm & less
1049,2012,5,C.LK98,276
1049,2012,5,P.LK98,1011020
1049,2012,5,C.1K,42
1049,2012,5,D.1K,169520
1049,2012,5,C.NLP3,234
1049,2012,5,P.NLP3,841500
1049,2012,5,C_1K,42.6666666666667
1049,2012,5,C_LK98,294
1049,2012,5,C_NLP3,251.333333333333
1049,2012,5,D_1K,159373.333333333
1049,2012,5,P_LK98,999150.666666667
1049,2012,5,P_NLP3,839777.333333333
1049,2012,5,Input_#3_C_1K,39.6666666666667
1049,2012,5,Input_#3_C_LK98,279
1049,2012,5,Input_#3_C_NLP3,239.333333333333
1049,2012,5,Input_#3_D_1K,146842.333333333
1049,2012,5,Input_#3_P_LK98,968903.333333333
1049,2012,5,Input_#3_P_NLP3,822061
1050,2012,6,RM Category,5 rm & less
1050,2012,6,C.LK98,308
1050,2012,6,P.LK98,1094158
1050,2012,6,C.1K,62
1050,2012,6,D.1K,242336
1050,2012,6,C.NLP3,246
1050,2012,6,P.NLP3,851822
1050,2012,6,C_1K,51.3333333333333
1050,2012,6,C_LK98,307.333333333333
1050,2012,6,C_NLP3,256
1050,2012,6,D_1K,197678
1050,2012,6,P_LK98,1048422
1050,2012,6,P_NLP3,850744
1050,2012,6,Input_#3_C_1K,43.6666666666667
1050,2012,6,Input_#3_C_LK98,281
1050,2012,6,Input_#3_C_NLP3,237.333333333333
1050,2012,6,Input_#3_D_1K,164254
1050,2012,6,Input_#3_P_LK98,972731
1050,2012,6,Input_#3_P_NLP3,808477
1051,2012,7,RM Category,5 rm & less
1051,2012,7,C.LK98,162
1051,2012,7,P.LK98,661542
1051,2012,7,C.1K,30
1051,2012,7,D.1K,117050
1051,2012,7,C.NLP3,132
1051,2012,7,P.NLP3,544492
1051,2012,7,C_1K,44.6666666666667
1051,2012,7,C_LK98,248.666666666667
1051,2012,7,C_NLP3,204
1051,2012,7,D_1K,176302
1051,2012,7,P_LK98,922240
1051,2012,7,P_NLP3,745938
1051,2012,7,Input_#3_C_1K,43.3333333333333
1051,2012,7,Input_#3_C_LK98,262
1051,2012,7,Input_#3_C_NLP3,218.666666666667
1051,2012,7,Input_#3_D_1K,165699
1051,2012,7,Input_#3_P_LK98,929229.666666667
1051,2012,7,Input_#3_P_NLP3,763530.666666667
1052,2012,8,RM Category,5 rm & less
1052,2012,8,C.LK98,268
1052,2012,8,P.LK98,1003748
1052,2012,8,C.1K,46
1052,2012,8,D.1K,174886
1052,2012,8,C.NLP3,222
1052,2012,8,P.NLP3,828862
1052,2012,8,C_1K,46
1052,2012,8,C_LK98,246
1052,2012,8,C_NLP3,200
1052,2012,8,D_1K,178090.666666667
1052,2012,8,P_LK98,919816
1052,2012,8,P_NLP3,741725.333333333
1052,2012,8,Input_#3_C_1K,44.3333333333333
1052,2012,8,Input_#3_C_LK98,270
1052,2012,8,Input_#3_C_NLP3,225.666666666667
1052,2012,8,Input_#3_D_1K,168732
1052,2012,8,Input_#3_P_LK98,959483.333333333
1052,2012,8,Input_#3_P_NLP3,790751.333333333
1053,2012,9,RM Category,5 rm & less
1053,2012,9,C.LK98,298
1053,2012,9,P.LK98,1101838
1053,2012,9,C.1K,54
1053,2012,9,D.1K,238080
1053,2012,9,C.NLP3,244
1053,2012,9,P.NLP3,863758
1053,2012,9,C_1K,43.3333333333333
1053,2012,9,C_LK98,242.666666666667
1053,2012,9,C_NLP3,199.333333333333
1053,2012,9,D_1K,176672
1053,2012,9,P_LK98,922376
1053,2012,9,P_NLP3,745704
1053,2012,9,Input_#3_C_1K,47.3333333333333
1053,2012,9,Input_#3_C_LK98,275
1053,2012,9,Input_#3_C_NLP3,227.666666666667
1053,2012,9,Input_#3_D_1K,187175
1053,2012,9,Input_#3_P_LK98,985399
1053,2012,9,Input_#3_P_NLP3,798224
1054,2012,10,RM Category,5 rm & less
1054,2012,10,C.LK98,282
1054,2012,10,P.LK98,1116236
1054,2012,10,C.1K,50
1054,2012,10,D.1K,210790
1054,2012,10,C.NLP3,232
1054,2012,10,P.NLP3,905446
1054,2012,10,C_1K,50
1054,2012,10,C_LK98,282.666666666667
1054,2012,10,C_NLP3,232.666666666667
1054,2012,10,D_1K,207918.666666667
1054,2012,10,P_LK98,1073940.66666667
1054,2012,10,P_NLP3,866022
1054,2012,10,Input_#3_C_1K,47.3333333333333
1054,2012,10,Input_#3_C_LK98,265.666666666667
1054,2012,10,Input_#3_C_NLP3,218.333333333333
1054,2012,10,Input_#3_D_1K,192110.333333333
1054,2012,10,Input_#3_P_LK98,998090.333333333
1054,2012,10,Input_#3_P_NLP3,805980
1055,2012,11,RM Category,5 rm & less
1055,2012,11,C.LK98,330
1055,2012,11,P.LK98,1218682
1055,2012,11,C.1K,76
1055,2012,11,D.1K,292918
1055,2012,11,C.NLP3,254
1055,2012,11,P.NLP3,925764
1055,2012,11,C_1K,60
1055,2012,11,C_LK98,303.333333333333
1055,2012,11,C_NLP3,243.333333333333
1055,2012,11,D_1K,247262.666666667
1055,2012,11,P_LK98,1145585.33333333
1055,2012,11,P_NLP3,898322.666666667
1055,2012,11,Input_#3_C_1K,53
1055,2012,11,Input_#3_C_LK98,274.666666666667
1055,2012,11,Input_#3_C_NLP3,221.666666666667
1055,2012,11,Input_#3_D_1K,212676.666666667
1055,2012,11,Input_#3_P_LK98,1032700.66666667
1055,2012,11,Input_#3_P_NLP3,820024
1056,2012,12,RM Category,5 rm & less
1056,2012,12,C.LK98,350
1056,2012,12,P.LK98,1411794
1056,2012,12,C.1K,40
1056,2012,12,D.1K,157328
1056,2012,12,C.NLP3,310
1056,2012,12,P.NLP3,1254466
1056,2012,12,C_1K,55.3333333333333
1056,2012,12,C_LK98,320.666666666667
1056,2012,12,C_NLP3,265.333333333333
1056,2012,12,D_1K,220345.333333333
1056,2012,12,P_LK98,1248904
1056,2012,12,P_NLP3,1028558.66666667
1056,2012,12,Input_#3_C_1K,49.3333333333333
1056,2012,12,Input_#3_C_LK98,281.666666666667
1056,2012,12,Input_#3_C_NLP3,232.333333333333
1056,2012,12,Input_#3_D_1K,198508.666666667
1056,2012,12,Input_#3_P_LK98,1085640
1056,2012,12,Input_#3_P_NLP3,887131.333333333
1057,2013,1,RM Category,5 rm & less
1057,2013,1,C.LK98,230
1057,2013,1,P.LK98,925568
1057,2013,1,C.1K,38
1057,2013,1,D.1K,156788
1057,2013,1,C.NLP3,192
1057,2013,1,P.NLP3,768780
1057,2013,1,C_1K,51.3333333333333
1057,2013,1,C_LK98,303.333333333333
1057,2013,1,C_NLP3,252
1057,2013,1,D_1K,202344.666666667
1057,2013,1,P_LK98,1185348
1057,2013,1,P_NLP3,983003.333333333
1057,2013,1,Input_#3_C_1K,50.6666666666667
1057,2013,1,Input_#3_C_LK98,293
1057,2013,1,Input_#3_C_NLP3,242.333333333333
1057,2013,1,Input_#3_D_1K,205131.666666667
1057,2013,1,Input_#3_P_LK98,1129644.33333333
1057,2013,1,Input_#3_P_NLP3,924512.666666667
1058,2013,2,RM Category,5 rm & less
1058,2013,2,C.LK98,186
1058,2013,2,P.LK98,792164
1058,2013,2,C.1K,44
1058,2013,2,D.1K,165504
1058,2013,2,C.NLP3,142
1058,2013,2,P.NLP3,626660
1058,2013,2,C_1K,40.6666666666667
1058,2013,2,C_LK98,255.333333333333
1058,2013,2,C_NLP3,214.666666666667
1058,2013,2,D_1K,159873.333333333
1058,2013,2,P_LK98,1043175.33333333
1058,2013,2,P_NLP3,883302
1058,2013,2,Input_#3_C_1K,50.3333333333333
1058,2013,2,Input_#3_C_LK98,279.333333333333
1058,2013,2,Input_#3_C_NLP3,229
1058,2013,2,Input_#3_D_1K,203568
1058,2013,2,Input_#3_P_LK98,1094380.33333333
1058,2013,2,Input_#3_P_NLP3,890812.333333333
1059,2013,3,RM Category,5 rm & less
1059,2013,3,C.LK98,224
1059,2013,3,P.LK98,934696
1059,2013,3,C.1K,40
1059,2013,3,D.1K,156510
1059,2013,3,C.NLP3,184
1059,2013,3,P.NLP3,778186
1059,2013,3,C_1K,40.6666666666667
1059,2013,3,C_LK98,213.333333333333
1059,2013,3,C_NLP3,172.666666666667
1059,2013,3,D_1K,159600.666666667
1059,2013,3,P_LK98,884142.666666667
1059,2013,3,P_NLP3,724542
1059,2013,3,Input_#3_C_1K,48
1059,2013,3,Input_#3_C_LK98,267
1059,2013,3,Input_#3_C_NLP3,219
1059,2013,3,Input_#3_D_1K,189973
1059,2013,3,Input_#3_P_LK98,1066523.33333333
1059,2013,3,Input_#3_P_NLP3,876550.333333333
1060,2013,4,RM Category,5 rm & less
1060,2013,4,C.LK98,336
1060,2013,4,P.LK98,1249642
1060,2013,4,C.1K,54
1060,2013,4,D.1K,202886
1060,2013,4,C.NLP3,282
1060,2013,4,P.NLP3,1046756
1060,2013,4,C_1K,46
1060,2013,4,C_LK98,248.666666666667
1060,2013,4,C_NLP3,202.666666666667
1060,2013,4,D_1K,174966.666666667
1060,2013,4,P_LK98,992167.333333333
1060,2013,4,P_NLP3,817200.666666667
1060,2013,4,Input_#3_C_1K,48.6666666666667
1060,2013,4,Input_#3_C_LK98,276
1060,2013,4,Input_#3_C_NLP3,227.333333333333
1060,2013,4,Input_#3_D_1K,188655.666666667
1060,2013,4,Input_#3_P_LK98,1088757.66666667
1060,2013,4,Input_#3_P_NLP3,900102
1061,2013,5,RM Category,5 rm & less
1061,2013,5,C.LK98,350
1061,2013,5,P.LK98,1235694
1061,2013,5,C.1K,42
1061,2013,5,D.1K,166652
1061,2013,5,C.NLP3,308
1061,2013,5,P.NLP3,1069042
1061,2013,5,C_1K,45.3333333333333
1061,2013,5,C_LK98,303.333333333333
1061,2013,5,C_NLP3,258
1061,2013,5,D_1K,175349.333333333
1061,2013,5,P_LK98,1140010.66666667
1061,2013,5,P_NLP3,964661.333333333
1061,2013,5,Input_#3_C_1K,43
1061,2013,5,Input_#3_C_LK98,279.333333333333
1061,2013,5,Input_#3_C_NLP3,236.333333333333
1061,2013,5,Input_#3_D_1K,167611.333333333
1061,2013,5,Input_#3_P_LK98,1091593
1061,2013,5,Input_#3_P_NLP3,923981.666666667
1062,2013,6,RM Category,5 rm & less
1062,2013,6,C.LK98,344
1062,2013,6,P.LK98,1199750
1062,2013,6,C.1K,52
1062,2013,6,D.1K,198590
1062,2013,6,C.NLP3,292
1062,2013,6,P.NLP3,1001160
1062,2013,6,C_1K,49.3333333333333
1062,2013,6,C_LK98,343.333333333333
1062,2013,6,C_NLP3,294
1062,2013,6,D_1K,189376
1062,2013,6,P_LK98,1228362
1062,2013,6,P_NLP3,1038986
1062,2013,6,Input_#3_C_1K,45
1062,2013,6,Input_#3_C_LK98,278.333333333333
1062,2013,6,Input_#3_C_NLP3,233.333333333333
1062,2013,6,Input_#3_D_1K,174488.333333333
1062,2013,6,Input_#3_P_LK98,1056252.33333333
1062,2013,6,Input_#3_P_NLP3,881764
1063,2013,7,RM Category,5 rm & less
1063,2013,7,C.LK98,288
1063,2013,7,P.LK98,1155644
1063,2013,7,C.1K,76
1063,2013,7,D.1K,293490
1063,2013,7,C.NLP3,212
1063,2013,7,P.NLP3,862154
1063,2013,7,C_1K,56.6666666666667
1063,2013,7,C_LK98,327.333333333333
1063,2013,7,C_NLP3,270.666666666667
1063,2013,7,D_1K,219577.333333333
1063,2013,7,P_LK98,1197029.33333333
1063,2013,7,P_NLP3,977452
1063,2013,7,Input_#3_C_1K,51.3333333333333
1063,2013,7,Input_#3_C_LK98,288
1063,2013,7,Input_#3_C_NLP3,236.666666666667
1063,2013,7,Input_#3_D_1K,197272
1063,2013,7,Input_#3_P_LK98,1094598.33333333
1063,2013,7,Input_#3_P_NLP3,897326.333333333
1064,2013,8,RM Category,5 rm & less
1064,2013,8,C.LK98,348
1064,2013,8,P.LK98,1092918
1064,2013,8,C.1K,16
1064,2013,8,D.1K,70326
1064,2013,8,C.NLP3,332
1064,2013,8,P.NLP3,1022592
1064,2013,8,C_1K,48
1064,2013,8,C_LK98,326.666666666667
1064,2013,8,C_NLP3,278.666666666667
1064,2013,8,D_1K,187468.666666667
1064,2013,8,P_LK98,1149437.33333333
1064,2013,8,P_NLP3,961968.666666667
1064,2013,8,Input_#3_C_1K,46.6666666666667
1064,2013,8,Input_#3_C_LK98,315
1064,2013,8,Input_#3_C_NLP3,268.333333333333
1064,2013,8,Input_#3_D_1K,181409
1064,2013,8,Input_#3_P_LK98,1144724
1064,2013,8,Input_#3_P_NLP3,963315
1065,2013,9,RM Category,5 rm & less
1065,2013,9,C.LK98,340
1065,2013,9,P.LK98,1144064
1065,2013,9,C.1K,44
1065,2013,9,D.1K,150970
1065,2013,9,C.NLP3,296
1065,2013,9,P.NLP3,993094
1065,2013,9,C_1K,45.3333333333333
1065,2013,9,C_LK98,325.333333333333
1065,2013,9,C_NLP3,280
1065,2013,9,D_1K,171595.333333333
1065,2013,9,P_LK98,1130875.33333333
1065,2013,9,P_NLP3,959280
1065,2013,9,Input_#3_C_1K,47.3333333333333
1065,2013,9,Input_#3_C_LK98,334.333333333333
1065,2013,9,Input_#3_C_NLP3,287
1065,2013,9,Input_#3_D_1K,180485.666666667
1065,2013,9,Input_#3_P_LK98,1179618.66666667
1065,2013,9,Input_#3_P_NLP3,999133
1066,2013,10,RM Category,5 rm & less
1066,2013,10,C.LK98,356
1066,2013,10,P.LK98,1233688
1066,2013,10,C.1K,52
1066,2013,10,D.1K,210030
1066,2013,10,C.NLP3,304
1066,2013,10,P.NLP3,1023658
1066,2013,10,C_1K,37.3333333333333
1066,2013,10,C_LK98,348
1066,2013,10,C_NLP3,310.666666666667
1066,2013,10,D_1K,143775.333333333
1066,2013,10,P_LK98,1156890
1066,2013,10,P_NLP3,1013114.66666667
1066,2013,10,Input_#3_C_1K,47
1066,2013,10,Input_#3_C_LK98,337.666666666667
1066,2013,10,Input_#3_C_NLP3,290.666666666667
1066,2013,10,Input_#3_D_1K,181676.333333333
1066,2013,10,Input_#3_P_LK98,1176959.66666667
1066,2013,10,Input_#3_P_NLP3,995283.333333333
1067,2013,11,RM Category,5 rm & less
1067,2013,11,C.LK98,282
1067,2013,11,P.LK98,1050416
1067,2013,11,C.1K,74
1067,2013,11,D.1K,313190
1067,2013,11,C.NLP3,208
1067,2013,11,P.NLP3,737226
1067,2013,11,C_1K,56.6666666666667
1067,2013,11,C_LK98,326
1067,2013,11,C_NLP3,269.333333333333
1067,2013,11,D_1K,224730
1067,2013,11,P_LK98,1142722.66666667
1067,2013,11,P_NLP3,917992.666666667
1067,2013,11,Input_#3_C_1K,52.3333333333333
1067,2013,11,Input_#3_C_LK98,326.333333333333
1067,2013,11,Input_#3_C_NLP3,274
1067,2013,11,Input_#3_D_1K,206099.333333333
1067,2013,11,Input_#3_P_LK98,1146080
1067,2013,11,Input_#3_P_NLP3,939980.666666667
1068,2013,12,RM Category,5 rm & less
1068,2013,12,C.LK98,296
1068,2013,12,P.LK98,1198138
1068,2013,12,C.1K,56
1068,2013,12,D.1K,210728
1068,2013,12,C.NLP3,240
1068,2013,12,P.NLP3,987410
1068,2013,12,C_1K,60.6666666666667
1068,2013,12,C_LK98,311.333333333333
1068,2013,12,C_NLP3,250.666666666667
1068,2013,12,D_1K,244649.333333333
1068,2013,12,P_LK98,1160747.33333333
1068,2013,12,P_NLP3,916098
1068,2013,12,Input_#3_C_1K,53
1068,2013,12,Input_#3_C_LK98,318.333333333333
1068,2013,12,Input_#3_C_NLP3,265.333333333333
1068,2013,12,Input_#3_D_1K,208122.333333333
1068,2013,12,Input_#3_P_LK98,1145811.33333333
1068,2013,12,Input_#3_P_NLP3,937689
1069,2014,1,RM Category,5 rm & less
1069,2014,1,C.LK98,268
1069,2014,1,P.LK98,1082484
1069,2014,1,C.1K,29
1069,2014,1,D.1K,118118
1069,2014,1,C.NLP3,105
1069,2014,1,P.NLP3,423124
1069,2014,1,C_1K,53
1069,2014,1,C_LK98,282
1069,2014,1,C_NLP3,184.333333333333
1069,2014,1,D_1K,214012
1069,2014,1,P_LK98,1110346
1069,2014,1,P_NLP3,715920
1069,2014,1,Input_#3_C_1K,45.1666666666667
1069,2014,1,Input_#3_C_LK98,315
1069,2014,1,Input_#3_C_NLP3,247.5
1069,2014,1,Input_#3_D_1K,178893.666666667
1069,2014,1,Input_#3_P_LK98,1133618
1069,2014,1,Input_#3_P_NLP3,864517.333333333
1070,2014,2,RM Category,5 rm & less
1070,2014,2,C.LK98,336
1070,2014,2,P.LK98,1245266
1070,2014,2,C.1K,70
1070,2014,2,D.1K,288254
1070,2014,2,C.NLP3,266
1070,2014,2,P.NLP3,957012
1070,2014,2,C_1K,51.6666666666667
1070,2014,2,C_LK98,300
1070,2014,2,C_NLP3,203.666666666667
1070,2014,2,D_1K,205700
1070,2014,2,P_LK98,1175296
1070,2014,2,P_NLP3,789182
1070,2014,2,Input_#3_C_1K,54.1666666666667
1070,2014,2,Input_#3_C_LK98,313
1070,2014,2,Input_#3_C_NLP3,236.5
1070,2014,2,Input_#3_D_1K,215215
1070,2014,2,Input_#3_P_LK98,1159009.33333333
1070,2014,2,Input_#3_P_NLP3,853587.333333333
1071,2014,3,RM Category,5 rm & less
1071,2014,3,C.LK98,300
1071,2014,3,P.LK98,1146936
1071,2014,3,C.1K,60
1071,2014,3,D.1K,237664
1071,2014,3,C.NLP3,240
1071,2014,3,P.NLP3,909272
1071,2014,3,C_1K,53
1071,2014,3,C_LK98,301.333333333333
1071,2014,3,C_NLP3,203.666666666667
1071,2014,3,D_1K,214678.666666667
1071,2014,3,P_LK98,1158228.66666667
1071,2014,3,P_NLP3,763136
1071,2014,3,Input_#3_C_1K,56.8333333333333
1071,2014,3,Input_#3_C_LK98,306.333333333333
1071,2014,3,Input_#3_C_NLP3,227.166666666667
1071,2014,3,Input_#3_D_1K,229664
1071,2014,3,Input_#3_P_LK98,1159488
1071,2014,3,Input_#3_P_NLP3,839617
1072,2014,4,RM Category,5 rm & less
1072,2014,4,C.LK98,458
1072,2014,4,P.LK98,1464334
1072,2014,4,C.1K,70
1072,2014,4,D.1K,270520
1072,2014,4,C.NLP3,388
1072,2014,4,P.NLP3,1193814
1072,2014,4,C_1K,66.6666666666667
1072,2014,4,C_LK98,364.666666666667
1072,2014,4,C_NLP3,298
1072,2014,4,D_1K,265479.333333333
1072,2014,4,P_LK98,1285512
1072,2014,4,P_NLP3,1020032.66666667
1072,2014,4,Input_#3_C_1K,59.8333333333333
1072,2014,4,Input_#3_C_LK98,323.333333333333
1072,2014,4,Input_#3_C_NLP3,241.166666666667
1072,2014,4,Input_#3_D_1K,239745.666666667
1072,2014,4,Input_#3_P_LK98,1197929
1072,2014,4,Input_#3_P_NLP3,867976.333333333
1073,2014,5,RM Category,5 rm & less
1073,2014,5,C.LK98,376
1073,2014,5,P.LK98,1410180
1073,2014,5,C.1K,66
1073,2014,5,D.1K,279182.6
1073,2014,5,C.NLP3,310
1073,2014,5,P.NLP3,1130997.4
1073,2014,5,C_1K,65.3333333333333
1073,2014,5,C_LK98,378
1073,2014,5,C_NLP3,312.666666666667
1073,2014,5,D_1K,262455.533333333
1073,2014,5,P_LK98,1340483.33333333
1073,2014,5,P_NLP3,1078027.8
1073,2014,5,Input_#3_C_1K,58.5
1073,2014,5,Input_#3_C_LK98,339
1073,2014,5,Input_#3_C_NLP3,258.166666666667
1073,2014,5,Input_#3_D_1K,234077.766666667
1073,2014,5,Input_#3_P_LK98,1257889.66666667
1073,2014,5,Input_#3_P_NLP3,933604.9
1074,2014,6,RM Category,5 rm & less
1074,2014,6,C.LK98,478
1074,2014,6,P.LK98,1489226
1074,2014,6,C.1K,56
1074,2014,6,D.1K,229518.86
1074,2014,6,C.NLP3,422
1074,2014,6,P.NLP3,1259707.14
1074,2014,6,C_1K,64
1074,2014,6,C_LK98,437.333333333333
1074,2014,6,C_NLP3,373.333333333333
1074,2014,6,D_1K,259740.486666667
1074,2014,6,P_LK98,1454580
1074,2014,6,P_NLP3,1194839.51333333
1074,2014,6,Input_#3_C_1K,58.5
1074,2014,6,Input_#3_C_LK98,369.333333333333
1074,2014,6,Input_#3_C_NLP3,288.5
1074,2014,6,Input_#3_D_1K,237209.576666667
1074,2014,6,Input_#3_P_LK98,1306404.33333333
1074,2014,6,Input_#3_P_NLP3,978987.756666667
1075,2014,7,RM Category,5 rm & less
1075,2014,7,C.LK98,
1075,2014,7,P.LK98,
1075,2014,7,C.1K,
1075,2014,7,D.1K,
1075,2014,7,C.NLP3,
1075,2014,7,P.NLP3,
1075,2014,7,C_1K,40.6666666666667
1075,2014,7,C_LK98,284.666666666667
1075,2014,7,C_NLP3,244
1075,2014,7,D_1K,169567.153333333
1075,2014,7,P_LK98,966468.666666667
1075,2014,7,P_NLP3,796901.513333333
1075,2014,7,Input_#3_C_1K,53.6666666666667
1075,2014,7,Input_#3_C_LK98,324.666666666667
1075,2014,7,Input_#3_C_NLP3,271
1075,2014,7,Input_#3_D_1K,217523.243333333
1075,2014,7,Input_#3_P_LK98,1125990.33333333
1075,2014,7,Input_#3_P_NLP3,908467.09
1076,2014,8,RM Category,5 rm & less
1076,2014,8,C.LK98,
1076,2014,8,P.LK98,
1076,2014,8,C.1K,
1076,2014,8,D.1K,
1076,2014,8,C.NLP3,
1076,2014,8,P.NLP3,
1076,2014,8,C_1K,18.6666666666667
1076,2014,8,C_LK98,159.333333333333
1076,2014,8,C_NLP3,140.666666666667
1076,2014,8,D_1K,76506.2866666667
1076,2014,8,P_LK98,496408.666666667
1076,2014,8,P_NLP3,419902.38
1076,2014,8,Input_#3_C_1K,42
1076,2014,8,Input_#3_C_LK98,268.666666666667
1076,2014,8,Input_#3_C_NLP3,226.666666666667
1076,2014,8,Input_#3_D_1K,169480.91
1076,2014,8,Input_#3_P_LK98,918446
1076,2014,8,Input_#3_P_NLP3,748965.09
1077,2014,9,RM Category,5 rm & less
1077,2014,9,C.LK98,
1077,2014,9,P.LK98,
1077,2014,9,C.1K,
1077,2014,9,D.1K,
1077,2014,9,C.NLP3,
1077,2014,9,P.NLP3,
1077,2014,9,C_1K,0
1077,2014,9,C_LK98,0
1077,2014,9,C_NLP3,0
1077,2014,9,D_1K,0
1077,2014,9,P_LK98,0
1077,2014,9,P_NLP3,0
1077,2014,9,Input_#3_C_1K,32
1077,2014,9,Input_#3_C_LK98,218.666666666667
1077,2014,9,Input_#3_C_NLP3,186.666666666667
1077,2014,9,Input_#3_D_1K,129870.243333333
1077,2014,9,Input_#3_P_LK98,727290
1077,2014,9,Input_#3_P_NLP3,597419.756666667
1078,2014,10,RM Category,5 rm & less
1078,2014,10,C.LK98,
1078,2014,10,P.LK98,
1078,2014,10,C.1K,
1078,2014,10,D.1K,
1078,2014,10,C.NLP3,
1078,2014,10,P.NLP3,
1078,2014,10,C_1K,0
1078,2014,10,C_LK98,0
1078,2014,10,C_NLP3,0
1078,2014,10,D_1K,0
1078,2014,10,P_LK98,0
1078,2014,10,P_NLP3,0
1078,2014,10,Input_#3_C_1K,20.3333333333333
1078,2014,10,Input_#3_C_LK98,142.333333333333
1078,2014,10,Input_#3_C_NLP3,122
1078,2014,10,Input_#3_D_1K,84783.5766666667
1078,2014,10,Input_#3_P_LK98,483234.333333333
1078,2014,10,Input_#3_P_NLP3,398450.756666667
1079,2014,11,RM Category,5 rm & less
1079,2014,11,C.LK98,
1079,2014,11,P.LK98,
1079,2014,11,C.1K,
1079,2014,11,D.1K,
1079,2014,11,C.NLP3,
1079,2014,11,P.NLP3,
1079,2014,11,C_1K,0
1079,2014,11,C_LK98,0
1079,2014,11,C_NLP3,0
1079,2014,11,D_1K,0
1079,2014,11,P_LK98,0
1079,2014,11,P_NLP3,0
1079,2014,11,Input_#3_C_1K,9.33333333333333
1079,2014,11,Input_#3_C_LK98,79.6666666666667
1079,2014,11,Input_#3_C_NLP3,70.3333333333333
1079,2014,11,Input_#3_D_1K,38253.1433333333
1079,2014,11,Input_#3_P_LK98,248204.333333333
1079,2014,11,Input_#3_P_NLP3,209951.19
1080,2014,12,RM Category,5 rm & less
1080,2014,12,C.LK98,
1080,2014,12,P.LK98,
1080,2014,12,C.1K,
1080,2014,12,D.1K,
1080,2014,12,C.NLP3,
1080,2014,12,P.NLP3,
1080,2014,12,C_1K,0
1080,2014,12,C_LK98,0
1080,2014,12,C_NLP3,0
1080,2014,12,D_1K,0
1080,2014,12,P_LK98,0
1080,2014,12,P_NLP3,0
1080,2014,12,Input_#3_C_1K,0
1080,2014,12,Input_#3_C_LK98,0
1080,2014,12,Input_#3_C_NLP3,0
1080,2014,12,Input_#3_D_1K,0
1080,2014,12,Input_#3_P_LK98,0
1080,2014,12,Input_#3_P_NLP3,0
1081,2009,1,RM Category,50 rm
1081,2009,1,C.LK98,254
1081,2009,1,P.LK98,3919802
1081,2009,1,C.1K,44
1081,2009,1,D.1K,551990
1081,2009,1,C.NLP3,210
1081,2009,1,P.NLP3,3367812
1081,2009,1,C_1K,44
1081,2009,1,C_LK98,254
1081,2009,1,C_NLP3,210
1081,2009,1,D_1K,551990
1081,2009,1,P_LK98,3919802
1081,2009,1,P_NLP3,3367812
1081,2009,1,Input_#3_C_1K,7.33333333333333
1081,2009,1,Input_#3_C_LK98,42.3333333333333
1081,2009,1,Input_#3_C_NLP3,35
1081,2009,1,Input_#3_D_1K,91998.3333333333
1081,2009,1,Input_#3_P_LK98,653300.333333333
1081,2009,1,Input_#3_P_NLP3,561302
1082,2009,2,RM Category,50 rm
1082,2009,2,C.LK98,280
1082,2009,2,P.LK98,4617738
1082,2009,2,C.1K,52
1082,2009,2,D.1K,712264
1082,2009,2,C.NLP3,228
1082,2009,2,P.NLP3,3905474
1082,2009,2,C_1K,46.6666666666667
1082,2009,2,C_LK98,262.666666666667
1082,2009,2,C_NLP3,216
1082,2009,2,D_1K,605414.666666667
1082,2009,2,P_LK98,4152447.33333333
1082,2009,2,P_NLP3,3547032.66666667
1082,2009,2,Input_#3_C_1K,16
1082,2009,2,Input_#3_C_LK98,89
1082,2009,2,Input_#3_C_NLP3,73
1082,2009,2,Input_#3_D_1K,210709
1082,2009,2,Input_#3_P_LK98,1422923.33333333
1082,2009,2,Input_#3_P_NLP3,1212214.33333333
1083,2009,3,RM Category,50 rm
1083,2009,3,C.LK98,256
1083,2009,3,P.LK98,3933052
1083,2009,3,C.1K,56
1083,2009,3,D.1K,742090
1083,2009,3,C.NLP3,200
1083,2009,3,P.NLP3,3190962
1083,2009,3,C_1K,50.6666666666667
1083,2009,3,C_LK98,263.333333333333
1083,2009,3,C_NLP3,212.666666666667
1083,2009,3,D_1K,668781.333333333
1083,2009,3,P_LK98,4156864
1083,2009,3,P_NLP3,3488082.66666667
1083,2009,3,Input_#3_C_1K,25.3333333333333
1083,2009,3,Input_#3_C_LK98,131.666666666667
1083,2009,3,Input_#3_C_NLP3,106.333333333333
1083,2009,3,Input_#3_D_1K,334390.666666667
1083,2009,3,Input_#3_P_LK98,2078432
1083,2009,3,Input_#3_P_NLP3,1744041.33333333
1084,2009,4,RM Category,50 rm
1084,2009,4,C.LK98,204
1084,2009,4,P.LK98,3075318
1084,2009,4,C.1K,54
1084,2009,4,D.1K,730098
1084,2009,4,C.NLP3,150
1084,2009,4,P.NLP3,2345220
1084,2009,4,C_1K,54
1084,2009,4,C_LK98,246.666666666667
1084,2009,4,C_NLP3,192.666666666667
1084,2009,4,D_1K,728150.666666667
1084,2009,4,P_LK98,3875369.33333333
1084,2009,4,P_NLP3,3147218.66666667
1084,2009,4,Input_#3_C_1K,34.3333333333333
1084,2009,4,Input_#3_C_LK98,165.666666666667
1084,2009,4,Input_#3_C_NLP3,131.333333333333
1084,2009,4,Input_#3_D_1K,456073.666666667
1084,2009,4,Input_#3_P_LK98,2590985
1084,2009,4,Input_#3_P_NLP3,2134911.33333333
1085,2009,5,RM Category,50 rm
1085,2009,5,C.LK98,182
1085,2009,5,P.LK98,2647176
1085,2009,5,C.1K,44
1085,2009,5,D.1K,580438
1085,2009,5,C.NLP3,138
1085,2009,5,P.NLP3,2066738
1085,2009,5,C_1K,51.3333333333333
1085,2009,5,C_LK98,214
1085,2009,5,C_NLP3,162.666666666667
1085,2009,5,D_1K,684208.666666667
1085,2009,5,P_LK98,3218515.33333333
1085,2009,5,P_NLP3,2534306.66666667
1085,2009,5,Input_#3_C_1K,41.6666666666667
1085,2009,5,Input_#3_C_LK98,196
1085,2009,5,Input_#3_C_NLP3,154.333333333333
1085,2009,5,Input_#3_D_1K,552813.333333333
1085,2009,5,Input_#3_P_LK98,3032181
1085,2009,5,Input_#3_P_NLP3,2479367.66666667
1086,2009,6,RM Category,50 rm
1086,2009,6,C.LK98,192
1086,2009,6,P.LK98,2964310
1086,2009,6,C.1K,44
1086,2009,6,D.1K,552770
1086,2009,6,C.NLP3,148
1086,2009,6,P.NLP3,2411540
1086,2009,6,C_1K,47.3333333333333
1086,2009,6,C_LK98,192.666666666667
1086,2009,6,C_NLP3,145.333333333333
1086,2009,6,D_1K,621102
1086,2009,6,P_LK98,2895601.33333333
1086,2009,6,P_NLP3,2274499.33333333
1086,2009,6,Input_#3_C_1K,49
1086,2009,6,Input_#3_C_LK98,228
1086,2009,6,Input_#3_C_NLP3,179
1086,2009,6,Input_#3_D_1K,644941.666666667
1086,2009,6,Input_#3_P_LK98,3526232.66666667
1086,2009,6,Input_#3_P_NLP3,2881291
1087,2009,7,RM Category,50 rm
1087,2009,7,C.LK98,150
1087,2009,7,P.LK98,2259956
1087,2009,7,C.1K,30
1087,2009,7,D.1K,382482
1087,2009,7,C.NLP3,120
1087,2009,7,P.NLP3,1877474
1087,2009,7,C_1K,39.3333333333333
1087,2009,7,C_LK98,174.666666666667
1087,2009,7,C_NLP3,135.333333333333
1087,2009,7,D_1K,505230
1087,2009,7,P_LK98,2623814
1087,2009,7,P_NLP3,2118584
1087,2009,7,Input_#3_C_1K,46.6666666666667
1087,2009,7,Input_#3_C_LK98,210.666666666667
1087,2009,7,Input_#3_C_NLP3,164
1087,2009,7,Input_#3_D_1K,616690.333333333
1087,2009,7,Input_#3_P_LK98,3249591.66666667
1087,2009,7,Input_#3_P_NLP3,2632901.33333333
1088,2009,8,RM Category,50 rm
1088,2009,8,C.LK98,182
1088,2009,8,P.LK98,2767058
1088,2009,8,C.1K,50
1088,2009,8,D.1K,609688
1088,2009,8,C.NLP3,132
1088,2009,8,P.NLP3,2157370
1088,2009,8,C_1K,41.3333333333333
1088,2009,8,C_LK98,174.666666666667
1088,2009,8,C_NLP3,133.333333333333
1088,2009,8,D_1K,514980
1088,2009,8,P_LK98,2663774.66666667
1088,2009,8,P_NLP3,2148794.66666667
1088,2009,8,Input_#3_C_1K,46.3333333333333
1088,2009,8,Input_#3_C_LK98,194.333333333333
1088,2009,8,Input_#3_C_NLP3,148
1088,2009,8,Input_#3_D_1K,599594.333333333
1088,2009,8,Input_#3_P_LK98,2941145
1088,2009,8,Input_#3_P_NLP3,2341550.66666667
1089,2009,9,RM Category,50 rm
1089,2009,9,C.LK98,204
1089,2009,9,P.LK98,3001366
1089,2009,9,C.1K,38
1089,2009,9,D.1K,489476
1089,2009,9,C.NLP3,166
1089,2009,9,P.NLP3,2511890
1089,2009,9,C_1K,39.3333333333333
1089,2009,9,C_LK98,178.666666666667
1089,2009,9,C_NLP3,139.333333333333
1089,2009,9,D_1K,493882
1089,2009,9,P_LK98,2676126.66666667
1089,2009,9,P_NLP3,2182244.66666667
1089,2009,9,Input_#3_C_1K,43.3333333333333
1089,2009,9,Input_#3_C_LK98,185.666666666667
1089,2009,9,Input_#3_C_NLP3,142.333333333333
1089,2009,9,Input_#3_D_1K,557492
1089,2009,9,Input_#3_P_LK98,2785864
1089,2009,9,Input_#3_P_NLP3,2228372
1090,2009,10,RM Category,50 rm
1090,2009,10,C.LK98,230
1090,2009,10,P.LK98,3249418
1090,2009,10,C.1K,66
1090,2009,10,D.1K,831090
1090,2009,10,C.NLP3,164
1090,2009,10,P.NLP3,2418328
1090,2009,10,C_1K,51.3333333333333
1090,2009,10,C_LK98,205.333333333333
1090,2009,10,C_NLP3,154
1090,2009,10,D_1K,643418
1090,2009,10,P_LK98,3005947.33333333
1090,2009,10,P_NLP3,2362529.33333333
1090,2009,10,Input_#3_C_1K,45.3333333333333
1090,2009,10,Input_#3_C_LK98,190
1090,2009,10,Input_#3_C_NLP3,144.666666666667
1090,2009,10,Input_#3_D_1K,574324
1090,2009,10,Input_#3_P_LK98,2814880.66666667
1090,2009,10,Input_#3_P_NLP3,2240556.66666667
1091,2009,11,RM Category,50 rm
1091,2009,11,C.LK98,300
1091,2009,11,P.LK98,4563970
1091,2009,11,C.1K,54
1091,2009,11,D.1K,794846
1091,2009,11,C.NLP3,246
1091,2009,11,P.NLP3,3769124
1091,2009,11,C_1K,52.6666666666667
1091,2009,11,C_LK98,244.666666666667
1091,2009,11,C_NLP3,192
1091,2009,11,D_1K,705137.333333333
1091,2009,11,P_LK98,3604918
1091,2009,11,P_NLP3,2899780.66666667
1091,2009,11,Input_#3_C_1K,47
1091,2009,11,Input_#3_C_LK98,209.666666666667
1091,2009,11,Input_#3_C_NLP3,162.666666666667
1091,2009,11,Input_#3_D_1K,610058.666666667
1091,2009,11,Input_#3_P_LK98,3134346.33333333
1091,2009,11,Input_#3_P_NLP3,2524287.66666667
1092,2009,12,RM Category,50 rm
1092,2009,12,C.LK98,260
1092,2009,12,P.LK98,3948676
1092,2009,12,C.1K,66
1092,2009,12,D.1K,811738
1092,2009,12,C.NLP3,194
1092,2009,12,P.NLP3,3136938
1092,2009,12,C_1K,62
1092,2009,12,C_LK98,263.333333333333
1092,2009,12,C_NLP3,201.333333333333
1092,2009,12,D_1K,812558
1092,2009,12,P_LK98,3920688
1092,2009,12,P_NLP3,3108130
1092,2009,12,Input_#3_C_1K,50.6666666666667
1092,2009,12,Input_#3_C_LK98,221
1092,2009,12,Input_#3_C_NLP3,170.333333333333
1092,2009,12,Input_#3_D_1K,653220
1092,2009,12,Input_#3_P_LK98,3298407.33333333
1092,2009,12,Input_#3_P_NLP3,2645187.33333333
1093,2010,1,RM Category,50 rm
1093,2010,1,C.LK98,258
1093,2010,1,P.LK98,3706320
1093,2010,1,C.1K,62
1093,2010,1,D.1K,792698
1093,2010,1,C.NLP3,196
1093,2010,1,P.NLP3,2913622
1093,2010,1,C_1K,60.6666666666667
1093,2010,1,C_LK98,272.666666666667
1093,2010,1,C_NLP3,212
1093,2010,1,D_1K,799760.666666667
1093,2010,1,P_LK98,4072988.66666667
1093,2010,1,P_NLP3,3273228
1093,2010,1,Input_#3_C_1K,56
1093,2010,1,Input_#3_C_LK98,239
1093,2010,1,Input_#3_C_NLP3,183
1093,2010,1,Input_#3_D_1K,721589.333333333
1093,2010,1,Input_#3_P_LK98,3539468
1093,2010,1,Input_#3_P_NLP3,2817878.66666667
1094,2010,2,RM Category,50 rm
1094,2010,2,C.LK98,242
1094,2010,2,P.LK98,3668928
1094,2010,2,C.1K,48
1094,2010,2,D.1K,625126
1094,2010,2,C.NLP3,194
1094,2010,2,P.NLP3,3043802
1094,2010,2,C_1K,58.6666666666667
1094,2010,2,C_LK98,253.333333333333
1094,2010,2,C_NLP3,194.666666666667
1094,2010,2,D_1K,743187.333333333
1094,2010,2,P_LK98,3774641.33333333
1094,2010,2,P_NLP3,3031454
1094,2010,2,Input_#3_C_1K,55.6666666666667
1094,2010,2,Input_#3_C_LK98,249
1094,2010,2,Input_#3_C_NLP3,193.333333333333
1094,2010,2,Input_#3_D_1K,724162.333333333
1094,2010,2,Input_#3_P_LK98,3689779.66666667
1094,2010,2,Input_#3_P_NLP3,2965617.33333333
1095,2010,3,RM Category,50 rm
1095,2010,3,C.LK98,312
1095,2010,3,P.LK98,4819784
1095,2010,3,C.1K,78
1095,2010,3,D.1K,1115556
1095,2010,3,C.NLP3,234
1095,2010,3,P.NLP3,3704228
1095,2010,3,C_1K,62.6666666666667
1095,2010,3,C_LK98,270.666666666667
1095,2010,3,C_NLP3,208
1095,2010,3,D_1K,844460
1095,2010,3,P_LK98,4065010.66666667
1095,2010,3,P_NLP3,3220550.66666667
1095,2010,3,Input_#3_C_1K,62.3333333333333
1095,2010,3,Input_#3_C_LK98,267
1095,2010,3,Input_#3_C_NLP3,204.666666666667
1095,2010,3,Input_#3_D_1K,828509
1095,2010,3,Input_#3_P_LK98,3992849.33333333
1095,2010,3,Input_#3_P_NLP3,3164340.33333333
1096,2010,4,RM Category,50 rm
1096,2010,4,C.LK98,258
1096,2010,4,P.LK98,3728810
1096,2010,4,C.1K,56
1096,2010,4,D.1K,714434
1096,2010,4,C.NLP3,202
1096,2010,4,P.NLP3,3014376
1096,2010,4,C_1K,60.6666666666667
1096,2010,4,C_LK98,270.666666666667
1096,2010,4,C_NLP3,210
1096,2010,4,D_1K,818372
1096,2010,4,P_LK98,4072507.33333333
1096,2010,4,P_NLP3,3254135.33333333
1096,2010,4,Input_#3_C_1K,60.6666666666667
1096,2010,4,Input_#3_C_LK98,271.666666666667
1096,2010,4,Input_#3_C_NLP3,211
1096,2010,4,Input_#3_D_1K,809066.333333333
1096,2010,4,Input_#3_P_LK98,4072748
1096,2010,4,Input_#3_P_NLP3,3263681.66666667
1097,2010,5,RM Category,50 rm
1097,2010,5,C.LK98,250
1097,2010,5,P.LK98,3663198
1097,2010,5,C.1K,54
1097,2010,5,D.1K,766072
1097,2010,5,C.NLP3,196
1097,2010,5,P.NLP3,2897126
1097,2010,5,C_1K,62.6666666666667
1097,2010,5,C_LK98,273.333333333333
1097,2010,5,C_NLP3,210.666666666667
1097,2010,5,D_1K,865354
1097,2010,5,P_LK98,4070597.33333333
1097,2010,5,P_NLP3,3205243.33333333
1097,2010,5,Input_#3_C_1K,60.6666666666667
1097,2010,5,Input_#3_C_LK98,263.333333333333
1097,2010,5,Input_#3_C_NLP3,202.666666666667
1097,2010,5,Input_#3_D_1K,804270.666666667
1097,2010,5,Input_#3_P_LK98,3922619.33333333
1097,2010,5,Input_#3_P_NLP3,3118348.66666667
1098,2010,6,RM Category,50 rm
1098,2010,6,C.LK98,262
1098,2010,6,P.LK98,3958512
1098,2010,6,C.1K,54
1098,2010,6,D.1K,673610
1098,2010,6,C.NLP3,208
1098,2010,6,P.NLP3,3284902
1098,2010,6,C_1K,54.6666666666667
1098,2010,6,C_LK98,256.666666666667
1098,2010,6,C_NLP3,202
1098,2010,6,D_1K,718038.666666667
1098,2010,6,P_LK98,3783506.66666667
1098,2010,6,P_NLP3,3065468
1098,2010,6,Input_#3_C_1K,58.6666666666667
1098,2010,6,Input_#3_C_LK98,263.666666666667
1098,2010,6,Input_#3_C_NLP3,205
1098,2010,6,Input_#3_D_1K,781249.333333333
1098,2010,6,Input_#3_P_LK98,3924258.66666667
1098,2010,6,Input_#3_P_NLP3,3143009.33333333
1099,2010,7,RM Category,50 rm
1099,2010,7,C.LK98,302
1099,2010,7,P.LK98,4450874
1099,2010,7,C.1K,74
1099,2010,7,D.1K,997092
1099,2010,7,C.NLP3,228
1099,2010,7,P.NLP3,3453782
1099,2010,7,C_1K,60.6666666666667
1099,2010,7,C_LK98,271.333333333333
1099,2010,7,C_NLP3,210.666666666667
1099,2010,7,D_1K,812258
1099,2010,7,P_LK98,4024194.66666667
1099,2010,7,P_NLP3,3211936.66666667
1099,2010,7,Input_#3_C_1K,60.6666666666667
1099,2010,7,Input_#3_C_LK98,271
1099,2010,7,Input_#3_C_NLP3,210.333333333333
1099,2010,7,Input_#3_D_1K,815315
1099,2010,7,Input_#3_P_LK98,4048351
1099,2010,7,Input_#3_P_NLP3,3233036
1100,2010,8,RM Category,50 rm
1100,2010,8,C.LK98,332
1100,2010,8,P.LK98,5139688
1100,2010,8,C.1K,92
1100,2010,8,D.1K,1331882
1100,2010,8,C.NLP3,240
1100,2010,8,P.NLP3,3807806
1100,2010,8,C_1K,73.3333333333333
1100,2010,8,C_LK98,298.666666666667
1100,2010,8,C_NLP3,225.333333333333
1100,2010,8,D_1K,1000861.33333333
1100,2010,8,P_LK98,4516358
1100,2010,8,P_NLP3,3515496.66666667
1100,2010,8,Input_#3_C_1K,68
1100,2010,8,Input_#3_C_LK98,286
1100,2010,8,Input_#3_C_NLP3,218
1100,2010,8,Input_#3_D_1K,933107.666666667
1100,2010,8,Input_#3_P_LK98,4293477.66666667
1100,2010,8,Input_#3_P_NLP3,3360370
1101,2010,9,RM Category,50 rm
1101,2010,9,C.LK98,398
1101,2010,9,P.LK98,6276814
1101,2010,9,C.1K,92
1101,2010,9,D.1K,1205316
1101,2010,9,C.NLP3,306
1101,2010,9,P.NLP3,5071498
1101,2010,9,C_1K,86
1101,2010,9,C_LK98,344
1101,2010,9,C_NLP3,258
1101,2010,9,D_1K,1178096.66666667
1101,2010,9,P_LK98,5289125.33333333
1101,2010,9,P_NLP3,4111028.66666667
1101,2010,9,Input_#3_C_1K,70.3333333333333
1101,2010,9,Input_#3_C_LK98,300.333333333333
1101,2010,9,Input_#3_C_NLP3,230
1101,2010,9,Input_#3_D_1K,948067.666666667
1101,2010,9,Input_#3_P_LK98,4536316
1101,2010,9,Input_#3_P_NLP3,3588248.33333333
1102,2010,10,RM Category,50 rm
1102,2010,10,C.LK98,306
1102,2010,10,P.LK98,4461952
1102,2010,10,C.1K,50
1102,2010,10,D.1K,710260
1102,2010,10,C.NLP3,256
1102,2010,10,P.NLP3,3751692
1102,2010,10,C_1K,78
1102,2010,10,C_LK98,345.333333333333
1102,2010,10,C_NLP3,267.333333333333
1102,2010,10,D_1K,1082486
1102,2010,10,P_LK98,5292818
1102,2010,10,P_NLP3,4210332
1102,2010,10,Input_#3_C_1K,69.3333333333333
1102,2010,10,Input_#3_C_LK98,308.333333333333
1102,2010,10,Input_#3_C_NLP3,239
1102,2010,10,Input_#3_D_1K,947372
1102,2010,10,Input_#3_P_LK98,4658506.33333333
1102,2010,10,Input_#3_P_NLP3,3711134.33333333
1103,2010,11,RM Category,50 rm
1103,2010,11,C.LK98,362
1103,2010,11,P.LK98,5597840
1103,2010,11,C.1K,82
1103,2010,11,D.1K,1103704
1103,2010,11,C.NLP3,280
1103,2010,11,P.NLP3,4494136
1103,2010,11,C_1K,74.6666666666667
1103,2010,11,C_LK98,355.333333333333
1103,2010,11,C_NLP3,280.666666666667
1103,2010,11,D_1K,1006426.66666667
1103,2010,11,P_LK98,5445535.33333333
1103,2010,11,P_NLP3,4439108.66666667
1103,2010,11,Input_#3_C_1K,74
1103,2010,11,Input_#3_C_LK98,327
1103,2010,11,Input_#3_C_NLP3,253
1103,2010,11,Input_#3_D_1K,1003644
1103,2010,11,Input_#3_P_LK98,4980946.66666667
1103,2010,11,Input_#3_P_NLP3,3977302.66666667
1104,2010,12,RM Category,50 rm
1104,2010,12,C.LK98,384
1104,2010,12,P.LK98,5882374
1104,2010,12,C.1K,116
1104,2010,12,D.1K,1560708
1104,2010,12,C.NLP3,268
1104,2010,12,P.NLP3,4321666
1104,2010,12,C_1K,82.6666666666667
1104,2010,12,C_LK98,350.666666666667
1104,2010,12,C_NLP3,268
1104,2010,12,D_1K,1124890.66666667
1104,2010,12,P_LK98,5314055.33333333
1104,2010,12,P_NLP3,4189164.66666667
1104,2010,12,Input_#3_C_1K,84.3333333333333
1104,2010,12,Input_#3_C_LK98,347.333333333333
1104,2010,12,Input_#3_C_NLP3,263
1104,2010,12,Input_#3_D_1K,1151493.66666667
1104,2010,12,Input_#3_P_LK98,5301590.33333333
1104,2010,12,Input_#3_P_NLP3,4150096.66666667
1105,2011,1,RM Category,50 rm
1105,2011,1,C.LK98,302
1105,2011,1,P.LK98,4548274
1105,2011,1,C.1K,38
1105,2011,1,D.1K,478356
1105,2011,1,C.NLP3,264
1105,2011,1,P.NLP3,4069918
1105,2011,1,C_1K,78.6666666666667
1105,2011,1,C_LK98,349.333333333333
1105,2011,1,C_NLP3,270.666666666667
1105,2011,1,D_1K,1047589.33333333
1105,2011,1,P_LK98,5342829.33333333
1105,2011,1,P_NLP3,4295240
1105,2011,1,Input_#3_C_1K,78.3333333333333
1105,2011,1,Input_#3_C_LK98,347.333333333333
1105,2011,1,Input_#3_C_NLP3,269
1105,2011,1,Input_#3_D_1K,1065037.66666667
1105,2011,1,Input_#3_P_LK98,5317823.66666667
1105,2011,1,Input_#3_P_NLP3,4252786
1106,2011,2,RM Category,50 rm
1106,2011,2,C.LK98,302
1106,2011,2,P.LK98,4753918
1106,2011,2,C.1K,62
1106,2011,2,D.1K,863758
1106,2011,2,C.NLP3,240
1106,2011,2,P.NLP3,3890160
1106,2011,2,C_1K,72
1106,2011,2,C_LK98,329.333333333333
1106,2011,2,C_NLP3,257.333333333333
1106,2011,2,D_1K,967607.333333333
1106,2011,2,P_LK98,5061522
1106,2011,2,P_NLP3,4093914.66666667
1106,2011,2,Input_#3_C_1K,73.3333333333333
1106,2011,2,Input_#3_C_LK98,342.333333333333
1106,2011,2,Input_#3_C_NLP3,269
1106,2011,2,Input_#3_D_1K,987017
1106,2011,2,Input_#3_P_LK98,5253528.66666667
1106,2011,2,Input_#3_P_NLP3,4266511.66666667
1107,2011,3,RM Category,50 rm
1107,2011,3,C.LK98,406
1107,2011,3,P.LK98,6518150
1107,2011,3,C.1K,88
1107,2011,3,D.1K,1285378
1107,2011,3,C.NLP3,318
1107,2011,3,P.NLP3,5232772
1107,2011,3,C_1K,62.6666666666667
1107,2011,3,C_LK98,336.666666666667
1107,2011,3,C_NLP3,274
1107,2011,3,D_1K,875830.666666667
1107,2011,3,P_LK98,5273447.33333333
1107,2011,3,P_NLP3,4397616.66666667
1107,2011,3,Input_#3_C_1K,72.6666666666667
1107,2011,3,Input_#3_C_LK98,343.666666666667
1107,2011,3,Input_#3_C_NLP3,271
1107,2011,3,Input_#3_D_1K,1000360.66666667
1107,2011,3,Input_#3_P_LK98,5293751.33333333
1107,2011,3,Input_#3_P_NLP3,4293390.66666667
1108,2011,4,RM Category,50 rm
1108,2011,4,C.LK98,306
1108,2011,4,P.LK98,5194048
1108,2011,4,C.1K,64
1108,2011,4,D.1K,944776
1108,2011,4,C.NLP3,242
1108,2011,4,P.NLP3,4249272
1108,2011,4,C_1K,71.3333333333333
1108,2011,4,C_LK98,338
1108,2011,4,C_NLP3,266.666666666667
1108,2011,4,D_1K,1031304
1108,2011,4,P_LK98,5488705.33333333
1108,2011,4,P_NLP3,4457401.33333333
1108,2011,4,Input_#3_C_1K,75
1108,2011,4,Input_#3_C_LK98,343.666666666667
1108,2011,4,Input_#3_C_NLP3,268.666666666667
1108,2011,4,Input_#3_D_1K,1039446.66666667
1108,2011,4,Input_#3_P_LK98,5415767.33333333
1108,2011,4,Input_#3_P_NLP3,4376320.66666667
1109,2011,5,RM Category,50 rm
1109,2011,5,C.LK98,356
1109,2011,5,P.LK98,6135070
1109,2011,5,C.1K,72
1109,2011,5,D.1K,1097874
1109,2011,5,C.NLP3,284
1109,2011,5,P.NLP3,5037196
1109,2011,5,C_1K,74.6666666666667
1109,2011,5,C_LK98,356
1109,2011,5,C_NLP3,281.333333333333
1109,2011,5,D_1K,1109342.66666667
1109,2011,5,P_LK98,5949089.33333333
1109,2011,5,P_NLP3,4839746.66666667
1109,2011,5,Input_#3_C_1K,73.3333333333333
1109,2011,5,Input_#3_C_LK98,342.666666666667
1109,2011,5,Input_#3_C_NLP3,269.333333333333
1109,2011,5,Input_#3_D_1K,1038475
1109,2011,5,Input_#3_P_LK98,5505305.66666667
1109,2011,5,Input_#3_P_NLP3,4466830.66666667
1110,2011,6,RM Category,50 rm
1110,2011,6,C.LK98,370
1110,2011,6,P.LK98,6131964
1110,2011,6,C.1K,102
1110,2011,6,D.1K,1427012
1110,2011,6,C.NLP3,268
1110,2011,6,P.NLP3,4704952
1110,2011,6,C_1K,79.3333333333333
1110,2011,6,C_LK98,344
1110,2011,6,C_NLP3,264.666666666667
1110,2011,6,D_1K,1156554
1110,2011,6,P_LK98,5820360.66666667
1110,2011,6,P_NLP3,4663806.66666667
1110,2011,6,Input_#3_C_1K,71
1110,2011,6,Input_#3_C_LK98,340.333333333333
1110,2011,6,Input_#3_C_NLP3,269.333333333333
1110,2011,6,Input_#3_D_1K,1016192.33333333
1110,2011,6,Input_#3_P_LK98,5546904
1110,2011,6,Input_#3_P_NLP3,4530711.66666667
1111,2011,7,RM Category,50 rm
1111,2011,7,C.LK98,346
1111,2011,7,P.LK98,5451130
1111,2011,7,C.1K,74
1111,2011,7,D.1K,1005558
1111,2011,7,C.NLP3,272
1111,2011,7,P.NLP3,4445572
1111,2011,7,C_1K,82.6666666666667
1111,2011,7,C_LK98,357.333333333333
1111,2011,7,C_NLP3,274.666666666667
1111,2011,7,D_1K,1176814.66666667
1111,2011,7,P_LK98,5906054.66666667
1111,2011,7,P_NLP3,4729240
1111,2011,7,Input_#3_C_1K,77
1111,2011,7,Input_#3_C_LK98,347.666666666667
1111,2011,7,Input_#3_C_NLP3,270.666666666667
1111,2011,7,Input_#3_D_1K,1104059.33333333
1111,2011,7,Input_#3_P_LK98,5697380
1111,2011,7,Input_#3_P_NLP3,4593320.66666667
1112,2011,8,RM Category,50 rm
1112,2011,8,C.LK98,366
1112,2011,8,P.LK98,5844584
1112,2011,8,C.1K,84
1112,2011,8,D.1K,1258978
1112,2011,8,C.NLP3,282
1112,2011,8,P.NLP3,4585606
1112,2011,8,C_1K,86.6666666666667
1112,2011,8,C_LK98,360.666666666667
1112,2011,8,C_NLP3,274
1112,2011,8,D_1K,1230516
1112,2011,8,P_LK98,5809226
1112,2011,8,P_NLP3,4578710
1112,2011,8,Input_#3_C_1K,80.6666666666667
1112,2011,8,Input_#3_C_LK98,358.333333333333
1112,2011,8,Input_#3_C_NLP3,277.666666666667
1112,2011,8,Input_#3_D_1K,1169929.33333333
1112,2011,8,Input_#3_P_LK98,5879157.66666667
1112,2011,8,Input_#3_P_NLP3,4709228.33333333
1113,2011,9,RM Category,50 rm
1113,2011,9,C.LK98,358
1113,2011,9,P.LK98,5595192
1113,2011,9,C.1K,72
1113,2011,9,D.1K,1082584
1113,2011,9,C.NLP3,286
1113,2011,9,P.NLP3,4512608
1113,2011,9,C_1K,76.6666666666667
1113,2011,9,C_LK98,356.666666666667
1113,2011,9,C_NLP3,280
1113,2011,9,D_1K,1115706.66666667
1113,2011,9,P_LK98,5630302
1113,2011,9,P_NLP3,4514595.33333333
1113,2011,9,Input_#3_C_1K,78
1113,2011,9,Input_#3_C_LK98,350.333333333333
1113,2011,9,Input_#3_C_NLP3,272.333333333333
1113,2011,9,Input_#3_D_1K,1136130.33333333
1113,2011,9,Input_#3_P_LK98,5725331.33333333
1113,2011,9,Input_#3_P_NLP3,4589201
1114,2011,10,RM Category,50 rm
1114,2011,10,C.LK98,362
1114,2011,10,P.LK98,5936086
1114,2011,10,C.1K,68
1114,2011,10,D.1K,989222
1114,2011,10,C.NLP3,294
1114,2011,10,P.NLP3,4946864
1114,2011,10,C_1K,74.6666666666667
1114,2011,10,C_LK98,362
1114,2011,10,C_NLP3,287.333333333333
1114,2011,10,D_1K,1110261.33333333
1114,2011,10,P_LK98,5791954
1114,2011,10,P_NLP3,4681692.66666667
1114,2011,10,Input_#3_C_1K,78.6666666666667
1114,2011,10,Input_#3_C_LK98,359.666666666667
1114,2011,10,Input_#3_C_NLP3,281
1114,2011,10,Input_#3_D_1K,1143538
1114,2011,10,Input_#3_P_LK98,5849004.33333333
1114,2011,10,Input_#3_P_NLP3,4705466.33333333
1115,2011,11,RM Category,50 rm
1115,2011,11,C.LK98,370
1115,2011,11,P.LK98,5937344
1115,2011,11,C.1K,80
1115,2011,11,D.1K,1122386
1115,2011,11,C.NLP3,290
1115,2011,11,P.NLP3,4814958
1115,2011,11,C_1K,73.3333333333333
1115,2011,11,C_LK98,363.333333333333
1115,2011,11,C_NLP3,290
1115,2011,11,D_1K,1064730.66666667
1115,2011,11,P_LK98,5822874
1115,2011,11,P_NLP3,4758143.33333333
1115,2011,11,Input_#3_C_1K,80
1115,2011,11,Input_#3_C_LK98,362
1115,2011,11,Input_#3_C_NLP3,282
1115,2011,11,Input_#3_D_1K,1147623.33333333
1115,2011,11,Input_#3_P_LK98,5816050
1115,2011,11,Input_#3_P_NLP3,4668426.66666667
1116,2011,12,RM Category,50 rm
1116,2011,12,C.LK98,384
1116,2011,12,P.LK98,6391002
1116,2011,12,C.1K,78
1116,2011,12,D.1K,1149494
1116,2011,12,C.NLP3,306
1116,2011,12,P.NLP3,5241508
1116,2011,12,C_1K,75.3333333333333
1116,2011,12,C_LK98,372
1116,2011,12,C_NLP3,296.666666666667
1116,2011,12,D_1K,1087034
1116,2011,12,P_LK98,6088144
1116,2011,12,P_NLP3,5001110
1116,2011,12,Input_#3_C_1K,76
1116,2011,12,Input_#3_C_LK98,364.333333333333
1116,2011,12,Input_#3_C_NLP3,288.333333333333
1116,2011,12,Input_#3_D_1K,1101370.33333333
1116,2011,12,Input_#3_P_LK98,5859223
1116,2011,12,Input_#3_P_NLP3,4757852.66666667
1117,2012,1,RM Category,50 rm
1117,2012,1,C.LK98,336
1117,2012,1,P.LK98,5687754
1117,2012,1,C.1K,46
1117,2012,1,D.1K,569284
1117,2012,1,C.NLP3,290
1117,2012,1,P.NLP3,5118470
1117,2012,1,C_1K,68
1117,2012,1,C_LK98,363.333333333333
1117,2012,1,C_NLP3,295.333333333333
1117,2012,1,D_1K,947054.666666667
1117,2012,1,P_LK98,6005366.66666667
1117,2012,1,P_NLP3,5058312
1117,2012,1,Input_#3_C_1K,71.3333333333333
1117,2012,1,Input_#3_C_LK98,362.666666666667
1117,2012,1,Input_#3_C_NLP3,291.333333333333
1117,2012,1,Input_#3_D_1K,1028658
1117,2012,1,Input_#3_P_LK98,5898660.33333333
1117,2012,1,Input_#3_P_NLP3,4870002.33333333
1118,2012,2,RM Category,50 rm
1118,2012,2,C.LK98,370
1118,2012,2,P.LK98,6007770
1118,2012,2,C.1K,50
1118,2012,2,D.1K,623634
1118,2012,2,C.NLP3,320
1118,2012,2,P.NLP3,5384136
1118,2012,2,C_1K,58
1118,2012,2,C_LK98,363.333333333333
1118,2012,2,C_NLP3,305.333333333333
1118,2012,2,D_1K,780804
1118,2012,2,P_LK98,6028842
1118,2012,2,P_NLP3,5248038
1118,2012,2,Input_#3_C_1K,65.6666666666667
1118,2012,2,Input_#3_C_LK98,363.333333333333
1118,2012,2,Input_#3_C_NLP3,297.666666666667
1118,2012,2,Input_#3_D_1K,922767.333333333
1118,2012,2,Input_#3_P_LK98,5925858
1118,2012,2,Input_#3_P_NLP3,5003090.66666667
1119,2012,3,RM Category,50 rm
1119,2012,3,C.LK98,476
1119,2012,3,P.LK98,7804960
1119,2012,3,C.1K,82
1119,2012,3,D.1K,1090412
1119,2012,3,C.NLP3,394
1119,2012,3,P.NLP3,6714548
1119,2012,3,C_1K,59.3333333333333
1119,2012,3,C_LK98,394
1119,2012,3,C_NLP3,334.666666666667
1119,2012,3,D_1K,761110
1119,2012,3,P_LK98,6500161.33333333
1119,2012,3,P_NLP3,5739051.33333333
1119,2012,3,Input_#3_C_1K,67.3333333333333
1119,2012,3,Input_#3_C_LK98,383
1119,2012,3,Input_#3_C_NLP3,315.666666666667
1119,2012,3,Input_#3_D_1K,924072
1119,2012,3,Input_#3_P_LK98,6294152.66666667
1119,2012,3,Input_#3_P_NLP3,5370080.66666667
1120,2012,4,RM Category,50 rm
1120,2012,4,C.LK98,326
1120,2012,4,P.LK98,5451968
1120,2012,4,C.1K,54
1120,2012,4,D.1K,700008
1120,2012,4,C.NLP3,272
1120,2012,4,P.NLP3,4751960
1120,2012,4,C_1K,62
1120,2012,4,C_LK98,390.666666666667
1120,2012,4,C_NLP3,328.666666666667
1120,2012,4,D_1K,804684.666666667
1120,2012,4,P_LK98,6421566
1120,2012,4,P_NLP3,5616881.33333333
1120,2012,4,Input_#3_C_1K,65
1120,2012,4,Input_#3_C_LK98,377
1120,2012,4,Input_#3_C_NLP3,312
1120,2012,4,Input_#3_D_1K,875869.666666667
1120,2012,4,Input_#3_P_LK98,6213466.33333333
1120,2012,4,Input_#3_P_NLP3,5337596.66666667
1121,2012,5,RM Category,50 rm
1121,2012,5,C.LK98,384
1121,2012,5,P.LK98,6575804
1121,2012,5,C.1K,56
1121,2012,5,D.1K,889562
1121,2012,5,C.NLP3,328
1121,2012,5,P.NLP3,5686242
1121,2012,5,C_1K,64
1121,2012,5,C_LK98,395.333333333333
1121,2012,5,C_NLP3,331.333333333333
1121,2012,5,D_1K,893327.333333333
1121,2012,5,P_LK98,6610910.66666667
1121,2012,5,P_NLP3,5717583.33333333
1121,2012,5,Input_#3_C_1K,61
1121,2012,5,Input_#3_C_LK98,379.333333333333
1121,2012,5,Input_#3_C_NLP3,318.333333333333
1121,2012,5,Input_#3_D_1K,837065.666666667
1121,2012,5,Input_#3_P_LK98,6319876.33333333
1121,2012,5,Input_#3_P_NLP3,5482810.66666667
1122,2012,6,RM Category,50 rm
1122,2012,6,C.LK98,450
1122,2012,6,P.LK98,7357734
1122,2012,6,C.1K,122
1122,2012,6,D.1K,1765102
1122,2012,6,C.NLP3,328
1122,2012,6,P.NLP3,5592632
1122,2012,6,C_1K,77.3333333333333
1122,2012,6,C_LK98,386.666666666667
1122,2012,6,C_NLP3,309.333333333333
1122,2012,6,D_1K,1118224
1122,2012,6,P_LK98,6461835.33333333
1122,2012,6,P_NLP3,5343611.33333333
1122,2012,6,Input_#3_C_1K,68.3333333333333
1122,2012,6,Input_#3_C_LK98,390.333333333333
1122,2012,6,Input_#3_C_NLP3,322
1122,2012,6,Input_#3_D_1K,939667
1122,2012,6,Input_#3_P_LK98,6480998.33333333
1122,2012,6,Input_#3_P_NLP3,5541331.33333333
1123,2012,7,RM Category,50 rm
1123,2012,7,C.LK98,370
1123,2012,7,P.LK98,5972956
1123,2012,7,C.1K,70
1123,2012,7,D.1K,1009714
1123,2012,7,C.NLP3,300
1123,2012,7,P.NLP3,4963242
1123,2012,7,C_1K,82.6666666666667
1123,2012,7,C_LK98,401.333333333333
1123,2012,7,C_NLP3,318.666666666667
1123,2012,7,D_1K,1221459.33333333
1123,2012,7,P_LK98,6635498
1123,2012,7,P_NLP3,5414038.66666667
1123,2012,7,Input_#3_C_1K,72.3333333333333
1123,2012,7,Input_#3_C_LK98,396
1123,2012,7,Input_#3_C_NLP3,323.666666666667
1123,2012,7,Input_#3_D_1K,1013072
1123,2012,7,Input_#3_P_LK98,6528532
1123,2012,7,Input_#3_P_NLP3,5515460
1124,2012,8,RM Category,50 rm
1124,2012,8,C.LK98,376
1124,2012,8,P.LK98,6084158
1124,2012,8,C.1K,82
1124,2012,8,D.1K,1116374
1124,2012,8,C.NLP3,294
1124,2012,8,P.NLP3,4967784
1124,2012,8,C_1K,91.3333333333333
1124,2012,8,C_LK98,398.666666666667
1124,2012,8,C_NLP3,307.333333333333
1124,2012,8,D_1K,1297063.33333333
1124,2012,8,P_LK98,6471616
1124,2012,8,P_NLP3,5174552.66666667
1124,2012,8,Input_#3_C_1K,77.6666666666667
1124,2012,8,Input_#3_C_LK98,397
1124,2012,8,Input_#3_C_NLP3,319.333333333333
1124,2012,8,Input_#3_D_1K,1095195.33333333
1124,2012,8,Input_#3_P_LK98,6541263.33333333
1124,2012,8,Input_#3_P_NLP3,5446068
1125,2012,9,RM Category,50 rm
1125,2012,9,C.LK98,372
1125,2012,9,P.LK98,6081534
1125,2012,9,C.1K,54
1125,2012,9,D.1K,794114
1125,2012,9,C.NLP3,318
1125,2012,9,P.NLP3,5287420
1125,2012,9,C_1K,68.6666666666667
1125,2012,9,C_LK98,372.666666666667
1125,2012,9,C_NLP3,304
1125,2012,9,D_1K,973400.666666667
1125,2012,9,P_LK98,6046216
1125,2012,9,P_NLP3,5072815.33333333
1125,2012,9,Input_#3_C_1K,73
1125,2012,9,Input_#3_C_LK98,379.666666666667
1125,2012,9,Input_#3_C_NLP3,306.666666666667
1125,2012,9,Input_#3_D_1K,1045812.33333333
1125,2012,9,Input_#3_P_LK98,6254025.66666667
1125,2012,9,Input_#3_P_NLP3,5208213.33333333
1126,2012,10,RM Category,50 rm
1126,2012,10,C.LK98,368
1126,2012,10,P.LK98,6196544
1126,2012,10,C.1K,82
1126,2012,10,D.1K,1199434
1126,2012,10,C.NLP3,286
1126,2012,10,P.NLP3,4997110
1126,2012,10,C_1K,72.6666666666667
1126,2012,10,C_LK98,372
1126,2012,10,C_NLP3,299.333333333333
1126,2012,10,D_1K,1036640.66666667
1126,2012,10,P_LK98,6120745.33333333
1126,2012,10,P_NLP3,5084104.66666667
1126,2012,10,Input_#3_C_1K,77.6666666666667
1126,2012,10,Input_#3_C_LK98,386.666666666667
1126,2012,10,Input_#3_C_NLP3,309
1126,2012,10,Input_#3_D_1K,1129050
1126,2012,10,Input_#3_P_LK98,6378121.66666667
1126,2012,10,Input_#3_P_NLP3,5249071.66666667
1127,2012,11,RM Category,50 rm
1127,2012,11,C.LK98,404
1127,2012,11,P.LK98,6831908
1127,2012,11,C.1K,94
1127,2012,11,D.1K,1364836
1127,2012,11,C.NLP3,310
1127,2012,11,P.NLP3,5467072
1127,2012,11,C_1K,76.6666666666667
1127,2012,11,C_LK98,381.333333333333
1127,2012,11,C_NLP3,304.666666666667
1127,2012,11,D_1K,1119461.33333333
1127,2012,11,P_LK98,6369995.33333333
1127,2012,11,P_NLP3,5250534
1127,2012,11,Input_#3_C_1K,84
1127,2012,11,Input_#3_C_LK98,390
1127,2012,11,Input_#3_C_NLP3,306
1127,2012,11,Input_#3_D_1K,1208262.33333333
1127,2012,11,Input_#3_P_LK98,6420805.66666667
1127,2012,11,Input_#3_P_NLP3,5212543.33333333
1128,2012,12,RM Category,50 rm
1128,2012,12,C.LK98,414
1128,2012,12,P.LK98,6929066
1128,2012,12,C.1K,70
1128,2012,12,D.1K,1033880
1128,2012,12,C.NLP3,344
1128,2012,12,P.NLP3,5895186
1128,2012,12,C_1K,82
1128,2012,12,C_LK98,395.333333333333
1128,2012,12,C_NLP3,313.333333333333
1128,2012,12,D_1K,1199383.33333333
1128,2012,12,P_LK98,6652506
1128,2012,12,P_NLP3,5453122.66666667
1128,2012,12,Input_#3_C_1K,75.3333333333333
1128,2012,12,Input_#3_C_LK98,384
1128,2012,12,Input_#3_C_NLP3,308.666666666667
1128,2012,12,Input_#3_D_1K,1086392
1128,2012,12,Input_#3_P_LK98,6349361
1128,2012,12,Input_#3_P_NLP3,5262969
1129,2013,1,RM Category,50 rm
1129,2013,1,C.LK98,380
1129,2013,1,P.LK98,6472808
1129,2013,1,C.1K,76
1129,2013,1,D.1K,1153892
1129,2013,1,C.NLP3,304
1129,2013,1,P.NLP3,5318916
1129,2013,1,C_1K,80
1129,2013,1,C_LK98,399.333333333333
1129,2013,1,C_NLP3,319.333333333333
1129,2013,1,D_1K,1184202.66666667
1129,2013,1,P_LK98,6744594
1129,2013,1,P_NLP3,5560391.33333333
1129,2013,1,Input_#3_C_1K,76.3333333333333
1129,2013,1,Input_#3_C_LK98,385.666666666667
1129,2013,1,Input_#3_C_NLP3,309.333333333333
1129,2013,1,Input_#3_D_1K,1110421.66666667
1129,2013,1,Input_#3_P_LK98,6432669.66666667
1129,2013,1,Input_#3_P_NLP3,5322248
1130,2013,2,RM Category,50 rm
1130,2013,2,C.LK98,344
1130,2013,2,P.LK98,5688872
1130,2013,2,C.1K,92
1130,2013,2,D.1K,1310192
1130,2013,2,C.NLP3,252
1130,2013,2,P.NLP3,4378680
1130,2013,2,C_1K,79.3333333333333
1130,2013,2,C_LK98,379.333333333333
1130,2013,2,C_NLP3,300
1130,2013,2,D_1K,1165988
1130,2013,2,P_LK98,6363582
1130,2013,2,P_NLP3,5197594
1130,2013,2,Input_#3_C_1K,78
1130,2013,2,Input_#3_C_LK98,380.333333333333
1130,2013,2,Input_#3_C_NLP3,302.333333333333
1130,2013,2,Input_#3_D_1K,1142724.66666667
1130,2013,2,Input_#3_P_LK98,6366788.66666667
1130,2013,2,Input_#3_P_NLP3,5224064
1131,2013,3,RM Category,50 rm
1131,2013,3,C.LK98,354
1131,2013,3,P.LK98,5865186
1131,2013,3,C.1K,66
1131,2013,3,D.1K,978798
1131,2013,3,C.NLP3,288
1131,2013,3,P.NLP3,4886388
1131,2013,3,C_1K,78
1131,2013,3,C_LK98,359.333333333333
1131,2013,3,C_NLP3,281.333333333333
1131,2013,3,D_1K,1147627.33333333
1131,2013,3,P_LK98,6008955.33333333
1131,2013,3,P_NLP3,4861328
1131,2013,3,Input_#3_C_1K,80
1131,2013,3,Input_#3_C_LK98,377.333333333333
1131,2013,3,Input_#3_C_NLP3,297.333333333333
1131,2013,3,Input_#3_D_1K,1173505.33333333
1131,2013,3,Input_#3_P_LK98,6330730.66666667
1131,2013,3,Input_#3_P_NLP3,5157225.33333333
1132,2013,4,RM Category,50 rm
1132,2013,4,C.LK98,390
1132,2013,4,P.LK98,6573460
1132,2013,4,C.1K,74
1132,2013,4,D.1K,1210636
1132,2013,4,C.NLP3,316
1132,2013,4,P.NLP3,5362824
1132,2013,4,C_1K,77.3333333333333
1132,2013,4,C_LK98,362.666666666667
1132,2013,4,C_NLP3,285.333333333333
1132,2013,4,D_1K,1166542
1132,2013,4,P_LK98,6042506
1132,2013,4,P_NLP3,4875964
1132,2013,4,Input_#3_C_1K,78.6666666666667
1132,2013,4,Input_#3_C_LK98,381
1132,2013,4,Input_#3_C_NLP3,302.333333333333
1132,2013,4,Input_#3_D_1K,1175372.33333333
1132,2013,4,Input_#3_P_LK98,6393550
1132,2013,4,Input_#3_P_NLP3,5218177.66666667
1133,2013,5,RM Category,50 rm
1133,2013,5,C.LK98,422
1133,2013,5,P.LK98,7134412
1133,2013,5,C.1K,94
1133,2013,5,D.1K,1508640
1133,2013,5,C.NLP3,328
1133,2013,5,P.NLP3,5625772
1133,2013,5,C_1K,78
1133,2013,5,C_LK98,388.666666666667
1133,2013,5,C_NLP3,310.666666666667
1133,2013,5,D_1K,1232691.33333333
1133,2013,5,P_LK98,6524352.66666667
1133,2013,5,P_NLP3,5291661.33333333
1133,2013,5,Input_#3_C_1K,78.6666666666667
1133,2013,5,Input_#3_C_LK98,384
1133,2013,5,Input_#3_C_NLP3,305.333333333333
1133,2013,5,Input_#3_D_1K,1199339.66666667
1133,2013,5,Input_#3_P_LK98,6443967.33333333
1133,2013,5,Input_#3_P_NLP3,5244627.66666667
1134,2013,6,RM Category,50 rm
1134,2013,6,C.LK98,404
1134,2013,6,P.LK98,6559814
1134,2013,6,C.1K,98
1134,2013,6,D.1K,1508988
1134,2013,6,C.NLP3,306
1134,2013,6,P.NLP3,5050826
1134,2013,6,C_1K,88.6666666666667
1134,2013,6,C_LK98,405.333333333333
1134,2013,6,C_NLP3,316.666666666667
1134,2013,6,D_1K,1409421.33333333
1134,2013,6,P_LK98,6755895.33333333
1134,2013,6,P_NLP3,5346474
1134,2013,6,Input_#3_C_1K,83.3333333333333
1134,2013,6,Input_#3_C_LK98,382.333333333333
1134,2013,6,Input_#3_C_NLP3,299
1134,2013,6,Input_#3_D_1K,1278524.33333333
1134,2013,6,Input_#3_P_LK98,6382425.33333333
1134,2013,6,Input_#3_P_NLP3,5103901
1135,2013,7,RM Category,50 rm
1135,2013,7,C.LK98,416
1135,2013,7,P.LK98,6902458
1135,2013,7,C.1K,92
1135,2013,7,D.1K,1564696
1135,2013,7,C.NLP3,324
1135,2013,7,P.NLP3,5337762
1135,2013,7,C_1K,94.6666666666667
1135,2013,7,C_LK98,414
1135,2013,7,C_NLP3,319.333333333333
1135,2013,7,D_1K,1527441.33333333
1135,2013,7,P_LK98,6865561.33333333
1135,2013,7,P_NLP3,5338120
1135,2013,7,Input_#3_C_1K,86
1135,2013,7,Input_#3_C_LK98,388.333333333333
1135,2013,7,Input_#3_C_NLP3,302.333333333333
1135,2013,7,Input_#3_D_1K,1346991.66666667
1135,2013,7,Input_#3_P_LK98,6454033.66666667
1135,2013,7,Input_#3_P_NLP3,5107042
1136,2013,8,RM Category,50 rm
1136,2013,8,C.LK98,376
1136,2013,8,P.LK98,6238038
1136,2013,8,C.1K,76
1136,2013,8,D.1K,1217982
1136,2013,8,C.NLP3,300
1136,2013,8,P.NLP3,5020056
1136,2013,8,C_1K,88.6666666666667
1136,2013,8,C_LK98,398.666666666667
1136,2013,8,C_NLP3,310
1136,2013,8,D_1K,1430555.33333333
1136,2013,8,P_LK98,6566770
1136,2013,8,P_NLP3,5136214.66666667
1136,2013,8,Input_#3_C_1K,83.3333333333333
1136,2013,8,Input_#3_C_LK98,393.666666666667
1136,2013,8,Input_#3_C_NLP3,310.333333333333
1136,2013,8,Input_#3_D_1K,1331623.33333333
1136,2013,8,Input_#3_P_LK98,6545561.33333333
1136,2013,8,Input_#3_P_NLP3,5213938
1137,2013,9,RM Category,50 rm
1137,2013,9,C.LK98,358
1137,2013,9,P.LK98,5877286
1137,2013,9,C.1K,78
1137,2013,9,D.1K,1163886
1137,2013,9,C.NLP3,280
1137,2013,9,P.NLP3,4713400
1137,2013,9,C_1K,82
1137,2013,9,C_LK98,383.333333333333
1137,2013,9,C_NLP3,301.333333333333
1137,2013,9,D_1K,1315521.33333333
1137,2013,9,P_LK98,6339260.66666667
1137,2013,9,P_NLP3,5023739.33333333
1137,2013,9,Input_#3_C_1K,85.3333333333333
1137,2013,9,Input_#3_C_LK98,394.333333333333
1137,2013,9,Input_#3_C_NLP3,309
1137,2013,9,Input_#3_D_1K,1362471.33333333
1137,2013,9,Input_#3_P_LK98,6547578
1137,2013,9,Input_#3_P_NLP3,5185106.66666667
1138,2013,10,RM Category,50 rm
1138,2013,10,C.LK98,344
1138,2013,10,P.LK98,5846008
1138,2013,10,C.1K,50
1138,2013,10,D.1K,781240
1138,2013,10,C.NLP3,294
1138,2013,10,P.NLP3,5064768
1138,2013,10,C_1K,68
1138,2013,10,C_LK98,359.333333333333
1138,2013,10,C_NLP3,291.333333333333
1138,2013,10,D_1K,1054369.33333333
1138,2013,10,P_LK98,5987110.66666667
1138,2013,10,P_NLP3,4932741.33333333
1138,2013,10,Input_#3_C_1K,81.3333333333333
1138,2013,10,Input_#3_C_LK98,386.666666666667
1138,2013,10,Input_#3_C_NLP3,305.333333333333
1138,2013,10,Input_#3_D_1K,1290905.33333333
1138,2013,10,Input_#3_P_LK98,6426336
1138,2013,10,Input_#3_P_NLP3,5135430.66666667
1139,2013,11,RM Category,50 rm
1139,2013,11,C.LK98,334
1139,2013,11,P.LK98,5366044
1139,2013,11,C.1K,62
1139,2013,11,D.1K,849790
1139,2013,11,C.NLP3,272
1139,2013,11,P.NLP3,4516254
1139,2013,11,C_1K,63.3333333333333
1139,2013,11,C_LK98,345.333333333333
1139,2013,11,C_NLP3,282
1139,2013,11,D_1K,931638.666666667
1139,2013,11,P_LK98,5696446
1139,2013,11,P_NLP3,4764807.33333333
1139,2013,11,Input_#3_C_1K,76
1139,2013,11,Input_#3_C_LK98,372
1139,2013,11,Input_#3_C_NLP3,296
1139,2013,11,Input_#3_D_1K,1181097
1139,2013,11,Input_#3_P_LK98,6131608
1139,2013,11,Input_#3_P_NLP3,4950511
1140,2013,12,RM Category,50 rm
1140,2013,12,C.LK98,456
1140,2013,12,P.LK98,7902318
1140,2013,12,C.1K,94
1140,2013,12,D.1K,1527704
1140,2013,12,C.NLP3,362
1140,2013,12,P.NLP3,6374614
1140,2013,12,C_1K,68.6666666666667
1140,2013,12,C_LK98,378
1140,2013,12,C_NLP3,309.333333333333
1140,2013,12,D_1K,1052911.33333333
1140,2013,12,P_LK98,6371456.66666667
1140,2013,12,P_NLP3,5318545.33333333
1140,2013,12,Input_#3_C_1K,75.3333333333333
1140,2013,12,Input_#3_C_LK98,380.666666666667
1140,2013,12,Input_#3_C_NLP3,305.333333333333
1140,2013,12,Input_#3_D_1K,1184216.33333333
1140,2013,12,Input_#3_P_LK98,6355358.66666667
1140,2013,12,Input_#3_P_NLP3,5171142.33333333
1141,2014,1,RM Category,50 rm
1141,2014,1,C.LK98,368
1141,2014,1,P.LK98,6415606
1141,2014,1,C.1K,62
1141,2014,1,D.1K,938512
1141,2014,1,C.NLP3,306
1141,2014,1,P.NLP3,5477094
1141,2014,1,C_1K,72.6666666666667
1141,2014,1,C_LK98,386
1141,2014,1,C_NLP3,313.333333333333
1141,2014,1,D_1K,1105335.33333333
1141,2014,1,P_LK98,6561322.66666667
1141,2014,1,P_NLP3,5455987.33333333
1141,2014,1,Input_#3_C_1K,70.3333333333333
1141,2014,1,Input_#3_C_LK98,372.666666666667
1141,2014,1,Input_#3_C_NLP3,302.333333333333
1141,2014,1,Input_#3_D_1K,1079852.33333333
1141,2014,1,Input_#3_P_LK98,6274216.66666667
1141,2014,1,Input_#3_P_NLP3,5194364.33333333
1142,2014,2,RM Category,50 rm
1142,2014,2,C.LK98,454
1142,2014,2,P.LK98,7785862
1142,2014,2,C.1K,114
1142,2014,2,D.1K,1901480
1142,2014,2,C.NLP3,340
1142,2014,2,P.NLP3,5884382
1142,2014,2,C_1K,90
1142,2014,2,C_LK98,426
1142,2014,2,C_NLP3,336
1142,2014,2,D_1K,1455898.66666667
1142,2014,2,P_LK98,7367928.66666667
1142,2014,2,P_NLP3,5912030
1142,2014,2,Input_#3_C_1K,76.6666666666667
1142,2014,2,Input_#3_C_LK98,385.666666666667
1142,2014,2,Input_#3_C_NLP3,309
1142,2014,2,Input_#3_D_1K,1193768.66666667
1142,2014,2,Input_#3_P_LK98,6532187.33333333
1142,2014,2,Input_#3_P_NLP3,5338418.66666667
1143,2014,3,RM Category,50 rm
1143,2014,3,C.LK98,416
1143,2014,3,P.LK98,7322804
1143,2014,3,C.1K,64
1143,2014,3,D.1K,968792
1143,2014,3,C.NLP3,352
1143,2014,3,P.NLP3,6354012
1143,2014,3,C_1K,80
1143,2014,3,C_LK98,412.666666666667
1143,2014,3,C_NLP3,332.666666666667
1143,2014,3,D_1K,1269594.66666667
1143,2014,3,P_LK98,7174757.33333333
1143,2014,3,P_NLP3,5905162.66666667
1143,2014,3,Input_#3_C_1K,74.3333333333333
1143,2014,3,Input_#3_C_LK98,395.333333333333
1143,2014,3,Input_#3_C_NLP3,321
1143,2014,3,Input_#3_D_1K,1161253
1143,2014,3,Input_#3_P_LK98,6773107
1143,2014,3,Input_#3_P_NLP3,5611854
1144,2014,4,RM Category,50 rm
1144,2014,4,C.LK98,460
1144,2014,4,P.LK98,8570106
1144,2014,4,C.1K,80
1144,2014,4,D.1K,1303718
1144,2014,4,C.NLP3,380
1144,2014,4,P.NLP3,7266388
1144,2014,4,C_1K,86
1144,2014,4,C_LK98,443.333333333333
1144,2014,4,C_NLP3,357.333333333333
1144,2014,4,D_1K,1391330
1144,2014,4,P_LK98,7892924
1144,2014,4,P_NLP3,6501594
1144,2014,4,Input_#3_C_1K,79.3333333333333
1144,2014,4,Input_#3_C_LK98,414.666666666667
1144,2014,4,Input_#3_C_NLP3,335.333333333333
1144,2014,4,Input_#3_D_1K,1248332.66666667
1144,2014,4,Input_#3_P_LK98,7227123.33333333
1144,2014,4,Input_#3_P_NLP3,5978790.66666667
1145,2014,5,RM Category,50 rm
1145,2014,5,C.LK98,422
1145,2014,5,P.LK98,7545888
1145,2014,5,C.1K,84
1145,2014,5,D.1K,1385257.6
1145,2014,5,C.NLP3,338
1145,2014,5,P.NLP3,6160630.4
1145,2014,5,C_1K,76
1145,2014,5,C_LK98,432.666666666667
1145,2014,5,C_NLP3,356.666666666667
1145,2014,5,D_1K,1219255.86666667
1145,2014,5,P_LK98,7812932.66666667
1145,2014,5,P_NLP3,6593676.8
1145,2014,5,Input_#3_C_1K,83
1145,2014,5,Input_#3_C_LK98,429.333333333333
1145,2014,5,Input_#3_C_NLP3,346.333333333333
1145,2014,5,Input_#3_D_1K,1337577.26666667
1145,2014,5,Input_#3_P_LK98,7590430.66666667
1145,2014,5,Input_#3_P_NLP3,6252853.4
1146,2014,6,RM Category,50 rm
1146,2014,6,C.LK98,464
1146,2014,6,P.LK98,7776294
1146,2014,6,C.1K,92
1146,2014,6,D.1K,1525567.06
1146,2014,6,C.NLP3,372
1146,2014,6,P.NLP3,6250726.94
1146,2014,6,C_1K,85.3333333333333
1146,2014,6,C_LK98,448.666666666667
1146,2014,6,C_NLP3,363.333333333333
1146,2014,6,D_1K,1404847.55333333
1146,2014,6,P_LK98,7964096
1146,2014,6,P_NLP3,6559248.44666667
1146,2014,6,Input_#3_C_1K,82.6666666666667
1146,2014,6,Input_#3_C_LK98,430.666666666667
1146,2014,6,Input_#3_C_NLP3,348
1146,2014,6,Input_#3_D_1K,1337221.11
1146,2014,6,Input_#3_P_LK98,7569426.66666667
1146,2014,6,Input_#3_P_NLP3,6232205.55666667
1147,2014,7,RM Category,50 rm
1147,2014,7,C.LK98,
1147,2014,7,P.LK98,
1147,2014,7,C.1K,
1147,2014,7,D.1K,
1147,2014,7,C.NLP3,
1147,2014,7,P.NLP3,
1147,2014,7,C_1K,58.6666666666667
1147,2014,7,C_LK98,295.333333333333
1147,2014,7,C_NLP3,236.666666666667
1147,2014,7,D_1K,970274.886666667
1147,2014,7,P_LK98,5107394
1147,2014,7,P_NLP3,4137119.11333333
1147,2014,7,Input_#3_C_1K,72.3333333333333
1147,2014,7,Input_#3_C_LK98,369.333333333333
1147,2014,7,Input_#3_C_NLP3,297
1147,2014,7,Input_#3_D_1K,1180802.44333333
1147,2014,7,Input_#3_P_LK98,6500159
1147,2014,7,Input_#3_P_NLP3,5319356.55666667
1148,2014,8,RM Category,50 rm
1148,2014,8,C.LK98,
1148,2014,8,P.LK98,
1148,2014,8,C.1K,
1148,2014,8,D.1K,
1148,2014,8,C.NLP3,
1148,2014,8,P.NLP3,
1148,2014,8,C_1K,30.6666666666667
1148,2014,8,C_LK98,154.666666666667
1148,2014,8,C_NLP3,124
1148,2014,8,D_1K,508522.353333333
1148,2014,8,P_LK98,2592098
1148,2014,8,P_NLP3,2083575.64666667
1148,2014,8,Input_#3_C_1K,53.3333333333333
1148,2014,8,Input_#3_C_LK98,293.666666666667
1148,2014,8,Input_#3_C_NLP3,240.333333333333
1148,2014,8,Input_#3_D_1K,863889.11
1148,2014,8,Input_#3_P_LK98,5202515.33333333
1148,2014,8,Input_#3_P_NLP3,4338626.22333333
1149,2014,9,RM Category,50 rm
1149,2014,9,C.LK98,
1149,2014,9,P.LK98,
1149,2014,9,C.1K,
1149,2014,9,D.1K,
1149,2014,9,C.NLP3,
1149,2014,9,P.NLP3,
1149,2014,9,C_1K,0
1149,2014,9,C_LK98,0
1149,2014,9,C_NLP3,0
1149,2014,9,D_1K,0
1149,2014,9,P_LK98,0
1149,2014,9,P_NLP3,0
1149,2014,9,Input_#3_C_1K,42.6666666666667
1149,2014,9,Input_#3_C_LK98,224.333333333333
1149,2014,9,Input_#3_C_NLP3,181.666666666667
1149,2014,9,Input_#3_D_1K,702423.776666667
1149,2014,9,Input_#3_P_LK98,3982048
1149,2014,9,Input_#3_P_NLP3,3279624.22333333
1150,2014,10,RM Category,50 rm
1150,2014,10,C.LK98,
1150,2014,10,P.LK98,
1150,2014,10,C.1K,
1150,2014,10,D.1K,
1150,2014,10,C.NLP3,
1150,2014,10,P.NLP3,
1150,2014,10,C_1K,0
1150,2014,10,C_LK98,0
1150,2014,10,C_NLP3,0
1150,2014,10,D_1K,0
1150,2014,10,P_LK98,0
1150,2014,10,P_NLP3,0
1150,2014,10,Input_#3_C_1K,29.3333333333333
1150,2014,10,Input_#3_C_LK98,147.666666666667
1150,2014,10,Input_#3_C_NLP3,118.333333333333
1150,2014,10,Input_#3_D_1K,485137.443333333
1150,2014,10,Input_#3_P_LK98,2553697
1150,2014,10,Input_#3_P_NLP3,2068559.55666667
1151,2014,11,RM Category,50 rm
1151,2014,11,C.LK98,
1151,2014,11,P.LK98,
1151,2014,11,C.1K,
1151,2014,11,D.1K,
1151,2014,11,C.NLP3,
1151,2014,11,P.NLP3,
1151,2014,11,C_1K,0
1151,2014,11,C_LK98,0
1151,2014,11,C_NLP3,0
1151,2014,11,D_1K,0
1151,2014,11,P_LK98,0
1151,2014,11,P_NLP3,0
1151,2014,11,Input_#3_C_1K,15.3333333333333
1151,2014,11,Input_#3_C_LK98,77.3333333333333
1151,2014,11,Input_#3_C_NLP3,62
1151,2014,11,Input_#3_D_1K,254261.176666667
1151,2014,11,Input_#3_P_LK98,1296049
1151,2014,11,Input_#3_P_NLP3,1041787.82333333
1152,2014,12,RM Category,50 rm
1152,2014,12,C.LK98,
1152,2014,12,P.LK98,
1152,2014,12,C.1K,
1152,2014,12,D.1K,
1152,2014,12,C.NLP3,
1152,2014,12,P.NLP3,
1152,2014,12,C_1K,0
1152,2014,12,C_LK98,0
1152,2014,12,C_NLP3,0
1152,2014,12,D_1K,0
1152,2014,12,P_LK98,0
1152,2014,12,P_NLP3,0
1152,2014,12,Input_#3_C_1K,0
1152,2014,12,Input_#3_C_LK98,0
1152,2014,12,Input_#3_C_NLP3,0
1152,2014,12,Input_#3_D_1K,0
1152,2014,12,Input_#3_P_LK98,0
1152,2014,12,Input_#3_P_NLP3,0
1153,2009,1,RM Category,60 rm
1153,2009,1,C.LK98,100
1153,2009,1,P.LK98,1901496
1153,2009,1,C.1K,22
1153,2009,1,D.1K,384884
1153,2009,1,C.NLP3,78
1153,2009,1,P.NLP3,1516612
1153,2009,1,C_1K,22
1153,2009,1,C_LK98,100
1153,2009,1,C_NLP3,78
1153,2009,1,D_1K,384884
1153,2009,1,P_LK98,1901496
1153,2009,1,P_NLP3,1516612
1153,2009,1,Input_#3_C_1K,3.66666666666667
1153,2009,1,Input_#3_C_LK98,16.6666666666667
1153,2009,1,Input_#3_C_NLP3,13
1153,2009,1,Input_#3_D_1K,64147.3333333333
1153,2009,1,Input_#3_P_LK98,316916
1153,2009,1,Input_#3_P_NLP3,252768.666666667
1154,2009,2,RM Category,60 rm
1154,2009,2,C.LK98,76
1154,2009,2,P.LK98,1436594
1154,2009,2,C.1K,24
1154,2009,2,D.1K,452200
1154,2009,2,C.NLP3,52
1154,2009,2,P.NLP3,984394
1154,2009,2,C_1K,22.6666666666667
1154,2009,2,C_LK98,92
1154,2009,2,C_NLP3,69.3333333333333
1154,2009,2,D_1K,407322.666666667
1154,2009,2,P_LK98,1746528.66666667
1154,2009,2,P_NLP3,1339206
1154,2009,2,Input_#3_C_1K,7.66666666666667
1154,2009,2,Input_#3_C_LK98,29.3333333333333
1154,2009,2,Input_#3_C_NLP3,21.6666666666667
1154,2009,2,Input_#3_D_1K,139514
1154,2009,2,Input_#3_P_LK98,556348.333333333
1154,2009,2,Input_#3_P_NLP3,416834.333333333
1155,2009,3,RM Category,60 rm
1155,2009,3,C.LK98,80
1155,2009,3,P.LK98,1492730
1155,2009,3,C.1K,12
1155,2009,3,D.1K,219594
1155,2009,3,C.NLP3,68
1155,2009,3,P.NLP3,1273136
1155,2009,3,C_1K,19.3333333333333
1155,2009,3,C_LK98,85.3333333333333
1155,2009,3,C_NLP3,66
1155,2009,3,D_1K,352226
1155,2009,3,P_LK98,1610273.33333333
1155,2009,3,P_NLP3,1258047.33333333
1155,2009,3,Input_#3_C_1K,9.66666666666667
1155,2009,3,Input_#3_C_LK98,42.6666666666667
1155,2009,3,Input_#3_C_NLP3,33
1155,2009,3,Input_#3_D_1K,176113
1155,2009,3,Input_#3_P_LK98,805136.666666667
1155,2009,3,Input_#3_P_NLP3,629023.666666667
1156,2009,4,RM Category,60 rm
1156,2009,4,C.LK98,80
1156,2009,4,P.LK98,1896112
1156,2009,4,C.1K,24
1156,2009,4,D.1K,453960
1156,2009,4,C.NLP3,56
1156,2009,4,P.NLP3,1442152
1156,2009,4,C_1K,20
1156,2009,4,C_LK98,78.6666666666667
1156,2009,4,C_NLP3,58.6666666666667
1156,2009,4,D_1K,375251.333333333
1156,2009,4,P_LK98,1608478.66666667
1156,2009,4,P_NLP3,1233227.33333333
1156,2009,4,Input_#3_C_1K,13.6666666666667
1156,2009,4,Input_#3_C_LK98,56
1156,2009,4,Input_#3_C_NLP3,42.3333333333333
1156,2009,4,Input_#3_D_1K,251773
1156,2009,4,Input_#3_P_LK98,1121155.33333333
1156,2009,4,Input_#3_P_NLP3,869382.333333333
1157,2009,5,RM Category,60 rm
1157,2009,5,C.LK98,72
1157,2009,5,P.LK98,1309250
1157,2009,5,C.1K,28
1157,2009,5,D.1K,506964
1157,2009,5,C.NLP3,44
1157,2009,5,P.NLP3,802286
1157,2009,5,C_1K,21.3333333333333
1157,2009,5,C_LK98,77.3333333333333
1157,2009,5,C_NLP3,56
1157,2009,5,D_1K,393506
1157,2009,5,P_LK98,1566030.66666667
1157,2009,5,P_NLP3,1172524.66666667
1157,2009,5,Input_#3_C_1K,18.3333333333333
1157,2009,5,Input_#3_C_LK98,68
1157,2009,5,Input_#3_C_NLP3,49.6666666666667
1157,2009,5,Input_#3_D_1K,336267
1157,2009,5,Input_#3_P_LK98,1339363.66666667
1157,2009,5,Input_#3_P_NLP3,1003096.66666667
1158,2009,6,RM Category,60 rm
1158,2009,6,C.LK98,90
1158,2009,6,P.LK98,1827938
1158,2009,6,C.1K,10
1158,2009,6,D.1K,208366
1158,2009,6,C.NLP3,80
1158,2009,6,P.NLP3,1619572
1158,2009,6,C_1K,20.6666666666667
1158,2009,6,C_LK98,80.6666666666667
1158,2009,6,C_NLP3,60
1158,2009,6,D_1K,389763.333333333
1158,2009,6,P_LK98,1677766.66666667
1158,2009,6,P_NLP3,1288003.33333333
1158,2009,6,Input_#3_C_1K,20
1158,2009,6,Input_#3_C_LK98,83
1158,2009,6,Input_#3_C_NLP3,63
1158,2009,6,Input_#3_D_1K,370994.666666667
1158,2009,6,Input_#3_P_LK98,1644020
1158,2009,6,Input_#3_P_NLP3,1273025.33333333
1159,2009,7,RM Category,60 rm
1159,2009,7,C.LK98,68
1159,2009,7,P.LK98,1245344
1159,2009,7,C.1K,18
1159,2009,7,D.1K,300068
1159,2009,7,C.NLP3,50
1159,2009,7,P.NLP3,945276
1159,2009,7,C_1K,18.6666666666667
1159,2009,7,C_LK98,76.6666666666667
1159,2009,7,C_NLP3,58
1159,2009,7,D_1K,338466
1159,2009,7,P_LK98,1460844
1159,2009,7,P_NLP3,1122378
1159,2009,7,Input_#3_C_1K,19.3333333333333
1159,2009,7,Input_#3_C_LK98,77.6666666666667
1159,2009,7,Input_#3_C_NLP3,58.3333333333333
1159,2009,7,Input_#3_D_1K,356858.666666667
1159,2009,7,Input_#3_P_LK98,1534661.33333333
1159,2009,7,Input_#3_P_NLP3,1177802.66666667
1160,2009,8,RM Category,60 rm
1160,2009,8,C.LK98,74
1160,2009,8,P.LK98,1290382
1160,2009,8,C.1K,24
1160,2009,8,D.1K,405538
1160,2009,8,C.NLP3,50
1160,2009,8,P.NLP3,884844
1160,2009,8,C_1K,17.3333333333333
1160,2009,8,C_LK98,77.3333333333333
1160,2009,8,C_NLP3,60
1160,2009,8,D_1K,304657.333333333
1160,2009,8,P_LK98,1454554.66666667
1160,2009,8,P_NLP3,1149897.33333333
1160,2009,8,Input_#3_C_1K,19.3333333333333
1160,2009,8,Input_#3_C_LK98,77.3333333333333
1160,2009,8,Input_#3_C_NLP3,58
1160,2009,8,Input_#3_D_1K,349081.666666667
1160,2009,8,Input_#3_P_LK98,1510292.66666667
1160,2009,8,Input_#3_P_NLP3,1161211
1161,2009,9,RM Category,60 rm
1161,2009,9,C.LK98,98
1161,2009,9,P.LK98,1796458
1161,2009,9,C.1K,20
1161,2009,9,D.1K,367070
1161,2009,9,C.NLP3,78
1161,2009,9,P.NLP3,1429388
1161,2009,9,C_1K,20.6666666666667
1161,2009,9,C_LK98,80
1161,2009,9,C_NLP3,59.3333333333333
1161,2009,9,D_1K,357558.666666667
1161,2009,9,P_LK98,1444061.33333333
1161,2009,9,P_NLP3,1086502.66666667
1161,2009,9,Input_#3_C_1K,20.6666666666667
1161,2009,9,Input_#3_C_LK98,80.3333333333333
1161,2009,9,Input_#3_C_NLP3,59.6666666666667
1161,2009,9,Input_#3_D_1K,373661
1161,2009,9,Input_#3_P_LK98,1560914
1161,2009,9,Input_#3_P_NLP3,1187253
1162,2009,10,RM Category,60 rm
1162,2009,10,C.LK98,80
1162,2009,10,P.LK98,1477672
1162,2009,10,C.1K,12
1162,2009,10,D.1K,221622
1162,2009,10,C.NLP3,68
1162,2009,10,P.NLP3,1256050
1162,2009,10,C_1K,18.6666666666667
1162,2009,10,C_LK98,84
1162,2009,10,C_NLP3,65.3333333333333
1162,2009,10,D_1K,331410
1162,2009,10,P_LK98,1521504
1162,2009,10,P_NLP3,1190094
1162,2009,10,Input_#3_C_1K,18.6666666666667
1162,2009,10,Input_#3_C_LK98,80.3333333333333
1162,2009,10,Input_#3_C_NLP3,61.6666666666667
1162,2009,10,Input_#3_D_1K,334938
1162,2009,10,Input_#3_P_LK98,1491174
1162,2009,10,Input_#3_P_NLP3,1156236
1163,2009,11,RM Category,60 rm
1163,2009,11,C.LK98,62
1163,2009,11,P.LK98,1056908
1163,2009,11,C.1K,14
1163,2009,11,D.1K,248240
1163,2009,11,C.NLP3,48
1163,2009,11,P.NLP3,808668
1163,2009,11,C_1K,15.3333333333333
1163,2009,11,C_LK98,80
1163,2009,11,C_NLP3,64.6666666666667
1163,2009,11,D_1K,278977.333333333
1163,2009,11,P_LK98,1443679.33333333
1163,2009,11,P_NLP3,1164702
1163,2009,11,Input_#3_C_1K,16.3333333333333
1163,2009,11,Input_#3_C_LK98,78.6666666666667
1163,2009,11,Input_#3_C_NLP3,62.3333333333333
1163,2009,11,Input_#3_D_1K,291817.333333333
1163,2009,11,Input_#3_P_LK98,1449117
1163,2009,11,Input_#3_P_NLP3,1157299.66666667
1164,2009,12,RM Category,60 rm
1164,2009,12,C.LK98,64
1164,2009,12,P.LK98,1229510
1164,2009,12,C.1K,8
1164,2009,12,D.1K,146546
1164,2009,12,C.NLP3,56
1164,2009,12,P.NLP3,1082964
1164,2009,12,C_1K,11.3333333333333
1164,2009,12,C_LK98,68.6666666666667
1164,2009,12,C_NLP3,57.3333333333333
1164,2009,12,D_1K,205469.333333333
1164,2009,12,P_LK98,1254696.66666667
1164,2009,12,P_NLP3,1049227.33333333
1164,2009,12,Input_#3_C_1K,16
1164,2009,12,Input_#3_C_LK98,74.3333333333333
1164,2009,12,Input_#3_C_NLP3,58.3333333333333
1164,2009,12,Input_#3_D_1K,281514
1164,2009,12,Input_#3_P_LK98,1349379
1164,2009,12,Input_#3_P_NLP3,1067865
1165,2010,1,RM Category,60 rm
1165,2010,1,C.LK98,48
1165,2010,1,P.LK98,975122
1165,2010,1,C.1K,12
1165,2010,1,D.1K,231924
1165,2010,1,C.NLP3,36
1165,2010,1,P.NLP3,743198
1165,2010,1,C_1K,11.3333333333333
1165,2010,1,C_LK98,58
1165,2010,1,C_NLP3,46.6666666666667
1165,2010,1,D_1K,208903.333333333
1165,2010,1,P_LK98,1087180
1165,2010,1,P_NLP3,878276.666666667
1165,2010,1,Input_#3_C_1K,15
1165,2010,1,Input_#3_C_LK98,71
1165,2010,1,Input_#3_C_NLP3,56
1165,2010,1,Input_#3_D_1K,270156.666666667
1165,2010,1,Input_#3_P_LK98,1304342
1165,2010,1,Input_#3_P_NLP3,1034185.33333333
1166,2010,2,RM Category,60 rm
1166,2010,2,C.LK98,46
1166,2010,2,P.LK98,846112
1166,2010,2,C.1K,6
1166,2010,2,D.1K,109312
1166,2010,2,C.NLP3,40
1166,2010,2,P.NLP3,736800
1166,2010,2,C_1K,8.66666666666667
1166,2010,2,C_LK98,52.6666666666667
1166,2010,2,C_NLP3,44
1166,2010,2,D_1K,162594
1166,2010,2,P_LK98,1016914.66666667
1166,2010,2,P_NLP3,854320.666666667
1166,2010,2,Input_#3_C_1K,12
1166,2010,2,Input_#3_C_LK98,66.3333333333333
1166,2010,2,Input_#3_C_NLP3,54.3333333333333
1166,2010,2,Input_#3_D_1K,220785.666666667
1166,2010,2,Input_#3_P_LK98,1230297
1166,2010,2,Input_#3_P_NLP3,1009511.33333333
1167,2010,3,RM Category,60 rm
1167,2010,3,C.LK98,94
1167,2010,3,P.LK98,1670172
1167,2010,3,C.1K,34
1167,2010,3,D.1K,558892
1167,2010,3,C.NLP3,60
1167,2010,3,P.NLP3,1111280
1167,2010,3,C_1K,17.3333333333333
1167,2010,3,C_LK98,62.6666666666667
1167,2010,3,C_NLP3,45.3333333333333
1167,2010,3,D_1K,300042.666666667
1167,2010,3,P_LK98,1163802
1167,2010,3,P_NLP3,863759.333333333
1167,2010,3,Input_#3_C_1K,14.3333333333333
1167,2010,3,Input_#3_C_LK98,65.6666666666667
1167,2010,3,Input_#3_C_NLP3,51.3333333333333
1167,2010,3,Input_#3_D_1K,252756
1167,2010,3,Input_#3_P_LK98,1209249.33333333
1167,2010,3,Input_#3_P_NLP3,956493.333333333
1168,2010,4,RM Category,60 rm
1168,2010,4,C.LK98,106
1168,2010,4,P.LK98,1972836
1168,2010,4,C.1K,30
1168,2010,4,D.1K,520840
1168,2010,4,C.NLP3,76
1168,2010,4,P.NLP3,1451996
1168,2010,4,C_1K,23.3333333333333
1168,2010,4,C_LK98,82
1168,2010,4,C_NLP3,58.6666666666667
1168,2010,4,D_1K,396348
1168,2010,4,P_LK98,1496373.33333333
1168,2010,4,P_NLP3,1100025.33333333
1168,2010,4,Input_#3_C_1K,17.3333333333333
1168,2010,4,Input_#3_C_LK98,70
1168,2010,4,Input_#3_C_NLP3,52.6666666666667
1168,2010,4,Input_#3_D_1K,302625.666666667
1168,2010,4,Input_#3_P_LK98,1291776.66666667
1168,2010,4,Input_#3_P_NLP3,989151
1169,2010,5,RM Category,60 rm
1169,2010,5,C.LK98,82
1169,2010,5,P.LK98,1484862
1169,2010,5,C.1K,24
1169,2010,5,D.1K,412698
1169,2010,5,C.NLP3,58
1169,2010,5,P.NLP3,1072164
1169,2010,5,C_1K,29.3333333333333
1169,2010,5,C_LK98,94
1169,2010,5,C_NLP3,64.6666666666667
1169,2010,5,D_1K,497476.666666667
1169,2010,5,P_LK98,1709290
1169,2010,5,P_NLP3,1211813.33333333
1169,2010,5,Input_#3_C_1K,19
1169,2010,5,Input_#3_C_LK98,73.3333333333333
1169,2010,5,Input_#3_C_NLP3,54.3333333333333
1169,2010,5,Input_#3_D_1K,330035.333333333
1169,2010,5,Input_#3_P_LK98,1363102.33333333
1169,2010,5,Input_#3_P_NLP3,1033067
1170,2010,6,RM Category,60 rm
1170,2010,6,C.LK98,88
1170,2010,6,P.LK98,1578540
1170,2010,6,C.1K,26
1170,2010,6,D.1K,487064
1170,2010,6,C.NLP3,62
1170,2010,6,P.NLP3,1091476
1170,2010,6,C_1K,26.6666666666667
1170,2010,6,C_LK98,92
1170,2010,6,C_NLP3,65.3333333333333
1170,2010,6,D_1K,473534
1170,2010,6,P_LK98,1678746
1170,2010,6,P_NLP3,1205212
1170,2010,6,Input_#3_C_1K,22
1170,2010,6,Input_#3_C_LK98,77.3333333333333
1170,2010,6,Input_#3_C_NLP3,55.3333333333333
1170,2010,6,Input_#3_D_1K,386788.333333333
1170,2010,6,Input_#3_P_LK98,1421274
1170,2010,6,Input_#3_P_NLP3,1034485.66666667
1171,2010,7,RM Category,60 rm
1171,2010,7,C.LK98,78
1171,2010,7,P.LK98,1418784
1171,2010,7,C.1K,30
1171,2010,7,D.1K,524652
1171,2010,7,C.NLP3,48
1171,2010,7,P.NLP3,894132
1171,2010,7,C_1K,26.6666666666667
1171,2010,7,C_LK98,82.6666666666667
1171,2010,7,C_NLP3,56
1171,2010,7,D_1K,474804.666666667
1171,2010,7,P_LK98,1494062
1171,2010,7,P_NLP3,1019257.33333333
1171,2010,7,Input_#3_C_1K,25
1171,2010,7,Input_#3_C_LK98,82.3333333333333
1171,2010,7,Input_#3_C_NLP3,57.3333333333333
1171,2010,7,Input_#3_D_1K,435576.333333333
1171,2010,7,Input_#3_P_LK98,1495217.66666667
1171,2010,7,Input_#3_P_NLP3,1059641.33333333
1172,2010,8,RM Category,60 rm
1172,2010,8,C.LK98,88
1172,2010,8,P.LK98,1718468
1172,2010,8,C.1K,24
1172,2010,8,D.1K,439100
1172,2010,8,C.NLP3,64
1172,2010,8,P.NLP3,1279368
1172,2010,8,C_1K,26.6666666666667
1172,2010,8,C_LK98,84.6666666666667
1172,2010,8,C_NLP3,58
1172,2010,8,D_1K,483605.333333333
1172,2010,8,P_LK98,1571930.66666667
1172,2010,8,P_NLP3,1088325.33333333
1172,2010,8,Input_#3_C_1K,28
1172,2010,8,Input_#3_C_LK98,89.3333333333333
1172,2010,8,Input_#3_C_NLP3,61.3333333333333
1172,2010,8,Input_#3_D_1K,490541
1172,2010,8,Input_#3_P_LK98,1640610.33333333
1172,2010,8,Input_#3_P_NLP3,1150069.33333333
1173,2010,9,RM Category,60 rm
1173,2010,9,C.LK98,86
1173,2010,9,P.LK98,1571644
1173,2010,9,C.1K,32
1173,2010,9,D.1K,500400
1173,2010,9,C.NLP3,54
1173,2010,9,P.NLP3,1071244
1173,2010,9,C_1K,28.6666666666667
1173,2010,9,C_LK98,84
1173,2010,9,C_NLP3,55.3333333333333
1173,2010,9,D_1K,488050.666666667
1173,2010,9,P_LK98,1569632
1173,2010,9,P_NLP3,1081581.33333333
1173,2010,9,Input_#3_C_1K,27.6666666666667
1173,2010,9,Input_#3_C_LK98,88
1173,2010,9,Input_#3_C_NLP3,60.3333333333333
1173,2010,9,Input_#3_D_1K,480792.333333333
1173,2010,9,Input_#3_P_LK98,1624189
1173,2010,9,Input_#3_P_NLP3,1143396.66666667
1174,2010,10,RM Category,60 rm
1174,2010,10,C.LK98,84
1174,2010,10,P.LK98,1650918
1174,2010,10,C.1K,30
1174,2010,10,D.1K,499618
1174,2010,10,C.NLP3,54
1174,2010,10,P.NLP3,1151300
1174,2010,10,C_1K,28.6666666666667
1174,2010,10,C_LK98,86
1174,2010,10,C_NLP3,57.3333333333333
1174,2010,10,D_1K,479706
1174,2010,10,P_LK98,1647010
1174,2010,10,P_NLP3,1167304
1174,2010,10,Input_#3_C_1K,27.6666666666667
1174,2010,10,Input_#3_C_LK98,84.3333333333333
1174,2010,10,Input_#3_C_NLP3,56.6666666666667
1174,2010,10,Input_#3_D_1K,477255.333333333
1174,2010,10,Input_#3_P_LK98,1570536
1174,2010,10,Input_#3_P_NLP3,1093280.66666667
1175,2010,11,RM Category,60 rm
1175,2010,11,C.LK98,114
1175,2010,11,P.LK98,2166928
1175,2010,11,C.1K,34
1175,2010,11,D.1K,584888
1175,2010,11,C.NLP3,80
1175,2010,11,P.NLP3,1582040
1175,2010,11,C_1K,32
1175,2010,11,C_LK98,94.6666666666667
1175,2010,11,C_NLP3,62.6666666666667
1175,2010,11,D_1K,528302
1175,2010,11,P_LK98,1796496.66666667
1175,2010,11,P_NLP3,1268194.66666667
1175,2010,11,Input_#3_C_1K,29.3333333333333
1175,2010,11,Input_#3_C_LK98,89.6666666666667
1175,2010,11,Input_#3_C_NLP3,60.3333333333333
1175,2010,11,Input_#3_D_1K,505953.666666667
1175,2010,11,Input_#3_P_LK98,1684213.66666667
1175,2010,11,Input_#3_P_NLP3,1178260
1176,2010,12,RM Category,60 rm
1176,2010,12,C.LK98,108
1176,2010,12,P.LK98,1966348
1176,2010,12,C.1K,40
1176,2010,12,D.1K,710772
1176,2010,12,C.NLP3,68
1176,2010,12,P.NLP3,1255576
1176,2010,12,C_1K,34.6666666666667
1176,2010,12,C_LK98,102
1176,2010,12,C_NLP3,67.3333333333333
1176,2010,12,D_1K,598426
1176,2010,12,P_LK98,1928064.66666667
1176,2010,12,P_NLP3,1329638.66666667
1176,2010,12,Input_#3_C_1K,31.6666666666667
1176,2010,12,Input_#3_C_LK98,93
1176,2010,12,Input_#3_C_NLP3,61.3333333333333
1176,2010,12,Input_#3_D_1K,543238.333333333
1176,2010,12,Input_#3_P_LK98,1748848.33333333
1176,2010,12,Input_#3_P_NLP3,1205610
1177,2011,1,RM Category,60 rm
1177,2011,1,C.LK98,70
1177,2011,1,P.LK98,1278200
1177,2011,1,C.1K,26
1177,2011,1,D.1K,458688
1177,2011,1,C.NLP3,44
1177,2011,1,P.NLP3,819512
1177,2011,1,C_1K,33.3333333333333
1177,2011,1,C_LK98,97.3333333333333
1177,2011,1,C_NLP3,64
1177,2011,1,D_1K,584782.666666667
1177,2011,1,P_LK98,1803825.33333333
1177,2011,1,P_NLP3,1219042.66666667
1177,2011,1,Input_#3_C_1K,31
1177,2011,1,Input_#3_C_LK98,91.6666666666667
1177,2011,1,Input_#3_C_NLP3,60.6666666666667
1177,2011,1,Input_#3_D_1K,532244.333333333
1177,2011,1,Input_#3_P_LK98,1725417.66666667
1177,2011,1,Input_#3_P_NLP3,1193173.33333333
1178,2011,2,RM Category,60 rm
1178,2011,2,C.LK98,56
1178,2011,2,P.LK98,1039688
1178,2011,2,C.1K,10
1178,2011,2,D.1K,180402
1178,2011,2,C.NLP3,46
1178,2011,2,P.NLP3,859286
1178,2011,2,C_1K,25.3333333333333
1178,2011,2,C_LK98,78
1178,2011,2,C_NLP3,52.6666666666667
1178,2011,2,D_1K,449954
1178,2011,2,P_LK98,1428078.66666667
1178,2011,2,P_NLP3,978124.666666667
1178,2011,2,Input_#3_C_1K,28.6666666666667
1178,2011,2,Input_#3_C_LK98,86.3333333333333
1178,2011,2,Input_#3_C_NLP3,57.6666666666667
1178,2011,2,Input_#3_D_1K,489128
1178,2011,2,Input_#3_P_LK98,1612287.66666667
1178,2011,2,Input_#3_P_NLP3,1123159.66666667
1179,2011,3,RM Category,60 rm
1179,2011,3,C.LK98,100
1179,2011,3,P.LK98,1913082
1179,2011,3,C.1K,18
1179,2011,3,D.1K,365154
1179,2011,3,C.NLP3,82
1179,2011,3,P.NLP3,1547928
1179,2011,3,C_1K,18
1179,2011,3,C_LK98,75.3333333333333
1179,2011,3,C_NLP3,57.3333333333333
1179,2011,3,D_1K,334748
1179,2011,3,P_LK98,1410323.33333333
1179,2011,3,P_NLP3,1075575.33333333
1179,2011,3,Input_#3_C_1K,26.3333333333333
1179,2011,3,Input_#3_C_LK98,88.6666666666667
1179,2011,3,Input_#3_C_NLP3,62.3333333333333
1179,2011,3,Input_#3_D_1K,466587
1179,2011,3,Input_#3_P_LK98,1669194
1179,2011,3,Input_#3_P_NLP3,1202607
1180,2011,4,RM Category,60 rm
1180,2011,4,C.LK98,80
1180,2011,4,P.LK98,1494780
1180,2011,4,C.1K,24
1180,2011,4,D.1K,439822
1180,2011,4,C.NLP3,56
1180,2011,4,P.NLP3,1054958
1180,2011,4,C_1K,17.3333333333333
1180,2011,4,C_LK98,78.6666666666667
1180,2011,4,C_NLP3,61.3333333333333
1180,2011,4,D_1K,328459.333333333
1180,2011,4,P_LK98,1482516.66666667
1180,2011,4,P_NLP3,1154057.33333333
1180,2011,4,Input_#3_C_1K,25.3333333333333
1180,2011,4,Input_#3_C_LK98,88
1180,2011,4,Input_#3_C_NLP3,62.6666666666667
1180,2011,4,Input_#3_D_1K,456621
1180,2011,4,Input_#3_P_LK98,1643171
1180,2011,4,Input_#3_P_NLP3,1186550
1181,2011,5,RM Category,60 rm
1181,2011,5,C.LK98,96
1181,2011,5,P.LK98,1824418
1181,2011,5,C.1K,30
1181,2011,5,D.1K,533066
1181,2011,5,C.NLP3,66
1181,2011,5,P.NLP3,1291352
1181,2011,5,C_1K,24
1181,2011,5,C_LK98,92
1181,2011,5,C_NLP3,68
1181,2011,5,D_1K,446014
1181,2011,5,P_LK98,1744093.33333333
1181,2011,5,P_NLP3,1298079.33333333
1181,2011,5,Input_#3_C_1K,24.6666666666667
1181,2011,5,Input_#3_C_LK98,85
1181,2011,5,Input_#3_C_NLP3,60.3333333333333
1181,2011,5,Input_#3_D_1K,447984
1181,2011,5,Input_#3_P_LK98,1586086
1181,2011,5,Input_#3_P_NLP3,1138102
1182,2011,6,RM Category,60 rm
1182,2011,6,C.LK98,106
1182,2011,6,P.LK98,2088762
1182,2011,6,C.1K,22
1182,2011,6,D.1K,389842
1182,2011,6,C.NLP3,84
1182,2011,6,P.NLP3,1698920
1182,2011,6,C_1K,25.3333333333333
1182,2011,6,C_LK98,94
1182,2011,6,C_NLP3,68.6666666666667
1182,2011,6,D_1K,454243.333333333
1182,2011,6,P_LK98,1802653.33333333
1182,2011,6,P_NLP3,1348410
1182,2011,6,Input_#3_C_1K,21.6666666666667
1182,2011,6,Input_#3_C_LK98,84.6666666666667
1182,2011,6,Input_#3_C_NLP3,63
1182,2011,6,Input_#3_D_1K,394495.666666667
1182,2011,6,Input_#3_P_LK98,1606488.33333333
1182,2011,6,Input_#3_P_NLP3,1211992.66666667
1183,2011,7,RM Category,60 rm
1183,2011,7,C.LK98,88
1183,2011,7,P.LK98,1716942
1183,2011,7,C.1K,16
1183,2011,7,D.1K,293772
1183,2011,7,C.NLP3,72
1183,2011,7,P.NLP3,1423170
1183,2011,7,C_1K,22.6666666666667
1183,2011,7,C_LK98,96.6666666666667
1183,2011,7,C_NLP3,74
1183,2011,7,D_1K,405560
1183,2011,7,P_LK98,1876707.33333333
1183,2011,7,P_NLP3,1471147.33333333
1183,2011,7,Input_#3_C_1K,20
1183,2011,7,Input_#3_C_LK98,87.6666666666667
1183,2011,7,Input_#3_C_NLP3,67.6666666666667
1183,2011,7,Input_#3_D_1K,367009.666666667
1183,2011,7,Input_#3_P_LK98,1679612
1183,2011,7,Input_#3_P_NLP3,1312602.33333333
1184,2011,8,RM Category,60 rm
1184,2011,8,C.LK98,120
1184,2011,8,P.LK98,2547566
1184,2011,8,C.1K,14
1184,2011,8,D.1K,274316
1184,2011,8,C.NLP3,106
1184,2011,8,P.NLP3,2273250
1184,2011,8,C_1K,17.3333333333333
1184,2011,8,C_LK98,104.666666666667
1184,2011,8,C_NLP3,87.3333333333333
1184,2011,8,D_1K,319310
1184,2011,8,P_LK98,2117756.66666667
1184,2011,8,P_NLP3,1798446.66666667
1184,2011,8,Input_#3_C_1K,20.6666666666667
1184,2011,8,Input_#3_C_LK98,98.3333333333333
1184,2011,8,Input_#3_C_NLP3,77.6666666666667
1184,2011,8,Input_#3_D_1K,382662
1184,2011,8,Input_#3_P_LK98,1930925
1184,2011,8,Input_#3_P_NLP3,1548263
1185,2011,9,RM Category,60 rm
1185,2011,9,C.LK98,66
1185,2011,9,P.LK98,1321838
1185,2011,9,C.1K,18
1185,2011,9,D.1K,353852
1185,2011,9,C.NLP3,48
1185,2011,9,P.NLP3,967986
1185,2011,9,C_1K,16
1185,2011,9,C_LK98,91.3333333333333
1185,2011,9,C_NLP3,75.3333333333333
1185,2011,9,D_1K,307313.333333333
1185,2011,9,P_LK98,1862115.33333333
1185,2011,9,P_NLP3,1554802
1185,2011,9,Input_#3_C_1K,20.6666666666667
1185,2011,9,Input_#3_C_LK98,92.6666666666667
1185,2011,9,Input_#3_C_NLP3,72
1185,2011,9,Input_#3_D_1K,380778.333333333
1185,2011,9,Input_#3_P_LK98,1832384.33333333
1185,2011,9,Input_#3_P_NLP3,1451606
1186,2011,10,RM Category,60 rm
1186,2011,10,C.LK98,108
1186,2011,10,P.LK98,2114564
1186,2011,10,C.1K,24
1186,2011,10,D.1K,434392
1186,2011,10,C.NLP3,84
1186,2011,10,P.NLP3,1680172
1186,2011,10,C_1K,18.6666666666667
1186,2011,10,C_LK98,98
1186,2011,10,C_NLP3,79.3333333333333
1186,2011,10,D_1K,354186.666666667
1186,2011,10,P_LK98,1994656
1186,2011,10,P_NLP3,1640469.33333333
1186,2011,10,Input_#3_C_1K,20.6666666666667
1186,2011,10,Input_#3_C_LK98,97.3333333333333
1186,2011,10,Input_#3_C_NLP3,76.6666666666667
1186,2011,10,Input_#3_D_1K,379873.333333333
1186,2011,10,Input_#3_P_LK98,1935681.66666667
1186,2011,10,Input_#3_P_NLP3,1555808.33333333
1187,2011,11,RM Category,60 rm
1187,2011,11,C.LK98,122
1187,2011,11,P.LK98,2445116
1187,2011,11,C.1K,22
1187,2011,11,D.1K,438160
1187,2011,11,C.NLP3,100
1187,2011,11,P.NLP3,2006956
1187,2011,11,C_1K,21.3333333333333
1187,2011,11,C_LK98,98.6666666666667
1187,2011,11,C_NLP3,77.3333333333333
1187,2011,11,D_1K,408801.333333333
1187,2011,11,P_LK98,1960506
1187,2011,11,P_NLP3,1551704.66666667
1187,2011,11,Input_#3_C_1K,19.3333333333333
1187,2011,11,Input_#3_C_LK98,101.666666666667
1187,2011,11,Input_#3_C_NLP3,82.3333333333333
1187,2011,11,Input_#3_D_1K,364055.666666667
1187,2011,11,Input_#3_P_LK98,2039131.33333333
1187,2011,11,Input_#3_P_NLP3,1675075.66666667
1188,2011,12,RM Category,60 rm
1188,2011,12,C.LK98,112
1188,2011,12,P.LK98,2399724
1188,2011,12,C.1K,22
1188,2011,12,D.1K,407912
1188,2011,12,C.NLP3,90
1188,2011,12,P.NLP3,1991812
1188,2011,12,C_1K,22.6666666666667
1188,2011,12,C_LK98,114
1188,2011,12,C_NLP3,91.3333333333333
1188,2011,12,D_1K,426821.333333333
1188,2011,12,P_LK98,2319801.33333333
1188,2011,12,P_NLP3,1892980
1188,2011,12,Input_#3_C_1K,19.3333333333333
1188,2011,12,Input_#3_C_LK98,102.666666666667
1188,2011,12,Input_#3_C_NLP3,83.3333333333333
1188,2011,12,Input_#3_D_1K,367067.333333333
1188,2011,12,Input_#3_P_LK98,2090958.33333333
1188,2011,12,Input_#3_P_NLP3,1723891
1189,2012,1,RM Category,60 rm
1189,2012,1,C.LK98,64
1189,2012,1,P.LK98,1308158
1189,2012,1,C.1K,6
1189,2012,1,D.1K,109072
1189,2012,1,C.NLP3,58
1189,2012,1,P.NLP3,1199086
1189,2012,1,C_1K,16.6666666666667
1189,2012,1,C_LK98,99.3333333333333
1189,2012,1,C_NLP3,82.6666666666667
1189,2012,1,D_1K,318381.333333333
1189,2012,1,P_LK98,2050999.33333333
1189,2012,1,P_NLP3,1732618
1189,2012,1,Input_#3_C_1K,17.6666666666667
1189,2012,1,Input_#3_C_LK98,98.6666666666667
1189,2012,1,Input_#3_C_NLP3,81
1189,2012,1,Input_#3_D_1K,336284
1189,2012,1,Input_#3_P_LK98,2022827.66666667
1189,2012,1,Input_#3_P_NLP3,1686543.66666667
1190,2012,2,RM Category,60 rm
1190,2012,2,C.LK98,104
1190,2012,2,P.LK98,2207362
1190,2012,2,C.1K,12
1190,2012,2,D.1K,224258
1190,2012,2,C.NLP3,92
1190,2012,2,P.NLP3,1983104
1190,2012,2,C_1K,13.3333333333333
1190,2012,2,C_LK98,93.3333333333333
1190,2012,2,C_NLP3,80
1190,2012,2,D_1K,247080.666666667
1190,2012,2,P_LK98,1971748
1190,2012,2,P_NLP3,1724667.33333333
1190,2012,2,Input_#3_C_1K,17.3333333333333
1190,2012,2,Input_#3_C_LK98,96
1190,2012,2,Input_#3_C_NLP3,78.6666666666667
1190,2012,2,Input_#3_D_1K,327941
1190,2012,2,Input_#3_P_LK98,1966127
1190,2012,2,Input_#3_P_NLP3,1638186
1191,2012,3,RM Category,60 rm
1191,2012,3,C.LK98,112
1191,2012,3,P.LK98,2317074
1191,2012,3,C.1K,20
1191,2012,3,D.1K,362426
1191,2012,3,C.NLP3,92
1191,2012,3,P.NLP3,1954648
1191,2012,3,C_1K,12.6666666666667
1191,2012,3,C_LK98,93.3333333333333
1191,2012,3,C_NLP3,80.6666666666667
1191,2012,3,D_1K,231918.666666667
1191,2012,3,P_LK98,1944198
1191,2012,3,P_NLP3,1712279.33333333
1191,2012,3,Input_#3_C_1K,17.6666666666667
1191,2012,3,Input_#3_C_LK98,103.666666666667
1191,2012,3,Input_#3_C_NLP3,86
1191,2012,3,Input_#3_D_1K,329370
1191,2012,3,Input_#3_P_LK98,2131999.66666667
1191,2012,3,Input_#3_P_NLP3,1802629.66666667
1192,2012,4,RM Category,60 rm
1192,2012,4,C.LK98,92
1192,2012,4,P.LK98,1707480
1192,2012,4,C.1K,30
1192,2012,4,D.1K,543902
1192,2012,4,C.NLP3,62
1192,2012,4,P.NLP3,1163578
1192,2012,4,C_1K,20.6666666666667
1192,2012,4,C_LK98,102.666666666667
1192,2012,4,C_NLP3,82
1192,2012,4,D_1K,376862
1192,2012,4,P_LK98,2077305.33333333
1192,2012,4,P_NLP3,1700443.33333333
1192,2012,4,Input_#3_C_1K,18.6666666666667
1192,2012,4,Input_#3_C_LK98,101
1192,2012,4,Input_#3_C_NLP3,82.3333333333333
1192,2012,4,Input_#3_D_1K,347621.666666667
1192,2012,4,Input_#3_P_LK98,2064152.33333333
1192,2012,4,Input_#3_P_NLP3,1716530.66666667
1193,2012,5,RM Category,60 rm
1193,2012,5,C.LK98,108
1193,2012,5,P.LK98,2238784
1193,2012,5,C.1K,18
1193,2012,5,D.1K,356898
1193,2012,5,C.NLP3,90
1193,2012,5,P.NLP3,1881886
1193,2012,5,C_1K,22.6666666666667
1193,2012,5,C_LK98,104
1193,2012,5,C_NLP3,81.3333333333333
1193,2012,5,D_1K,421075.333333333
1193,2012,5,P_LK98,2087779.33333333
1193,2012,5,P_NLP3,1666704
1193,2012,5,Input_#3_C_1K,18
1193,2012,5,Input_#3_C_LK98,98.6666666666667
1193,2012,5,Input_#3_C_NLP3,80.6666666666667
1193,2012,5,Input_#3_D_1K,334078
1193,2012,5,Input_#3_P_LK98,2029763.66666667
1193,2012,5,Input_#3_P_NLP3,1695685.66666667
1194,2012,6,RM Category,60 rm
1194,2012,6,C.LK98,108
1194,2012,6,P.LK98,2208034
1194,2012,6,C.1K,18
1194,2012,6,D.1K,365356
1194,2012,6,C.NLP3,90
1194,2012,6,P.NLP3,1842678
1194,2012,6,C_1K,22
1194,2012,6,C_LK98,102.666666666667
1194,2012,6,C_NLP3,80.6666666666667
1194,2012,6,D_1K,422052
1194,2012,6,P_LK98,2051432.66666667
1194,2012,6,P_NLP3,1629380.66666667
1194,2012,6,Input_#3_C_1K,17.3333333333333
1194,2012,6,Input_#3_C_LK98,98
1194,2012,6,Input_#3_C_NLP3,80.6666666666667
1194,2012,6,Input_#3_D_1K,326985.333333333
1194,2012,6,Input_#3_P_LK98,1997815.33333333
1194,2012,6,Input_#3_P_NLP3,1670830
1195,2012,7,RM Category,60 rm
1195,2012,7,C.LK98,100
1195,2012,7,P.LK98,2007490
1195,2012,7,C.1K,10
1195,2012,7,D.1K,177054
1195,2012,7,C.NLP3,90
1195,2012,7,P.NLP3,1830436
1195,2012,7,C_1K,15.3333333333333
1195,2012,7,C_LK98,105.333333333333
1195,2012,7,C_NLP3,90
1195,2012,7,D_1K,299769.333333333
1195,2012,7,P_LK98,2151436
1195,2012,7,P_NLP3,1851666.66666667
1195,2012,7,Input_#3_C_1K,18
1195,2012,7,Input_#3_C_LK98,104
1195,2012,7,Input_#3_C_NLP3,86
1195,2012,7,Input_#3_D_1K,338315.666666667
1195,2012,7,Input_#3_P_LK98,2114370.66666667
1195,2012,7,Input_#3_P_NLP3,1776055
1196,2012,8,RM Category,60 rm
1196,2012,8,C.LK98,110
1196,2012,8,P.LK98,2207896
1196,2012,8,C.1K,26
1196,2012,8,D.1K,490570
1196,2012,8,C.NLP3,84
1196,2012,8,P.NLP3,1717326
1196,2012,8,C_1K,18
1196,2012,8,C_LK98,106
1196,2012,8,C_NLP3,88
1196,2012,8,D_1K,344326.666666667
1196,2012,8,P_LK98,2141140
1196,2012,8,P_NLP3,1796813.33333333
1196,2012,8,Input_#3_C_1K,20.3333333333333
1196,2012,8,Input_#3_C_LK98,105
1196,2012,8,Input_#3_C_NLP3,84.6666666666667
1196,2012,8,Input_#3_D_1K,382701
1196,2012,8,Input_#3_P_LK98,2114459.66666667
1196,2012,8,Input_#3_P_NLP3,1731758.66666667
1197,2012,9,RM Category,60 rm
1197,2012,9,C.LK98,100
1197,2012,9,P.LK98,2080822
1197,2012,9,C.1K,22
1197,2012,9,D.1K,448026
1197,2012,9,C.NLP3,78
1197,2012,9,P.NLP3,1632796
1197,2012,9,C_1K,19.3333333333333
1197,2012,9,C_LK98,103.333333333333
1197,2012,9,C_NLP3,84
1197,2012,9,D_1K,371883.333333333
1197,2012,9,P_LK98,2098736
1197,2012,9,P_NLP3,1726852.66666667
1197,2012,9,Input_#3_C_1K,20.6666666666667
1197,2012,9,Input_#3_C_LK98,103
1197,2012,9,Input_#3_C_NLP3,82.3333333333333
1197,2012,9,Input_#3_D_1K,396967.666666667
1197,2012,9,Input_#3_P_LK98,2075084.33333333
1197,2012,9,Input_#3_P_NLP3,1678116.66666667
1198,2012,10,RM Category,60 rm
1198,2012,10,C.LK98,104
1198,2012,10,P.LK98,2350194
1198,2012,10,C.1K,20
1198,2012,10,D.1K,432948
1198,2012,10,C.NLP3,84
1198,2012,10,P.NLP3,1917246
1198,2012,10,C_1K,22.6666666666667
1198,2012,10,C_LK98,104.666666666667
1198,2012,10,C_NLP3,82
1198,2012,10,D_1K,457181.333333333
1198,2012,10,P_LK98,2212970.66666667
1198,2012,10,P_NLP3,1755789.33333333
1198,2012,10,Input_#3_C_1K,19
1198,2012,10,Input_#3_C_LK98,105
1198,2012,10,Input_#3_C_NLP3,86
1198,2012,10,Input_#3_D_1K,378475.333333333
1198,2012,10,Input_#3_P_LK98,2182203.33333333
1198,2012,10,Input_#3_P_NLP3,1803728
1199,2012,11,RM Category,60 rm
1199,2012,11,C.LK98,108
1199,2012,11,P.LK98,2146328
1199,2012,11,C.1K,30
1199,2012,11,D.1K,524758
1199,2012,11,C.NLP3,78
1199,2012,11,P.NLP3,1621570
1199,2012,11,C_1K,24
1199,2012,11,C_LK98,104
1199,2012,11,C_NLP3,80
1199,2012,11,D_1K,468577.333333333
1199,2012,11,P_LK98,2192448
1199,2012,11,P_NLP3,1723870.66666667
1199,2012,11,Input_#3_C_1K,21
1199,2012,11,Input_#3_C_LK98,105
1199,2012,11,Input_#3_C_NLP3,84
1199,2012,11,Input_#3_D_1K,406452
1199,2012,11,Input_#3_P_LK98,2166794
1199,2012,11,Input_#3_P_NLP3,1760342
1200,2012,12,RM Category,60 rm
1200,2012,12,C.LK98,144
1200,2012,12,P.LK98,2818974
1200,2012,12,C.1K,38
1200,2012,12,D.1K,678302
1200,2012,12,C.NLP3,106
1200,2012,12,P.NLP3,2140672
1200,2012,12,C_1K,29.3333333333333
1200,2012,12,C_LK98,118.666666666667
1200,2012,12,C_NLP3,89.3333333333333
1200,2012,12,D_1K,545336
1200,2012,12,P_LK98,2438498.66666667
1200,2012,12,P_NLP3,1893162.66666667
1200,2012,12,Input_#3_C_1K,24.3333333333333
1200,2012,12,Input_#3_C_LK98,111
1200,2012,12,Input_#3_C_NLP3,86.6666666666667
1200,2012,12,Input_#3_D_1K,458609.666666667
1200,2012,12,Input_#3_P_LK98,2268617.33333333
1200,2012,12,Input_#3_P_NLP3,1810007.66666667
1201,2013,1,RM Category,60 rm
1201,2013,1,C.LK98,108
1201,2013,1,P.LK98,2263304
1201,2013,1,C.1K,12
1201,2013,1,D.1K,229866
1201,2013,1,C.NLP3,96
1201,2013,1,P.NLP3,2033438
1201,2013,1,C_1K,26.6666666666667
1201,2013,1,C_LK98,120
1201,2013,1,C_NLP3,93.3333333333333
1201,2013,1,D_1K,477642
1201,2013,1,P_LK98,2409535.33333333
1201,2013,1,P_NLP3,1931893.33333333
1201,2013,1,Input_#3_C_1K,24.6666666666667
1201,2013,1,Input_#3_C_LK98,112.333333333333
1201,2013,1,Input_#3_C_NLP3,87.6666666666667
1201,2013,1,Input_#3_D_1K,467411.666666667
1201,2013,1,Input_#3_P_LK98,2311253
1201,2013,1,Input_#3_P_NLP3,1843841.33333333
1202,2013,2,RM Category,60 rm
1202,2013,2,C.LK98,112
1202,2013,2,P.LK98,2268114
1202,2013,2,C.1K,40
1202,2013,2,D.1K,816062
1202,2013,2,C.NLP3,72
1202,2013,2,P.NLP3,1452052
1202,2013,2,C_1K,30
1202,2013,2,C_LK98,121.333333333333
1202,2013,2,C_NLP3,91.3333333333333
1202,2013,2,D_1K,574743.333333333
1202,2013,2,P_LK98,2450130.66666667
1202,2013,2,P_NLP3,1875387.33333333
1202,2013,2,Input_#3_C_1K,27
1202,2013,2,Input_#3_C_LK98,112.666666666667
1202,2013,2,Input_#3_C_NLP3,85.6666666666667
1202,2013,2,Input_#3_D_1K,521660.333333333
1202,2013,2,Input_#3_P_LK98,2321289.33333333
1202,2013,2,Input_#3_P_NLP3,1799629
1203,2013,3,RM Category,60 rm
1203,2013,3,C.LK98,102
1203,2013,3,P.LK98,2141018
1203,2013,3,C.1K,12
1203,2013,3,D.1K,260776
1203,2013,3,C.NLP3,90
1203,2013,3,P.NLP3,1880242
1203,2013,3,C_1K,21.3333333333333
1203,2013,3,C_LK98,107.333333333333
1203,2013,3,C_NLP3,86
1203,2013,3,D_1K,435568
1203,2013,3,P_LK98,2224145.33333333
1203,2013,3,P_NLP3,1788577.33333333
1203,2013,3,Input_#3_C_1K,25.3333333333333
1203,2013,3,Input_#3_C_LK98,113
1203,2013,3,Input_#3_C_NLP3,87.6666666666667
1203,2013,3,Input_#3_D_1K,490452
1203,2013,3,Input_#3_P_LK98,2331322
1203,2013,3,Input_#3_P_NLP3,1840870
1204,2013,4,RM Category,60 rm
1204,2013,4,C.LK98,96
1204,2013,4,P.LK98,2084952
1204,2013,4,C.1K,32
1204,2013,4,D.1K,753540
1204,2013,4,C.NLP3,64
1204,2013,4,P.NLP3,1331412
1204,2013,4,C_1K,28
1204,2013,4,C_LK98,103.333333333333
1204,2013,4,C_NLP3,75.3333333333333
1204,2013,4,D_1K,610126
1204,2013,4,P_LK98,2164694.66666667
1204,2013,4,P_NLP3,1554568.66666667
1204,2013,4,Input_#3_C_1K,27.3333333333333
1204,2013,4,Input_#3_C_LK98,111.666666666667
1204,2013,4,Input_#3_C_NLP3,84.3333333333333
1204,2013,4,Input_#3_D_1K,543884
1204,2013,4,Input_#3_P_LK98,2287115
1204,2013,4,Input_#3_P_NLP3,1743231
1205,2013,5,RM Category,60 rm
1205,2013,5,C.LK98,98
1205,2013,5,P.LK98,2143658
1205,2013,5,C.1K,26
1205,2013,5,D.1K,569150
1205,2013,5,C.NLP3,72
1205,2013,5,P.NLP3,1574508
1205,2013,5,C_1K,23.3333333333333
1205,2013,5,C_LK98,98.6666666666667
1205,2013,5,C_NLP3,75.3333333333333
1205,2013,5,D_1K,527822
1205,2013,5,P_LK98,2123209.33333333
1205,2013,5,P_NLP3,1595387.33333333
1205,2013,5,Input_#3_C_1K,26.6666666666667
1205,2013,5,Input_#3_C_LK98,110
1205,2013,5,Input_#3_C_NLP3,83.3333333333333
1205,2013,5,Input_#3_D_1K,551282.666666667
1205,2013,5,Input_#3_P_LK98,2286670
1205,2013,5,Input_#3_P_NLP3,1735387.33333333
1206,2013,6,RM Category,60 rm
1206,2013,6,C.LK98,120
1206,2013,6,P.LK98,2594758
1206,2013,6,C.1K,24
1206,2013,6,D.1K,473334
1206,2013,6,C.NLP3,96
1206,2013,6,P.NLP3,2121424
1206,2013,6,C_1K,27.3333333333333
1206,2013,6,C_LK98,104.666666666667
1206,2013,6,C_NLP3,77.3333333333333
1206,2013,6,D_1K,598674.666666667
1206,2013,6,P_LK98,2274456
1206,2013,6,P_NLP3,1675781.33333333
1206,2013,6,Input_#3_C_1K,24.3333333333333
1206,2013,6,Input_#3_C_LK98,106
1206,2013,6,Input_#3_C_NLP3,81.6666666666667
1206,2013,6,Input_#3_D_1K,517121.333333333
1206,2013,6,Input_#3_P_LK98,2249300.66666667
1206,2013,6,Input_#3_P_NLP3,1732179.33333333
1207,2013,7,RM Category,60 rm
1207,2013,7,C.LK98,108
1207,2013,7,P.LK98,2150768
1207,2013,7,C.1K,28
1207,2013,7,D.1K,564566
1207,2013,7,C.NLP3,80
1207,2013,7,P.NLP3,1586202
1207,2013,7,C_1K,26
1207,2013,7,C_LK98,108.666666666667
1207,2013,7,C_NLP3,82.6666666666667
1207,2013,7,D_1K,535683.333333333
1207,2013,7,P_LK98,2296394.66666667
1207,2013,7,P_NLP3,1760711.33333333
1207,2013,7,Input_#3_C_1K,27
1207,2013,7,Input_#3_C_LK98,106
1207,2013,7,Input_#3_C_NLP3,79
1207,2013,7,Input_#3_D_1K,572904.666666667
1207,2013,7,Input_#3_P_LK98,2230544.66666667
1207,2013,7,Input_#3_P_NLP3,1657640
1208,2013,8,RM Category,60 rm
1208,2013,8,C.LK98,124
1208,2013,8,P.LK98,2670972
1208,2013,8,C.1K,24
1208,2013,8,D.1K,533794
1208,2013,8,C.NLP3,100
1208,2013,8,P.NLP3,2137178
1208,2013,8,C_1K,25.3333333333333
1208,2013,8,C_LK98,117.333333333333
1208,2013,8,C_NLP3,92
1208,2013,8,D_1K,523898
1208,2013,8,P_LK98,2472166
1208,2013,8,P_NLP3,1948268
1208,2013,8,Input_#3_C_1K,24.3333333333333
1208,2013,8,Input_#3_C_LK98,108
1208,2013,8,Input_#3_C_NLP3,83.6666666666667
1208,2013,8,Input_#3_D_1K,525860
1208,2013,8,Input_#3_P_LK98,2297687.66666667
1208,2013,8,Input_#3_P_NLP3,1771827.66666667
1209,2013,9,RM Category,60 rm
1209,2013,9,C.LK98,94
1209,2013,9,P.LK98,2014584
1209,2013,9,C.1K,16
1209,2013,9,D.1K,356396
1209,2013,9,C.NLP3,78
1209,2013,9,P.NLP3,1658188
1209,2013,9,C_1K,22.6666666666667
1209,2013,9,C_LK98,108.666666666667
1209,2013,9,C_NLP3,86
1209,2013,9,D_1K,484918.666666667
1209,2013,9,P_LK98,2278774.66666667
1209,2013,9,P_NLP3,1793856
1209,2013,9,Input_#3_C_1K,25
1209,2013,9,Input_#3_C_LK98,106.666666666667
1209,2013,9,Input_#3_C_NLP3,81.6666666666667
1209,2013,9,Input_#3_D_1K,541796.666666667
1209,2013,9,Input_#3_P_LK98,2276615.33333333
1209,2013,9,Input_#3_P_NLP3,1734818.66666667
1210,2013,10,RM Category,60 rm
1210,2013,10,C.LK98,108
1210,2013,10,P.LK98,2210406
1210,2013,10,C.1K,22
1210,2013,10,D.1K,419598
1210,2013,10,C.NLP3,86
1210,2013,10,P.NLP3,1790808
1210,2013,10,C_1K,20.6666666666667
1210,2013,10,C_LK98,108.666666666667
1210,2013,10,C_NLP3,88
1210,2013,10,D_1K,436596
1210,2013,10,P_LK98,2298654
1210,2013,10,P_NLP3,1862058
1210,2013,10,Input_#3_C_1K,23.3333333333333
1210,2013,10,Input_#3_C_LK98,108.666666666667
1210,2013,10,Input_#3_C_NLP3,85.3333333333333
1210,2013,10,Input_#3_D_1K,486139.666666667
1210,2013,10,Input_#3_P_LK98,2297524.33333333
1210,2013,10,Input_#3_P_NLP3,1811384.66666667
1211,2013,11,RM Category,60 rm
1211,2013,11,C.LK98,88
1211,2013,11,P.LK98,1786958
1211,2013,11,C.1K,18
1211,2013,11,D.1K,353852
1211,2013,11,C.NLP3,70
1211,2013,11,P.NLP3,1433106
1211,2013,11,C_1K,18.6666666666667
1211,2013,11,C_LK98,96.6666666666667
1211,2013,11,C_NLP3,78
1211,2013,11,D_1K,376615.333333333
1211,2013,11,P_LK98,2003982.66666667
1211,2013,11,P_NLP3,1627367.33333333
1211,2013,11,Input_#3_C_1K,22
1211,2013,11,Input_#3_C_LK98,107
1211,2013,11,Input_#3_C_NLP3,85
1211,2013,11,Input_#3_D_1K,450256.666666667
1211,2013,11,Input_#3_P_LK98,2238074.33333333
1211,2013,11,Input_#3_P_NLP3,1787817.66666667
1212,2013,12,RM Category,60 rm
1212,2013,12,C.LK98,138
1212,2013,12,P.LK98,2865682
1212,2013,12,C.1K,34
1212,2013,12,D.1K,674408
1212,2013,12,C.NLP3,104
1212,2013,12,P.NLP3,2191274
1212,2013,12,C_1K,24.6666666666667
1212,2013,12,C_LK98,111.333333333333
1212,2013,12,C_NLP3,86.6666666666667
1212,2013,12,D_1K,482619.333333333
1212,2013,12,P_LK98,2287682
1212,2013,12,P_NLP3,1805062.66666667
1212,2013,12,Input_#3_C_1K,23.6666666666667
1212,2013,12,Input_#3_C_LK98,110
1212,2013,12,Input_#3_C_NLP3,86.3333333333333
1212,2013,12,Input_#3_D_1K,483769
1212,2013,12,Input_#3_P_LK98,2283228.33333333
1212,2013,12,Input_#3_P_NLP3,1799459.33333333
1213,2014,1,RM Category,60 rm
1213,2014,1,C.LK98,108
1213,2014,1,P.LK98,2185584
1213,2014,1,C.1K,26
1213,2014,1,D.1K,534912
1213,2014,1,C.NLP3,82
1213,2014,1,P.NLP3,1650672
1213,2014,1,C_1K,26
1213,2014,1,C_LK98,111.333333333333
1213,2014,1,C_NLP3,85.3333333333333
1213,2014,1,D_1K,521057.333333333
1213,2014,1,P_LK98,2279408
1213,2014,1,P_NLP3,1758350.66666667
1213,2014,1,Input_#3_C_1K,23.3333333333333
1213,2014,1,Input_#3_C_LK98,110
1213,2014,1,Input_#3_C_NLP3,86.6666666666667
1213,2014,1,Input_#3_D_1K,478826.666666667
1213,2014,1,Input_#3_P_LK98,2289031
1213,2014,1,Input_#3_P_NLP3,1810204.33333333
1214,2014,2,RM Category,60 rm
1214,2014,2,C.LK98,104
1214,2014,2,P.LK98,2335204
1214,2014,2,C.1K,18
1214,2014,2,D.1K,399652
1214,2014,2,C.NLP3,86
1214,2014,2,P.NLP3,1935552
1214,2014,2,C_1K,26
1214,2014,2,C_LK98,116.666666666667
1214,2014,2,C_NLP3,90.6666666666667
1214,2014,2,D_1K,536324
1214,2014,2,P_LK98,2462156.66666667
1214,2014,2,P_NLP3,1925832.66666667
1214,2014,2,Input_#3_C_1K,22.3333333333333
1214,2014,2,Input_#3_C_LK98,106.666666666667
1214,2014,2,Input_#3_C_NLP3,84.3333333333333
1214,2014,2,Input_#3_D_1K,456469.666666667
1214,2014,2,Input_#3_P_LK98,2233069.66666667
1214,2014,2,Input_#3_P_NLP3,1776600
1215,2014,3,RM Category,60 rm
1215,2014,3,C.LK98,140
1215,2014,3,P.LK98,2881968
1215,2014,3,C.1K,28
1215,2014,3,D.1K,610024
1215,2014,3,C.NLP3,112
1215,2014,3,P.NLP3,2271944
1215,2014,3,C_1K,24
1215,2014,3,C_LK98,117.333333333333
1215,2014,3,C_NLP3,93.3333333333333
1215,2014,3,D_1K,514862.666666667
1215,2014,3,P_LK98,2467585.33333333
1215,2014,3,P_NLP3,1952722.66666667
1215,2014,3,Input_#3_C_1K,24.3333333333333
1215,2014,3,Input_#3_C_LK98,114.333333333333
1215,2014,3,Input_#3_C_NLP3,90
1215,2014,3,Input_#3_D_1K,498741
1215,2014,3,Input_#3_P_LK98,2377633.66666667
1215,2014,3,Input_#3_P_NLP3,1878892.66666667
1216,2014,4,RM Category,60 rm
1216,2014,4,C.LK98,110
1216,2014,4,P.LK98,2333406
1216,2014,4,C.1K,24
1216,2014,4,D.1K,549666
1216,2014,4,C.NLP3,86
1216,2014,4,P.NLP3,1783740
1216,2014,4,C_1K,23.3333333333333
1216,2014,4,C_LK98,118
1216,2014,4,C_NLP3,94.6666666666667
1216,2014,4,D_1K,519780.666666667
1216,2014,4,P_LK98,2516859.33333333
1216,2014,4,P_NLP3,1997078.66666667
1216,2014,4,Input_#3_C_1K,24.6666666666667
1216,2014,4,Input_#3_C_LK98,114.666666666667
1216,2014,4,Input_#3_C_NLP3,90
1216,2014,4,Input_#3_D_1K,520419
1216,2014,4,Input_#3_P_LK98,2398133.66666667
1216,2014,4,Input_#3_P_NLP3,1877714.66666667
1217,2014,5,RM Category,60 rm
1217,2014,5,C.LK98,138
1217,2014,5,P.LK98,2871178
1217,2014,5,C.1K,38
1217,2014,5,D.1K,853817.8
1217,2014,5,C.NLP3,100
1217,2014,5,P.NLP3,2017360.2
1217,2014,5,C_1K,30
1217,2014,5,C_LK98,129.333333333333
1217,2014,5,C_NLP3,99.3333333333333
1217,2014,5,D_1K,671169.266666667
1217,2014,5,P_LK98,2695517.33333333
1217,2014,5,P_NLP3,2024348.06666667
1217,2014,5,Input_#3_C_1K,28
1217,2014,5,Input_#3_C_LK98,123
1217,2014,5,Input_#3_C_NLP3,95
1217,2014,5,Input_#3_D_1K,603746.633333333
1217,2014,5,Input_#3_P_LK98,2578837
1217,2014,5,Input_#3_P_NLP3,1975090.36666667
1218,2014,6,RM Category,60 rm
1218,2014,6,C.LK98,144
1218,2014,6,P.LK98,3087116
1218,2014,6,C.1K,42
1218,2014,6,D.1K,907143.6
1218,2014,6,C.NLP3,102
1218,2014,6,P.NLP3,2179972.4
1218,2014,6,C_1K,34.6666666666667
1218,2014,6,C_LK98,130.666666666667
1218,2014,6,C_NLP3,96
1218,2014,6,D_1K,770209.133333333
1218,2014,6,P_LK98,2763900
1218,2014,6,P_NLP3,1993690.86666667
1218,2014,6,Input_#3_C_1K,29.3333333333333
1218,2014,6,Input_#3_C_LK98,124
1218,2014,6,Input_#3_C_NLP3,94.6666666666667
1218,2014,6,Input_#3_D_1K,642535.9
1218,2014,6,Input_#3_P_LK98,2615742.66666667
1218,2014,6,Input_#3_P_NLP3,1973206.76666667
1219,2014,7,RM Category,60 rm
1219,2014,7,C.LK98,
1219,2014,7,P.LK98,
1219,2014,7,C.1K,
1219,2014,7,D.1K,
1219,2014,7,C.NLP3,
1219,2014,7,P.NLP3,
1219,2014,7,C_1K,26.6666666666667
1219,2014,7,C_LK98,94
1219,2014,7,C_NLP3,67.3333333333333
1219,2014,7,D_1K,586987.133333333
1219,2014,7,P_LK98,1986098
1219,2014,7,P_NLP3,1399110.86666667
1219,2014,7,Input_#3_C_1K,25
1219,2014,7,Input_#3_C_LK98,106
1219,2014,7,Input_#3_C_NLP3,81
1219,2014,7,Input_#3_D_1K,553383.9
1219,2014,7,Input_#3_P_LK98,2251478.66666667
1219,2014,7,Input_#3_P_NLP3,1698094.76666667
1220,2014,8,RM Category,60 rm
1220,2014,8,C.LK98,
1220,2014,8,P.LK98,
1220,2014,8,C.1K,
1220,2014,8,D.1K,
1220,2014,8,C.NLP3,
1220,2014,8,P.NLP3,
1220,2014,8,C_1K,14
1220,2014,8,C_LK98,48
1220,2014,8,C_NLP3,34
1220,2014,8,D_1K,302381.2
1220,2014,8,P_LK98,1029038.66666667
1220,2014,8,P_NLP3,726657.466666667
1220,2014,8,Input_#3_C_1K,22
1220,2014,8,Input_#3_C_LK98,88.6666666666667
1220,2014,8,Input_#3_C_NLP3,66.6666666666667
1220,2014,8,Input_#3_D_1K,486775.233333333
1220,2014,8,Input_#3_P_LK98,1862278
1220,2014,8,Input_#3_P_NLP3,1375502.76666667
1221,2014,9,RM Category,60 rm
1221,2014,9,C.LK98,
1221,2014,9,P.LK98,
1221,2014,9,C.1K,
1221,2014,9,D.1K,
1221,2014,9,C.NLP3,
1221,2014,9,P.NLP3,
1221,2014,9,C_1K,0
1221,2014,9,C_LK98,0
1221,2014,9,C_NLP3,0
1221,2014,9,D_1K,0
1221,2014,9,P_LK98,0
1221,2014,9,P_NLP3,0
1221,2014,9,Input_#3_C_1K,17.3333333333333
1221,2014,9,Input_#3_C_LK98,65.3333333333333
1221,2014,9,Input_#3_C_NLP3,48
1221,2014,9,Input_#3_D_1K,385104.566666667
1221,2014,9,Input_#3_P_LK98,1381950
1221,2014,9,Input_#3_P_NLP3,996845.433333333
1222,2014,10,RM Category,60 rm
1222,2014,10,C.LK98,
1222,2014,10,P.LK98,
1222,2014,10,C.1K,
1222,2014,10,D.1K,
1222,2014,10,C.NLP3,
1222,2014,10,P.NLP3,
1222,2014,10,C_1K,0
1222,2014,10,C_LK98,0
1222,2014,10,C_NLP3,0
1222,2014,10,D_1K,0
1222,2014,10,P_LK98,0
1222,2014,10,P_NLP3,0
1222,2014,10,Input_#3_C_1K,13.3333333333333
1222,2014,10,Input_#3_C_LK98,47
1222,2014,10,Input_#3_C_NLP3,33.6666666666667
1222,2014,10,Input_#3_D_1K,293493.566666667
1222,2014,10,Input_#3_P_LK98,993049
1222,2014,10,Input_#3_P_NLP3,699555.433333333
1223,2014,11,RM Category,60 rm
1223,2014,11,C.LK98,
1223,2014,11,P.LK98,
1223,2014,11,C.1K,
1223,2014,11,D.1K,
1223,2014,11,C.NLP3,
1223,2014,11,P.NLP3,
1223,2014,11,C_1K,0
1223,2014,11,C_LK98,0
1223,2014,11,C_NLP3,0
1223,2014,11,D_1K,0
1223,2014,11,P_LK98,0
1223,2014,11,P_NLP3,0
1223,2014,11,Input_#3_C_1K,7
1223,2014,11,Input_#3_C_LK98,24
1223,2014,11,Input_#3_C_NLP3,17
1223,2014,11,Input_#3_D_1K,151190.6
1223,2014,11,Input_#3_P_LK98,514519.333333333
1223,2014,11,Input_#3_P_NLP3,363328.733333333
1224,2014,12,RM Category,60 rm
1224,2014,12,C.LK98,
1224,2014,12,P.LK98,
1224,2014,12,C.1K,
1224,2014,12,D.1K,
1224,2014,12,C.NLP3,
1224,2014,12,P.NLP3,
1224,2014,12,C_1K,0
1224,2014,12,C_LK98,0
1224,2014,12,C_NLP3,0
1224,2014,12,D_1K,0
1224,2014,12,P_LK98,0
1224,2014,12,P_NLP3,0
1224,2014,12,Input_#3_C_1K,0
1224,2014,12,Input_#3_C_LK98,0
1224,2014,12,Input_#3_C_NLP3,0
1224,2014,12,Input_#3_D_1K,0
1224,2014,12,Input_#3_P_LK98,0
1224,2014,12,Input_#3_P_NLP3,0
1225,2009,1,RM Category,7.5 rm
1225,2009,1,C.LK98,192
1225,2009,1,P.LK98,900976
1225,2009,1,C.1K,50
1225,2009,1,D.1K,265046
1225,2009,1,C.NLP3,142
1225,2009,1,P.NLP3,635930
1225,2009,1,C_1K,50
1225,2009,1,C_LK98,192
1225,2009,1,C_NLP3,142
1225,2009,1,D_1K,265046
1225,2009,1,P_LK98,900976
1225,2009,1,P_NLP3,635930
1225,2009,1,Input_#3_C_1K,8.33333333333333
1225,2009,1,Input_#3_C_LK98,32
1225,2009,1,Input_#3_C_NLP3,23.6666666666667
1225,2009,1,Input_#3_D_1K,44174.3333333333
1225,2009,1,Input_#3_P_LK98,150162.666666667
1225,2009,1,Input_#3_P_NLP3,105988.333333333
1226,2009,2,RM Category,7.5 rm
1226,2009,2,C.LK98,174
1226,2009,2,P.LK98,819070
1226,2009,2,C.1K,34
1226,2009,2,D.1K,171014
1226,2009,2,C.NLP3,140
1226,2009,2,P.NLP3,648056
1226,2009,2,C_1K,44.6666666666667
1226,2009,2,C_LK98,186
1226,2009,2,C_NLP3,141.333333333333
1226,2009,2,D_1K,233702
1226,2009,2,P_LK98,873674
1226,2009,2,P_NLP3,639972
1226,2009,2,Input_#3_C_1K,14
1226,2009,2,Input_#3_C_LK98,61
1226,2009,2,Input_#3_C_NLP3,47
1226,2009,2,Input_#3_D_1K,72676.6666666667
1226,2009,2,Input_#3_P_LK98,286674.333333333
1226,2009,2,Input_#3_P_NLP3,213997.666666667
1227,2009,3,RM Category,7.5 rm
1227,2009,3,C.LK98,198
1227,2009,3,P.LK98,986382
1227,2009,3,C.1K,64
1227,2009,3,D.1K,314716
1227,2009,3,C.NLP3,134
1227,2009,3,P.NLP3,671666
1227,2009,3,C_1K,49.3333333333333
1227,2009,3,C_LK98,188
1227,2009,3,C_NLP3,138.666666666667
1227,2009,3,D_1K,250258.666666667
1227,2009,3,P_LK98,902142.666666667
1227,2009,3,P_NLP3,651884
1227,2009,3,Input_#3_C_1K,24.6666666666667
1227,2009,3,Input_#3_C_LK98,94
1227,2009,3,Input_#3_C_NLP3,69.3333333333333
1227,2009,3,Input_#3_D_1K,125129.333333333
1227,2009,3,Input_#3_P_LK98,451071.333333333
1227,2009,3,Input_#3_P_NLP3,325942
1228,2009,4,RM Category,7.5 rm
1228,2009,4,C.LK98,180
1228,2009,4,P.LK98,854750
1228,2009,4,C.1K,54
1228,2009,4,D.1K,268154
1228,2009,4,C.NLP3,126
1228,2009,4,P.NLP3,586596
1228,2009,4,C_1K,50.6666666666667
1228,2009,4,C_LK98,184
1228,2009,4,C_NLP3,133.333333333333
1228,2009,4,D_1K,251294.666666667
1228,2009,4,P_LK98,886734
1228,2009,4,P_NLP3,635439.333333333
1228,2009,4,Input_#3_C_1K,33.6666666666667
1228,2009,4,Input_#3_C_LK98,124
1228,2009,4,Input_#3_C_NLP3,90.3333333333333
1228,2009,4,Input_#3_D_1K,169821.666666667
1228,2009,4,Input_#3_P_LK98,593529.666666667
1228,2009,4,Input_#3_P_NLP3,423708
1229,2009,5,RM Category,7.5 rm
1229,2009,5,C.LK98,130
1229,2009,5,P.LK98,626504
1229,2009,5,C.1K,46
1229,2009,5,D.1K,248826
1229,2009,5,C.NLP3,84
1229,2009,5,P.NLP3,377678
1229,2009,5,C_1K,54.6666666666667
1229,2009,5,C_LK98,169.333333333333
1229,2009,5,C_NLP3,114.666666666667
1229,2009,5,D_1K,277232
1229,2009,5,P_LK98,822545.333333333
1229,2009,5,P_NLP3,545313.333333333
1229,2009,5,Input_#3_C_1K,41.3333333333333
1229,2009,5,Input_#3_C_LK98,145.666666666667
1229,2009,5,Input_#3_C_NLP3,104.333333333333
1229,2009,5,Input_#3_D_1K,211292.666666667
1229,2009,5,Input_#3_P_LK98,697947
1229,2009,5,Input_#3_P_NLP3,486654.333333333
1230,2009,6,RM Category,7.5 rm
1230,2009,6,C.LK98,174
1230,2009,6,P.LK98,835022
1230,2009,6,C.1K,54
1230,2009,6,D.1K,272662
1230,2009,6,C.NLP3,120
1230,2009,6,P.NLP3,562360
1230,2009,6,C_1K,51.3333333333333
1230,2009,6,C_LK98,161.333333333333
1230,2009,6,C_NLP3,110
1230,2009,6,D_1K,263214
1230,2009,6,P_LK98,772092
1230,2009,6,P_NLP3,508878
1230,2009,6,Input_#3_C_1K,50.3333333333333
1230,2009,6,Input_#3_C_LK98,174.666666666667
1230,2009,6,Input_#3_C_NLP3,124.333333333333
1230,2009,6,Input_#3_D_1K,256736.333333333
1230,2009,6,Input_#3_P_LK98,837117.333333333
1230,2009,6,Input_#3_P_NLP3,580381
1231,2009,7,RM Category,7.5 rm
1231,2009,7,C.LK98,196
1231,2009,7,P.LK98,967806
1231,2009,7,C.1K,58
1231,2009,7,D.1K,268624
1231,2009,7,C.NLP3,138
1231,2009,7,P.NLP3,699182
1231,2009,7,C_1K,52.6666666666667
1231,2009,7,C_LK98,166.666666666667
1231,2009,7,C_NLP3,114
1231,2009,7,D_1K,263370.666666667
1231,2009,7,P_LK98,809777.333333333
1231,2009,7,P_NLP3,546406.666666667
1231,2009,7,Input_#3_C_1K,51.6666666666667
1231,2009,7,Input_#3_C_LK98,175.333333333333
1231,2009,7,Input_#3_C_NLP3,123.666666666667
1231,2009,7,Input_#3_D_1K,257332.666666667
1231,2009,7,Input_#3_P_LK98,848255.666666667
1231,2009,7,Input_#3_P_NLP3,590923
1232,2009,8,RM Category,7.5 rm
1232,2009,8,C.LK98,184
1232,2009,8,P.LK98,826150
1232,2009,8,C.1K,56
1232,2009,8,D.1K,270716
1232,2009,8,C.NLP3,128
1232,2009,8,P.NLP3,555434
1232,2009,8,C_1K,56
1232,2009,8,C_LK98,184.666666666667
1232,2009,8,C_NLP3,128.666666666667
1232,2009,8,D_1K,270667.333333333
1232,2009,8,P_LK98,876326
1232,2009,8,P_NLP3,605658.666666667
1232,2009,8,Input_#3_C_1K,55.3333333333333
1232,2009,8,Input_#3_C_LK98,177
1232,2009,8,Input_#3_C_NLP3,121.666666666667
1232,2009,8,Input_#3_D_1K,273949.666666667
1232,2009,8,Input_#3_P_LK98,849435.666666667
1232,2009,8,Input_#3_P_NLP3,575486
1233,2009,9,RM Category,7.5 rm
1233,2009,9,C.LK98,186
1233,2009,9,P.LK98,831620
1233,2009,9,C.1K,54
1233,2009,9,D.1K,248668
1233,2009,9,C.NLP3,132
1233,2009,9,P.NLP3,582952
1233,2009,9,C_1K,56
1233,2009,9,C_LK98,188.666666666667
1233,2009,9,C_NLP3,132.666666666667
1233,2009,9,D_1K,262669.333333333
1233,2009,9,P_LK98,875192
1233,2009,9,P_NLP3,612522.666666667
1233,2009,9,Input_#3_C_1K,53.6666666666667
1233,2009,9,Input_#3_C_LK98,175
1233,2009,9,Input_#3_C_NLP3,121.333333333333
1233,2009,9,Input_#3_D_1K,262941.666666667
1233,2009,9,Input_#3_P_LK98,823642
1233,2009,9,Input_#3_P_NLP3,560700.333333333
1234,2009,10,RM Category,7.5 rm
1234,2009,10,C.LK98,206
1234,2009,10,P.LK98,879310
1234,2009,10,C.1K,64
1234,2009,10,D.1K,287066
1234,2009,10,C.NLP3,142
1234,2009,10,P.NLP3,592244
1234,2009,10,C_1K,58
1234,2009,10,C_LK98,192
1234,2009,10,C_NLP3,134
1234,2009,10,D_1K,268816.666666667
1234,2009,10,P_LK98,845693.333333333
1234,2009,10,P_NLP3,576876.666666667
1234,2009,10,Input_#3_C_1K,55.3333333333333
1234,2009,10,Input_#3_C_LK98,179.333333333333
1234,2009,10,Input_#3_C_NLP3,124
1234,2009,10,Input_#3_D_1K,266093.666666667
1234,2009,10,Input_#3_P_LK98,827735.333333333
1234,2009,10,Input_#3_P_NLP3,561641.666666667
1235,2009,11,RM Category,7.5 rm
1235,2009,11,C.LK98,186
1235,2009,11,P.LK98,897142
1235,2009,11,C.1K,46
1235,2009,11,D.1K,226992
1235,2009,11,C.NLP3,140
1235,2009,11,P.NLP3,670150
1235,2009,11,C_1K,54.6666666666667
1235,2009,11,C_LK98,192.666666666667
1235,2009,11,C_NLP3,138
1235,2009,11,D_1K,254242
1235,2009,11,P_LK98,869357.333333333
1235,2009,11,P_NLP3,615115.333333333
1235,2009,11,Input_#3_C_1K,55.3333333333333
1235,2009,11,Input_#3_C_LK98,188.666666666667
1235,2009,11,Input_#3_C_NLP3,133.333333333333
1235,2009,11,Input_#3_D_1K,262454.666666667
1235,2009,11,Input_#3_P_LK98,872841.666666667
1235,2009,11,Input_#3_P_NLP3,610387
1236,2009,12,RM Category,7.5 rm
1236,2009,12,C.LK98,228
1236,2009,12,P.LK98,1061954
1236,2009,12,C.1K,80
1236,2009,12,D.1K,385186
1236,2009,12,C.NLP3,148
1236,2009,12,P.NLP3,676768
1236,2009,12,C_1K,63.3333333333333
1236,2009,12,C_LK98,206.666666666667
1236,2009,12,C_NLP3,143.333333333333
1236,2009,12,D_1K,299748
1236,2009,12,P_LK98,946135.333333333
1236,2009,12,P_NLP3,646387.333333333
1236,2009,12,Input_#3_C_1K,59.6666666666667
1236,2009,12,Input_#3_C_LK98,197.666666666667
1236,2009,12,Input_#3_C_NLP3,138
1236,2009,12,Input_#3_D_1K,281208.666666667
1236,2009,12,Input_#3_P_LK98,910663.666666667
1236,2009,12,Input_#3_P_NLP3,629455
1237,2010,1,RM Category,7.5 rm
1237,2010,1,C.LK98,170
1237,2010,1,P.LK98,825706
1237,2010,1,C.1K,62
1237,2010,1,D.1K,299650
1237,2010,1,C.NLP3,108
1237,2010,1,P.NLP3,526056
1237,2010,1,C_1K,62.6666666666667
1237,2010,1,C_LK98,194.666666666667
1237,2010,1,C_NLP3,132
1237,2010,1,D_1K,303942.666666667
1237,2010,1,P_LK98,928267.333333333
1237,2010,1,P_NLP3,624324.666666667
1237,2010,1,Input_#3_C_1K,60.3333333333333
1237,2010,1,Input_#3_C_LK98,193.333333333333
1237,2010,1,Input_#3_C_NLP3,133
1237,2010,1,Input_#3_D_1K,286379.666666667
1237,2010,1,Input_#3_P_LK98,886980.333333333
1237,2010,1,Input_#3_P_NLP3,600600.666666667
1238,2010,2,RM Category,7.5 rm
1238,2010,2,C.LK98,140
1238,2010,2,P.LK98,690800
1238,2010,2,C.1K,48
1238,2010,2,D.1K,223940
1238,2010,2,C.NLP3,92
1238,2010,2,P.NLP3,466860
1238,2010,2,C_1K,63.3333333333333
1238,2010,2,C_LK98,179.333333333333
1238,2010,2,C_NLP3,116
1238,2010,2,D_1K,302925.333333333
1238,2010,2,P_LK98,859486.666666667
1238,2010,2,P_NLP3,556561.333333333
1238,2010,2,Input_#3_C_1K,59
1238,2010,2,Input_#3_C_LK98,186
1238,2010,2,Input_#3_C_NLP3,127
1238,2010,2,Input_#3_D_1K,278583.666666667
1238,2010,2,Input_#3_P_LK98,864422
1238,2010,2,Input_#3_P_NLP3,585838.333333333
1239,2010,3,RM Category,7.5 rm
1239,2010,3,C.LK98,206
1239,2010,3,P.LK98,997538
1239,2010,3,C.1K,74
1239,2010,3,D.1K,361990
1239,2010,3,C.NLP3,132
1239,2010,3,P.NLP3,635548
1239,2010,3,C_1K,61.3333333333333
1239,2010,3,C_LK98,172
1239,2010,3,C_NLP3,110.666666666667
1239,2010,3,D_1K,295193.333333333
1239,2010,3,P_LK98,838014.666666667
1239,2010,3,P_NLP3,542821.333333333
1239,2010,3,Input_#3_C_1K,62.3333333333333
1239,2010,3,Input_#3_C_LK98,189.333333333333
1239,2010,3,Input_#3_C_NLP3,127
1239,2010,3,Input_#3_D_1K,297470.666666667
1239,2010,3,Input_#3_P_LK98,892075
1239,2010,3,Input_#3_P_NLP3,594604.333333333
1240,2010,4,RM Category,7.5 rm
1240,2010,4,C.LK98,200
1240,2010,4,P.LK98,969072
1240,2010,4,C.1K,58
1240,2010,4,D.1K,282300
1240,2010,4,C.NLP3,142
1240,2010,4,P.NLP3,686772
1240,2010,4,C_1K,60
1240,2010,4,C_LK98,182
1240,2010,4,C_NLP3,122
1240,2010,4,D_1K,289410
1240,2010,4,P_LK98,885803.333333333
1240,2010,4,P_NLP3,596393.333333333
1240,2010,4,Input_#3_C_1K,61.3333333333333
1240,2010,4,Input_#3_C_LK98,188.333333333333
1240,2010,4,Input_#3_C_NLP3,127
1240,2010,4,Input_#3_D_1K,296676.333333333
1240,2010,4,Input_#3_P_LK98,907035.333333333
1240,2010,4,Input_#3_P_NLP3,610359
1241,2010,5,RM Category,7.5 rm
1241,2010,5,C.LK98,178
1241,2010,5,P.LK98,882902
1241,2010,5,C.1K,42
1241,2010,5,D.1K,205242
1241,2010,5,C.NLP3,136
1241,2010,5,P.NLP3,677660
1241,2010,5,C_1K,58
1241,2010,5,C_LK98,194.666666666667
1241,2010,5,C_NLP3,136.666666666667
1241,2010,5,D_1K,283177.333333333
1241,2010,5,P_LK98,949837.333333333
1241,2010,5,P_NLP3,666660
1241,2010,5,Input_#3_C_1K,60.6666666666667
1241,2010,5,Input_#3_C_LK98,187
1241,2010,5,Input_#3_C_NLP3,126.333333333333
1241,2010,5,Input_#3_D_1K,293051.333333333
1241,2010,5,Input_#3_P_LK98,904662
1241,2010,5,Input_#3_P_NLP3,611610.666666667
1242,2010,6,RM Category,7.5 rm
1242,2010,6,C.LK98,192
1242,2010,6,P.LK98,908622
1242,2010,6,C.1K,48
1242,2010,6,D.1K,226844
1242,2010,6,C.NLP3,144
1242,2010,6,P.NLP3,681778
1242,2010,6,C_1K,49.3333333333333
1242,2010,6,C_LK98,190
1242,2010,6,C_NLP3,140.666666666667
1242,2010,6,D_1K,238128.666666667
1242,2010,6,P_LK98,920198.666666667
1242,2010,6,P_NLP3,682070
1242,2010,6,Input_#3_C_1K,55.3333333333333
1242,2010,6,Input_#3_C_LK98,181
1242,2010,6,Input_#3_C_NLP3,125.666666666667
1242,2010,6,Input_#3_D_1K,266661
1242,2010,6,Input_#3_P_LK98,879106.666666667
1242,2010,6,Input_#3_P_NLP3,612445.666666667
1243,2010,7,RM Category,7.5 rm
1243,2010,7,C.LK98,200
1243,2010,7,P.LK98,925066
1243,2010,7,C.1K,58
1243,2010,7,D.1K,249920
1243,2010,7,C.NLP3,142
1243,2010,7,P.NLP3,675146
1243,2010,7,C_1K,49.3333333333333
1243,2010,7,C_LK98,190
1243,2010,7,C_NLP3,140.666666666667
1243,2010,7,D_1K,227335.333333333
1243,2010,7,P_LK98,905530
1243,2010,7,P_NLP3,678194.666666667
1243,2010,7,Input_#3_C_1K,54.6666666666667
1243,2010,7,Input_#3_C_LK98,186
1243,2010,7,Input_#3_C_NLP3,131.333333333333
1243,2010,7,Input_#3_D_1K,258372.666666667
1243,2010,7,Input_#3_P_LK98,895666.666666667
1243,2010,7,Input_#3_P_NLP3,637294
1244,2010,8,RM Category,7.5 rm
1244,2010,8,C.LK98,178
1244,2010,8,P.LK98,868830
1244,2010,8,C.1K,44
1244,2010,8,D.1K,201052
1244,2010,8,C.NLP3,134
1244,2010,8,P.NLP3,667778
1244,2010,8,C_1K,50
1244,2010,8,C_LK98,190
1244,2010,8,C_NLP3,140
1244,2010,8,D_1K,225938.666666667
1244,2010,8,P_LK98,900839.333333333
1244,2010,8,P_NLP3,674900.666666667
1244,2010,8,Input_#3_C_1K,54
1244,2010,8,Input_#3_C_LK98,192.333333333333
1244,2010,8,Input_#3_C_NLP3,138.333333333333
1244,2010,8,Input_#3_D_1K,254558
1244,2010,8,Input_#3_P_LK98,925338.333333333
1244,2010,8,Input_#3_P_NLP3,670780.333333333
1245,2010,9,RM Category,7.5 rm
1245,2010,9,C.LK98,224
1245,2010,9,P.LK98,1027144
1245,2010,9,C.1K,68
1245,2010,9,D.1K,317008
1245,2010,9,C.NLP3,156
1245,2010,9,P.NLP3,710136
1245,2010,9,C_1K,56.6666666666667
1245,2010,9,C_LK98,200.666666666667
1245,2010,9,C_NLP3,144
1245,2010,9,D_1K,255993.333333333
1245,2010,9,P_LK98,940346.666666667
1245,2010,9,P_NLP3,684353.333333333
1245,2010,9,Input_#3_C_1K,53
1245,2010,9,Input_#3_C_LK98,195.333333333333
1245,2010,9,Input_#3_C_NLP3,142.333333333333
1245,2010,9,Input_#3_D_1K,247061
1245,2010,9,Input_#3_P_LK98,930272.666666667
1245,2010,9,Input_#3_P_NLP3,683211.666666667
1246,2010,10,RM Category,7.5 rm
1246,2010,10,C.LK98,200
1246,2010,10,P.LK98,923778
1246,2010,10,C.1K,72
1246,2010,10,D.1K,317392
1246,2010,10,C.NLP3,128
1246,2010,10,P.NLP3,606386
1246,2010,10,C_1K,61.3333333333333
1246,2010,10,C_LK98,200.666666666667
1246,2010,10,C_NLP3,139.333333333333
1246,2010,10,D_1K,278484
1246,2010,10,P_LK98,939917.333333333
1246,2010,10,P_NLP3,661433.333333333
1246,2010,10,Input_#3_C_1K,55.3333333333333
1246,2010,10,Input_#3_C_LK98,195.333333333333
1246,2010,10,Input_#3_C_NLP3,140
1246,2010,10,Input_#3_D_1K,252909.666666667
1246,2010,10,Input_#3_P_LK98,922723.666666667
1246,2010,10,Input_#3_P_NLP3,669814
1247,2010,11,RM Category,7.5 rm
1247,2010,11,C.LK98,212
1247,2010,11,P.LK98,1047202
1247,2010,11,C.1K,64
1247,2010,11,D.1K,287088
1247,2010,11,C.NLP3,148
1247,2010,11,P.NLP3,760114
1247,2010,11,C_1K,68
1247,2010,11,C_LK98,212
1247,2010,11,C_NLP3,144
1247,2010,11,D_1K,307162.666666667
1247,2010,11,P_LK98,999374.666666667
1247,2010,11,P_NLP3,692212
1247,2010,11,Input_#3_C_1K,59
1247,2010,11,Input_#3_C_LK98,201
1247,2010,11,Input_#3_C_NLP3,142
1247,2010,11,Input_#3_D_1K,266550.666666667
1247,2010,11,Input_#3_P_LK98,950107
1247,2010,11,Input_#3_P_NLP3,683556.333333333
1248,2010,12,RM Category,7.5 rm
1248,2010,12,C.LK98,264
1248,2010,12,P.LK98,1182848
1248,2010,12,C.1K,70
1248,2010,12,D.1K,321454
1248,2010,12,C.NLP3,194
1248,2010,12,P.NLP3,861394
1248,2010,12,C_1K,68.6666666666667
1248,2010,12,C_LK98,225.333333333333
1248,2010,12,C_NLP3,156.666666666667
1248,2010,12,D_1K,308644.666666667
1248,2010,12,P_LK98,1051276
1248,2010,12,P_NLP3,742631.333333333
1248,2010,12,Input_#3_C_1K,62.6666666666667
1248,2010,12,Input_#3_C_LK98,213
1248,2010,12,Input_#3_C_NLP3,150.333333333333
1248,2010,12,Input_#3_D_1K,282319
1248,2010,12,Input_#3_P_LK98,995811.333333333
1248,2010,12,Input_#3_P_NLP3,713492.333333333
1249,2011,1,RM Category,7.5 rm
1249,2011,1,C.LK98,222
1249,2011,1,P.LK98,1029032
1249,2011,1,C.1K,42
1249,2011,1,D.1K,205172
1249,2011,1,C.NLP3,180
1249,2011,1,P.NLP3,823860
1249,2011,1,C_1K,58.6666666666667
1249,2011,1,C_LK98,232.666666666667
1249,2011,1,C_NLP3,174
1249,2011,1,D_1K,271238
1249,2011,1,P_LK98,1086360.66666667
1249,2011,1,P_NLP3,815122.666666667
1249,2011,1,Input_#3_C_1K,60
1249,2011,1,Input_#3_C_LK98,216.666666666667
1249,2011,1,Input_#3_C_NLP3,156.666666666667
1249,2011,1,Input_#3_D_1K,274861
1249,2011,1,Input_#3_P_LK98,1013139
1249,2011,1,Input_#3_P_NLP3,738278
1250,2011,2,RM Category,7.5 rm
1250,2011,2,C.LK98,192
1250,2011,2,P.LK98,946162
1250,2011,2,C.1K,48
1250,2011,2,D.1K,224266
1250,2011,2,C.NLP3,144
1250,2011,2,P.NLP3,721896
1250,2011,2,C_1K,53.3333333333333
1250,2011,2,C_LK98,226
1250,2011,2,C_NLP3,172.666666666667
1250,2011,2,D_1K,250297.333333333
1250,2011,2,P_LK98,1052680.66666667
1250,2011,2,P_NLP3,802383.333333333
1250,2011,2,Input_#3_C_1K,60.6666666666667
1250,2011,2,Input_#3_C_LK98,219
1250,2011,2,Input_#3_C_NLP3,158.333333333333
1250,2011,2,Input_#3_D_1K,278730
1250,2011,2,Input_#3_P_LK98,1026027.66666667
1250,2011,2,Input_#3_P_NLP3,747297.666666667
1251,2011,3,RM Category,7.5 rm
1251,2011,3,C.LK98,262
1251,2011,3,P.LK98,1216852
1251,2011,3,C.1K,66
1251,2011,3,D.1K,306536
1251,2011,3,C.NLP3,196
1251,2011,3,P.NLP3,910316
1251,2011,3,C_1K,52
1251,2011,3,C_LK98,225.333333333333
1251,2011,3,C_NLP3,173.333333333333
1251,2011,3,D_1K,245324.666666667
1251,2011,3,P_LK98,1064015.33333333
1251,2011,3,P_NLP3,818690.666666667
1251,2011,3,Input_#3_C_1K,60.3333333333333
1251,2011,3,Input_#3_C_LK98,225.333333333333
1251,2011,3,Input_#3_C_NLP3,165
1251,2011,3,Input_#3_D_1K,276984.666666667
1251,2011,3,Input_#3_P_LK98,1057645.66666667
1251,2011,3,Input_#3_P_NLP3,780661
1252,2011,4,RM Category,7.5 rm
1252,2011,4,C.LK98,196
1252,2011,4,P.LK98,968918
1252,2011,4,C.1K,66
1252,2011,4,D.1K,302550
1252,2011,4,C.NLP3,130
1252,2011,4,P.NLP3,666368
1252,2011,4,C_1K,60
1252,2011,4,C_LK98,216.666666666667
1252,2011,4,C_NLP3,156.666666666667
1252,2011,4,D_1K,277784
1252,2011,4,P_LK98,1043977.33333333
1252,2011,4,P_NLP3,766193.333333333
1252,2011,4,Input_#3_C_1K,59.3333333333333
1252,2011,4,Input_#3_C_LK98,224.666666666667
1252,2011,4,Input_#3_C_NLP3,165.333333333333
1252,2011,4,Input_#3_D_1K,274511
1252,2011,4,Input_#3_P_LK98,1065169
1252,2011,4,Input_#3_P_NLP3,790658
1253,2011,5,RM Category,7.5 rm
1253,2011,5,C.LK98,226
1253,2011,5,P.LK98,1114662
1253,2011,5,C.1K,58
1253,2011,5,D.1K,272040
1253,2011,5,C.NLP3,168
1253,2011,5,P.NLP3,842622
1253,2011,5,C_1K,63.3333333333333
1253,2011,5,C_LK98,228
1253,2011,5,C_NLP3,164.666666666667
1253,2011,5,D_1K,293708.666666667
1253,2011,5,P_LK98,1100144
1253,2011,5,P_NLP3,806435.333333333
1253,2011,5,Input_#3_C_1K,58.3333333333333
1253,2011,5,Input_#3_C_LK98,227
1253,2011,5,Input_#3_C_NLP3,168.666666666667
1253,2011,5,Input_#3_D_1K,272003
1253,2011,5,Input_#3_P_LK98,1076412.33333333
1253,2011,5,Input_#3_P_NLP3,804409.333333333
1254,2011,6,RM Category,7.5 rm
1254,2011,6,C.LK98,248
1254,2011,6,P.LK98,1143718
1254,2011,6,C.1K,44
1254,2011,6,D.1K,212500
1254,2011,6,C.NLP3,204
1254,2011,6,P.NLP3,931218
1254,2011,6,C_1K,56
1254,2011,6,C_LK98,223.333333333333
1254,2011,6,C_NLP3,167.333333333333
1254,2011,6,D_1K,262363.333333333
1254,2011,6,P_LK98,1075766
1254,2011,6,P_NLP3,813402.666666667
1254,2011,6,Input_#3_C_1K,54
1254,2011,6,Input_#3_C_LK98,224.333333333333
1254,2011,6,Input_#3_C_NLP3,170.333333333333
1254,2011,6,Input_#3_D_1K,253844
1254,2011,6,Input_#3_P_LK98,1069890.66666667
1254,2011,6,Input_#3_P_NLP3,816046.666666667
1255,2011,7,RM Category,7.5 rm
1255,2011,7,C.LK98,218
1255,2011,7,P.LK98,1040202
1255,2011,7,C.1K,64
1255,2011,7,D.1K,301084
1255,2011,7,C.NLP3,154
1255,2011,7,P.NLP3,739118
1255,2011,7,C_1K,55.3333333333333
1255,2011,7,C_LK98,230.666666666667
1255,2011,7,C_NLP3,175.333333333333
1255,2011,7,D_1K,261874.666666667
1255,2011,7,P_LK98,1099527.33333333
1255,2011,7,P_NLP3,837652.666666667
1255,2011,7,Input_#3_C_1K,57.6666666666667
1255,2011,7,Input_#3_C_LK98,223.666666666667
1255,2011,7,Input_#3_C_NLP3,166
1255,2011,7,Input_#3_D_1K,269829.333333333
1255,2011,7,Input_#3_P_LK98,1071752.33333333
1255,2011,7,Input_#3_P_NLP3,801923
1256,2011,8,RM Category,7.5 rm
1256,2011,8,C.LK98,266
1256,2011,8,P.LK98,1278246
1256,2011,8,C.1K,78
1256,2011,8,D.1K,379706
1256,2011,8,C.NLP3,188
1256,2011,8,P.NLP3,898540
1256,2011,8,C_1K,62
1256,2011,8,C_LK98,244
1256,2011,8,C_NLP3,182
1256,2011,8,D_1K,297763.333333333
1256,2011,8,P_LK98,1154055.33333333
1256,2011,8,P_NLP3,856292
1256,2011,8,Input_#3_C_1K,62.6666666666667
1256,2011,8,Input_#3_C_LK98,236
1256,2011,8,Input_#3_C_NLP3,173.333333333333
1256,2011,8,Input_#3_D_1K,295736
1256,2011,8,Input_#3_P_LK98,1127099.66666667
1256,2011,8,Input_#3_P_NLP3,831363.666666667
1257,2011,9,RM Category,7.5 rm
1257,2011,9,C.LK98,314
1257,2011,9,P.LK98,1491074
1257,2011,9,C.1K,92
1257,2011,9,D.1K,462018
1257,2011,9,C.NLP3,222
1257,2011,9,P.NLP3,1029056
1257,2011,9,C_1K,78
1257,2011,9,C_LK98,266
1257,2011,9,C_NLP3,188
1257,2011,9,D_1K,380936
1257,2011,9,P_LK98,1269840.66666667
1257,2011,9,P_NLP3,888904.666666667
1257,2011,9,Input_#3_C_1K,67
1257,2011,9,Input_#3_C_LK98,244.666666666667
1257,2011,9,Input_#3_C_NLP3,177.666666666667
1257,2011,9,Input_#3_D_1K,321649.666666667
1257,2011,9,Input_#3_P_LK98,1172803.33333333
1257,2011,9,Input_#3_P_NLP3,851153.666666667
1258,2011,10,RM Category,7.5 rm
1258,2011,10,C.LK98,242
1258,2011,10,P.LK98,1129980
1258,2011,10,C.1K,70
1258,2011,10,D.1K,343268
1258,2011,10,C.NLP3,172
1258,2011,10,P.NLP3,786712
1258,2011,10,C_1K,80
1258,2011,10,C_LK98,274
1258,2011,10,C_NLP3,194
1258,2011,10,D_1K,394997.333333333
1258,2011,10,P_LK98,1299766.66666667
1258,2011,10,P_NLP3,904769.333333333
1258,2011,10,Input_#3_C_1K,67.6666666666667
1258,2011,10,Input_#3_C_LK98,252.333333333333
1258,2011,10,Input_#3_C_NLP3,184.666666666667
1258,2011,10,Input_#3_D_1K,328436
1258,2011,10,Input_#3_P_LK98,1199647
1258,2011,10,Input_#3_P_NLP3,871211
1259,2011,11,RM Category,7.5 rm
1259,2011,11,C.LK98,244
1259,2011,11,P.LK98,1106698
1259,2011,11,C.1K,108
1259,2011,11,D.1K,464290
1259,2011,11,C.NLP3,136
1259,2011,11,P.NLP3,642408
1259,2011,11,C_1K,90
1259,2011,11,C_LK98,266.666666666667
1259,2011,11,C_NLP3,176.666666666667
1259,2011,11,D_1K,423192
1259,2011,11,P_LK98,1242584
1259,2011,11,P_NLP3,819392
1259,2011,11,Input_#3_C_1K,76
1259,2011,11,Input_#3_C_LK98,255.333333333333
1259,2011,11,Input_#3_C_NLP3,179.333333333333
1259,2011,11,Input_#3_D_1K,360477.666666667
1259,2011,11,Input_#3_P_LK98,1198319.66666667
1259,2011,11,Input_#3_P_NLP3,837842
1260,2011,12,RM Category,7.5 rm
1260,2011,12,C.LK98,312
1260,2011,12,P.LK98,1468728
1260,2011,12,C.1K,66
1260,2011,12,D.1K,320888
1260,2011,12,C.NLP3,246
1260,2011,12,P.NLP3,1147840
1260,2011,12,C_1K,81.3333333333333
1260,2011,12,C_LK98,266
1260,2011,12,C_NLP3,184.666666666667
1260,2011,12,D_1K,376148.666666667
1260,2011,12,P_LK98,1235135.33333333
1260,2011,12,P_NLP3,858986.666666667
1260,2011,12,Input_#3_C_1K,79.6666666666667
1260,2011,12,Input_#3_C_LK98,266
1260,2011,12,Input_#3_C_NLP3,186.333333333333
1260,2011,12,Input_#3_D_1K,378542.333333333
1260,2011,12,Input_#3_P_LK98,1252488
1260,2011,12,Input_#3_P_NLP3,873945.666666667
1261,2012,1,RM Category,7.5 rm
1261,2012,1,C.LK98,248
1261,2012,1,P.LK98,1172284
1261,2012,1,C.1K,60
1261,2012,1,D.1K,255402
1261,2012,1,C.NLP3,188
1261,2012,1,P.NLP3,916882
1261,2012,1,C_1K,78
1261,2012,1,C_LK98,268
1261,2012,1,C_NLP3,190
1261,2012,1,D_1K,346860
1261,2012,1,P_LK98,1249236.66666667
1261,2012,1,P_NLP3,902376.666666667
1261,2012,1,Input_#3_C_1K,79
1261,2012,1,Input_#3_C_LK98,271
1261,2012,1,Input_#3_C_NLP3,192
1261,2012,1,Input_#3_D_1K,370928.666666667
1261,2012,1,Input_#3_P_LK98,1274501.66666667
1261,2012,1,Input_#3_P_NLP3,903573
1262,2012,2,RM Category,7.5 rm
1262,2012,2,C.LK98,252
1262,2012,2,P.LK98,1124812
1262,2012,2,C.1K,80
1262,2012,2,D.1K,382252
1262,2012,2,C.NLP3,172
1262,2012,2,P.NLP3,742560
1262,2012,2,C_1K,68.6666666666667
1262,2012,2,C_LK98,270.666666666667
1262,2012,2,C_NLP3,202
1262,2012,2,D_1K,319514
1262,2012,2,P_LK98,1255274.66666667
1262,2012,2,P_NLP3,935760.666666667
1262,2012,2,Input_#3_C_1K,79.3333333333333
1262,2012,2,Input_#3_C_LK98,268.666666666667
1262,2012,2,Input_#3_C_NLP3,189.333333333333
1262,2012,2,Input_#3_D_1K,371353
1262,2012,2,Input_#3_P_LK98,1248929.33333333
1262,2012,2,Input_#3_P_NLP3,877576.333333333
1263,2012,3,RM Category,7.5 rm
1263,2012,3,C.LK98,300
1263,2012,3,P.LK98,1425384
1263,2012,3,C.1K,60
1263,2012,3,D.1K,267530
1263,2012,3,C.NLP3,240
1263,2012,3,P.NLP3,1157854
1263,2012,3,C_1K,66.6666666666667
1263,2012,3,C_LK98,266.666666666667
1263,2012,3,C_NLP3,200
1263,2012,3,D_1K,301728
1263,2012,3,P_LK98,1240826.66666667
1263,2012,3,P_NLP3,939098.666666667
1263,2012,3,Input_#3_C_1K,74
1263,2012,3,Input_#3_C_LK98,266.333333333333
1263,2012,3,Input_#3_C_NLP3,192.333333333333
1263,2012,3,Input_#3_D_1K,338938.333333333
1263,2012,3,Input_#3_P_LK98,1237981
1263,2012,3,Input_#3_P_NLP3,899042.666666667
1264,2012,4,RM Category,7.5 rm
1264,2012,4,C.LK98,262
1264,2012,4,P.LK98,1265856
1264,2012,4,C.1K,74
1264,2012,4,D.1K,322278
1264,2012,4,C.NLP3,188
1264,2012,4,P.NLP3,943578
1264,2012,4,C_1K,71.3333333333333
1264,2012,4,C_LK98,271.333333333333
1264,2012,4,C_NLP3,200
1264,2012,4,D_1K,324020
1264,2012,4,P_LK98,1272017.33333333
1264,2012,4,P_NLP3,947997.333333333
1264,2012,4,Input_#3_C_1K,74.6666666666667
1264,2012,4,Input_#3_C_LK98,269.666666666667
1264,2012,4,Input_#3_C_NLP3,195
1264,2012,4,Input_#3_D_1K,335440
1264,2012,4,Input_#3_P_LK98,1260627
1264,2012,4,Input_#3_P_NLP3,925187
1265,2012,5,RM Category,7.5 rm
1265,2012,5,C.LK98,242
1265,2012,5,P.LK98,1191308
1265,2012,5,C.1K,112
1265,2012,5,D.1K,520540
1265,2012,5,C.NLP3,130
1265,2012,5,P.NLP3,670768
1265,2012,5,C_1K,82
1265,2012,5,C_LK98,268
1265,2012,5,C_NLP3,186
1265,2012,5,D_1K,370116
1265,2012,5,P_LK98,1294182.66666667
1265,2012,5,P_NLP3,924066.666666667
1265,2012,5,Input_#3_C_1K,75.3333333333333
1265,2012,5,Input_#3_C_LK98,269.333333333333
1265,2012,5,Input_#3_C_NLP3,194
1265,2012,5,Input_#3_D_1K,344815
1265,2012,5,Input_#3_P_LK98,1274728.66666667
1265,2012,5,Input_#3_P_NLP3,929913.666666667
1266,2012,6,RM Category,7.5 rm
1266,2012,6,C.LK98,230
1266,2012,6,P.LK98,1158770
1266,2012,6,C.1K,76
1266,2012,6,D.1K,356436
1266,2012,6,C.NLP3,154
1266,2012,6,P.NLP3,802334
1266,2012,6,C_1K,87.3333333333333
1266,2012,6,C_LK98,244.666666666667
1266,2012,6,C_NLP3,157.333333333333
1266,2012,6,D_1K,399751.333333333
1266,2012,6,P_LK98,1205311.33333333
1266,2012,6,P_NLP3,805560
1266,2012,6,Input_#3_C_1K,77
1266,2012,6,Input_#3_C_LK98,255.666666666667
1266,2012,6,Input_#3_C_NLP3,178.666666666667
1266,2012,6,Input_#3_D_1K,350739.666666667
1266,2012,6,Input_#3_P_LK98,1223069
1266,2012,6,Input_#3_P_NLP3,872329.333333333
1267,2012,7,RM Category,7.5 rm
1267,2012,7,C.LK98,224
1267,2012,7,P.LK98,1108026
1267,2012,7,C.1K,66
1267,2012,7,D.1K,310696
1267,2012,7,C.NLP3,158
1267,2012,7,P.NLP3,797330
1267,2012,7,C_1K,84.6666666666667
1267,2012,7,C_LK98,232
1267,2012,7,C_NLP3,147.333333333333
1267,2012,7,D_1K,395890.666666667
1267,2012,7,P_LK98,1152701.33333333
1267,2012,7,P_NLP3,756810.666666667
1267,2012,7,Input_#3_C_1K,78
1267,2012,7,Input_#3_C_LK98,251.666666666667
1267,2012,7,Input_#3_C_NLP3,173.666666666667
1267,2012,7,Input_#3_D_1K,359955.333333333
1267,2012,7,Input_#3_P_LK98,1212359.33333333
1267,2012,7,Input_#3_P_NLP3,852404
1268,2012,8,RM Category,7.5 rm
1268,2012,8,C.LK98,244
1268,2012,8,P.LK98,1203020
1268,2012,8,C.1K,70
1268,2012,8,D.1K,350842
1268,2012,8,C.NLP3,174
1268,2012,8,P.NLP3,852178
1268,2012,8,C_1K,70.6666666666667
1268,2012,8,C_LK98,232.666666666667
1268,2012,8,C_NLP3,162
1268,2012,8,D_1K,339324.666666667
1268,2012,8,P_LK98,1156605.33333333
1268,2012,8,P_NLP3,817280.666666667
1268,2012,8,Input_#3_C_1K,76.3333333333333
1268,2012,8,Input_#3_C_LK98,250.333333333333
1268,2012,8,Input_#3_C_NLP3,174
1268,2012,8,Input_#3_D_1K,354720.333333333
1268,2012,8,Input_#3_P_LK98,1225394
1268,2012,8,Input_#3_P_NLP3,870673.666666667
1269,2012,9,RM Category,7.5 rm
1269,2012,9,C.LK98,278
1269,2012,9,P.LK98,1389698
1269,2012,9,C.1K,104
1269,2012,9,D.1K,523356
1269,2012,9,C.NLP3,174
1269,2012,9,P.NLP3,866342
1269,2012,9,C_1K,80
1269,2012,9,C_LK98,248.666666666667
1269,2012,9,C_NLP3,168.666666666667
1269,2012,9,D_1K,394964.666666667
1269,2012,9,P_LK98,1233581.33333333
1269,2012,9,P_NLP3,838616.666666667
1269,2012,9,Input_#3_C_1K,83.6666666666667
1269,2012,9,Input_#3_C_LK98,246.666666666667
1269,2012,9,Input_#3_C_NLP3,163
1269,2012,9,Input_#3_D_1K,397358
1269,2012,9,Input_#3_P_LK98,1219446.33333333
1269,2012,9,Input_#3_P_NLP3,822088.333333333
1270,2012,10,RM Category,7.5 rm
1270,2012,10,C.LK98,292
1270,2012,10,P.LK98,1437842
1270,2012,10,C.1K,94
1270,2012,10,D.1K,458070
1270,2012,10,C.NLP3,198
1270,2012,10,P.NLP3,979772
1270,2012,10,C_1K,89.3333333333333
1270,2012,10,C_LK98,271.333333333333
1270,2012,10,C_NLP3,182
1270,2012,10,D_1K,444089.333333333
1270,2012,10,P_LK98,1343520
1270,2012,10,P_NLP3,899430.666666667
1270,2012,10,Input_#3_C_1K,87
1270,2012,10,Input_#3_C_LK98,251.666666666667
1270,2012,10,Input_#3_C_NLP3,164.666666666667
1270,2012,10,Input_#3_D_1K,419990
1270,2012,10,Input_#3_P_LK98,1248110.66666667
1270,2012,10,Input_#3_P_NLP3,828120.666666667
1271,2012,11,RM Category,7.5 rm
1271,2012,11,C.LK98,306
1271,2012,11,P.LK98,1494388
1271,2012,11,C.1K,70
1271,2012,11,D.1K,335452
1271,2012,11,C.NLP3,236
1271,2012,11,P.NLP3,1158936
1271,2012,11,C_1K,89.3333333333333
1271,2012,11,C_LK98,292
1271,2012,11,C_NLP3,202.666666666667
1271,2012,11,D_1K,438959.333333333
1271,2012,11,P_LK98,1440642.66666667
1271,2012,11,P_NLP3,1001683.33333333
1271,2012,11,Input_#3_C_1K,80
1271,2012,11,Input_#3_C_LK98,262.333333333333
1271,2012,11,Input_#3_C_NLP3,182.333333333333
1271,2012,11,Input_#3_D_1K,389142
1271,2012,11,Input_#3_P_LK98,1298624
1271,2012,11,Input_#3_P_NLP3,909482
1272,2012,12,RM Category,7.5 rm
1272,2012,12,C.LK98,314
1272,2012,12,P.LK98,1472110
1272,2012,12,C.1K,78
1272,2012,12,D.1K,376356
1272,2012,12,C.NLP3,236
1272,2012,12,P.NLP3,1095754
1272,2012,12,C_1K,80.6666666666667
1272,2012,12,C_LK98,304
1272,2012,12,C_NLP3,223.333333333333
1272,2012,12,D_1K,389959.333333333
1272,2012,12,P_LK98,1468113.33333333
1272,2012,12,P_NLP3,1078154
1272,2012,12,Input_#3_C_1K,80.3333333333333
1272,2012,12,Input_#3_C_LK98,276.333333333333
1272,2012,12,Input_#3_C_NLP3,196
1272,2012,12,Input_#3_D_1K,392462
1272,2012,12,Input_#3_P_LK98,1350847.33333333
1272,2012,12,Input_#3_P_NLP3,958385.333333333
1273,2013,1,RM Category,7.5 rm
1273,2013,1,C.LK98,242
1273,2013,1,P.LK98,1256738
1273,2013,1,C.1K,66
1273,2013,1,D.1K,326292
1273,2013,1,C.NLP3,176
1273,2013,1,P.NLP3,930446
1273,2013,1,C_1K,71.3333333333333
1273,2013,1,C_LK98,287.333333333333
1273,2013,1,C_NLP3,216
1273,2013,1,D_1K,346033.333333333
1273,2013,1,P_LK98,1407745.33333333
1273,2013,1,P_NLP3,1061712
1273,2013,1,Input_#3_C_1K,80.3333333333333
1273,2013,1,Input_#3_C_LK98,279.333333333333
1273,2013,1,Input_#3_C_NLP3,199
1273,2013,1,Input_#3_D_1K,395061.333333333
1273,2013,1,Input_#3_P_LK98,1375632.66666667
1273,2013,1,Input_#3_P_NLP3,980571.333333333
1274,2013,2,RM Category,7.5 rm
1274,2013,2,C.LK98,234
1274,2013,2,P.LK98,1156594
1274,2013,2,C.1K,86
1274,2013,2,D.1K,390262
1274,2013,2,C.NLP3,148
1274,2013,2,P.NLP3,766332
1274,2013,2,C_1K,76.6666666666667
1274,2013,2,C_LK98,263.333333333333
1274,2013,2,C_NLP3,186.666666666667
1274,2013,2,D_1K,364303.333333333
1274,2013,2,P_LK98,1295147.33333333
1274,2013,2,P_NLP3,930844
1274,2013,2,Input_#3_C_1K,83
1274,2013,2,Input_#3_C_LK98,277.666666666667
1274,2013,2,Input_#3_C_NLP3,194.666666666667
1274,2013,2,Input_#3_D_1K,401631.333333333
1274,2013,2,Input_#3_P_LK98,1367895
1274,2013,2,Input_#3_P_NLP3,966263.666666667
1275,2013,3,RM Category,7.5 rm
1275,2013,3,C.LK98,268
1275,2013,3,P.LK98,1364348
1275,2013,3,C.1K,96
1275,2013,3,D.1K,437204
1275,2013,3,C.NLP3,172
1275,2013,3,P.NLP3,927144
1275,2013,3,C_1K,82.6666666666667
1275,2013,3,C_LK98,248
1275,2013,3,C_NLP3,165.333333333333
1275,2013,3,D_1K,384586
1275,2013,3,P_LK98,1259226.66666667
1275,2013,3,P_NLP3,874640.666666667
1275,2013,3,Input_#3_C_1K,81.6666666666667
1275,2013,3,Input_#3_C_LK98,276
1275,2013,3,Input_#3_C_NLP3,194.333333333333
1275,2013,3,Input_#3_D_1K,387272.666666667
1275,2013,3,Input_#3_P_LK98,1363670
1275,2013,3,Input_#3_P_NLP3,976397.333333333
1276,2013,4,RM Category,7.5 rm
1276,2013,4,C.LK98,278
1276,2013,4,P.LK98,1400654
1276,2013,4,C.1K,88
1276,2013,4,D.1K,416936
1276,2013,4,C.NLP3,190
1276,2013,4,P.NLP3,983718
1276,2013,4,C_1K,90
1276,2013,4,C_LK98,260
1276,2013,4,C_NLP3,170
1276,2013,4,D_1K,414800.666666667
1276,2013,4,P_LK98,1307198.66666667
1276,2013,4,P_NLP3,892398
1276,2013,4,Input_#3_C_1K,80.6666666666667
1276,2013,4,Input_#3_C_LK98,273.666666666667
1276,2013,4,Input_#3_C_NLP3,193
1276,2013,4,Input_#3_D_1K,380417
1276,2013,4,Input_#3_P_LK98,1357472
1276,2013,4,Input_#3_P_NLP3,977055
1277,2013,5,RM Category,7.5 rm
1277,2013,5,C.LK98,304
1277,2013,5,P.LK98,1497672
1277,2013,5,C.1K,96
1277,2013,5,D.1K,467992
1277,2013,5,C.NLP3,208
1277,2013,5,P.NLP3,1029680
1277,2013,5,C_1K,93.3333333333333
1277,2013,5,C_LK98,283.333333333333
1277,2013,5,C_NLP3,190
1277,2013,5,D_1K,440710.666666667
1277,2013,5,P_LK98,1420891.33333333
1277,2013,5,P_NLP3,980180.666666667
1277,2013,5,Input_#3_C_1K,85
1277,2013,5,Input_#3_C_LK98,273.333333333333
1277,2013,5,Input_#3_C_NLP3,188.333333333333
1277,2013,5,Input_#3_D_1K,402507
1277,2013,5,Input_#3_P_LK98,1358019.33333333
1277,2013,5,Input_#3_P_NLP3,955512.333333333
1278,2013,6,RM Category,7.5 rm
1278,2013,6,C.LK98,252
1278,2013,6,P.LK98,1300222
1278,2013,6,C.1K,78
1278,2013,6,D.1K,370342
1278,2013,6,C.NLP3,174
1278,2013,6,P.NLP3,929880
1278,2013,6,C_1K,87.3333333333333
1278,2013,6,C_LK98,278
1278,2013,6,C_NLP3,190.666666666667
1278,2013,6,D_1K,418423.333333333
1278,2013,6,P_LK98,1399516
1278,2013,6,P_NLP3,981092.666666667
1278,2013,6,Input_#3_C_1K,85
1278,2013,6,Input_#3_C_LK98,263
1278,2013,6,Input_#3_C_NLP3,178
1278,2013,6,Input_#3_D_1K,401504.666666667
1278,2013,6,Input_#3_P_LK98,1329371.33333333
1278,2013,6,Input_#3_P_NLP3,927866.666666667
1279,2013,7,RM Category,7.5 rm
1279,2013,7,C.LK98,248
1279,2013,7,P.LK98,1176508
1279,2013,7,C.1K,60
1279,2013,7,D.1K,282714
1279,2013,7,C.NLP3,188
1279,2013,7,P.NLP3,893794
1279,2013,7,C_1K,78
1279,2013,7,C_LK98,268
1279,2013,7,C_NLP3,190
1279,2013,7,D_1K,373682.666666667
1279,2013,7,P_LK98,1324800.66666667
1279,2013,7,P_NLP3,951118
1279,2013,7,Input_#3_C_1K,84
1279,2013,7,Input_#3_C_LK98,264
1279,2013,7,Input_#3_C_NLP3,180
1279,2013,7,Input_#3_D_1K,394241.666666667
1279,2013,7,Input_#3_P_LK98,1315999.66666667
1279,2013,7,Input_#3_P_NLP3,921758
1280,2013,8,RM Category,7.5 rm
1280,2013,8,C.LK98,296
1280,2013,8,P.LK98,1506664
1280,2013,8,C.1K,98
1280,2013,8,D.1K,467140
1280,2013,8,C.NLP3,198
1280,2013,8,P.NLP3,1039524
1280,2013,8,C_1K,78.6666666666667
1280,2013,8,C_LK98,265.333333333333
1280,2013,8,C_NLP3,186.666666666667
1280,2013,8,D_1K,373398.666666667
1280,2013,8,P_LK98,1327798
1280,2013,8,P_NLP3,954399.333333333
1280,2013,8,Input_#3_C_1K,86
1280,2013,8,Input_#3_C_LK98,274.333333333333
1280,2013,8,Input_#3_C_NLP3,188.333333333333
1280,2013,8,Input_#3_D_1K,407054.666666667
1280,2013,8,Input_#3_P_LK98,1374344.66666667
1280,2013,8,Input_#3_P_NLP3,967290
1281,2013,9,RM Category,7.5 rm
1281,2013,9,C.LK98,260
1281,2013,9,P.LK98,1316608
1281,2013,9,C.1K,78
1281,2013,9,D.1K,351966
1281,2013,9,C.NLP3,182
1281,2013,9,P.NLP3,964642
1281,2013,9,C_1K,78.6666666666667
1281,2013,9,C_LK98,268
1281,2013,9,C_NLP3,189.333333333333
1281,2013,9,D_1K,367273.333333333
1281,2013,9,P_LK98,1333260
1281,2013,9,P_NLP3,965986.666666667
1281,2013,9,Input_#3_C_1K,83
1281,2013,9,Input_#3_C_LK98,273
1281,2013,9,Input_#3_C_NLP3,190
1281,2013,9,Input_#3_D_1K,392848.333333333
1281,2013,9,Input_#3_P_LK98,1366388
1281,2013,9,Input_#3_P_NLP3,973539.666666667
1282,2013,10,RM Category,7.5 rm
1282,2013,10,C.LK98,288
1282,2013,10,P.LK98,1496756
1282,2013,10,C.1K,80
1282,2013,10,D.1K,402444
1282,2013,10,C.NLP3,208
1282,2013,10,P.NLP3,1094312
1282,2013,10,C_1K,85.3333333333333
1282,2013,10,C_LK98,281.333333333333
1282,2013,10,C_NLP3,196
1282,2013,10,D_1K,407183.333333333
1282,2013,10,P_LK98,1440009.33333333
1282,2013,10,P_NLP3,1032826
1282,2013,10,Input_#3_C_1K,81.6666666666667
1282,2013,10,Input_#3_C_LK98,274.666666666667
1282,2013,10,Input_#3_C_NLP3,193
1282,2013,10,Input_#3_D_1K,390433
1282,2013,10,Input_#3_P_LK98,1382405
1282,2013,10,Input_#3_P_NLP3,991972
1283,2013,11,RM Category,7.5 rm
1283,2013,11,C.LK98,310
1283,2013,11,P.LK98,1577502
1283,2013,11,C.1K,96
1283,2013,11,D.1K,462932
1283,2013,11,C.NLP3,214
1283,2013,11,P.NLP3,1114570
1283,2013,11,C_1K,84.6666666666667
1283,2013,11,C_LK98,286
1283,2013,11,C_NLP3,201.333333333333
1283,2013,11,D_1K,405780.666666667
1283,2013,11,P_LK98,1463622
1283,2013,11,P_NLP3,1057841.33333333
1283,2013,11,Input_#3_C_1K,81.6666666666667
1283,2013,11,Input_#3_C_LK98,275.666666666667
1283,2013,11,Input_#3_C_NLP3,194
1283,2013,11,Input_#3_D_1K,389589.666666667
1283,2013,11,Input_#3_P_LK98,1395710
1283,2013,11,Input_#3_P_NLP3,1006120.33333333
1284,2013,12,RM Category,7.5 rm
1284,2013,12,C.LK98,320
1284,2013,12,P.LK98,1631636
1284,2013,12,C.1K,110
1284,2013,12,D.1K,512038
1284,2013,12,C.NLP3,210
1284,2013,12,P.NLP3,1119598
1284,2013,12,C_1K,95.3333333333333
1284,2013,12,C_LK98,306
1284,2013,12,C_NLP3,210.666666666667
1284,2013,12,D_1K,459138
1284,2013,12,P_LK98,1568631.33333333
1284,2013,12,P_NLP3,1109493.33333333
1284,2013,12,Input_#3_C_1K,87
1284,2013,12,Input_#3_C_LK98,287
1284,2013,12,Input_#3_C_NLP3,200
1284,2013,12,Input_#3_D_1K,413205.666666667
1284,2013,12,Input_#3_P_LK98,1450945.66666667
1284,2013,12,Input_#3_P_NLP3,1037740
1285,2014,1,RM Category,7.5 rm
1285,2014,1,C.LK98,142
1285,2014,1,P.LK98,692178
1285,2014,1,C.1K,116
1285,2014,1,D.1K,525608
1285,2014,1,C.NLP3,84
1285,2014,1,P.NLP3,429374
1285,2014,1,C_1K,107.333333333333
1285,2014,1,C_LK98,257.333333333333
1285,2014,1,C_NLP3,169.333333333333
1285,2014,1,D_1K,500192.666666667
1285,2014,1,P_LK98,1300438.66666667
1285,2014,1,P_NLP3,887847.333333333
1285,2014,1,Input_#3_C_1K,96.3333333333333
1285,2014,1,Input_#3_C_LK98,269.333333333333
1285,2014,1,Input_#3_C_NLP3,182.666666666667
1285,2014,1,Input_#3_D_1K,453688
1285,2014,1,Input_#3_P_LK98,1370224
1285,2014,1,Input_#3_P_NLP3,960336.666666667
1286,2014,2,RM Category,7.5 rm
1286,2014,2,C.LK98,118
1286,2014,2,P.LK98,601196
1286,2014,2,C.1K,70
1286,2014,2,D.1K,318654
1286,2014,2,C.NLP3,83
1286,2014,2,P.NLP3,441869
1286,2014,2,C_1K,98.6666666666667
1286,2014,2,C_LK98,193.333333333333
1286,2014,2,C_NLP3,125.666666666667
1286,2014,2,D_1K,452100
1286,2014,2,P_LK98,975003.333333333
1286,2014,2,P_NLP3,663613.666666667
1286,2014,2,Input_#3_C_1K,91.6666666666667
1286,2014,2,Input_#3_C_LK98,239.666666666667
1286,2014,2,Input_#3_C_NLP3,163.5
1286,2014,2,Input_#3_D_1K,428940.333333333
1286,2014,2,Input_#3_P_LK98,1219312.66666667
1286,2014,2,Input_#3_P_NLP3,860727.5
1287,2014,3,RM Category,7.5 rm
1287,2014,3,C.LK98,138
1287,2014,3,P.LK98,698726
1287,2014,3,C.1K,86
1287,2014,3,D.1K,410028
1287,2014,3,C.NLP3,95
1287,2014,3,P.NLP3,493712
1287,2014,3,C_1K,90.6666666666667
1287,2014,3,C_LK98,132.666666666667
1287,2014,3,C_NLP3,87.3333333333333
1287,2014,3,D_1K,418096.666666667
1287,2014,3,P_LK98,664033.333333333
1287,2014,3,P_NLP3,454985
1287,2014,3,Input_#3_C_1K,93
1287,2014,3,Input_#3_C_LK98,219.333333333333
1287,2014,3,Input_#3_C_NLP3,149
1287,2014,3,Input_#3_D_1K,438617.333333333
1287,2014,3,Input_#3_P_LK98,1116332.33333333
1287,2014,3,Input_#3_P_NLP3,782239.166666667
1288,2014,4,RM Category,7.5 rm
1288,2014,4,C.LK98,300
1288,2014,4,P.LK98,1509882
1288,2014,4,C.1K,98
1288,2014,4,D.1K,471902
1288,2014,4,C.NLP3,202
1288,2014,4,P.NLP3,1037980
1288,2014,4,C_1K,84.6666666666667
1288,2014,4,C_LK98,185.333333333333
1288,2014,4,C_NLP3,126.666666666667
1288,2014,4,D_1K,400194.666666667
1288,2014,4,P_LK98,936601.333333333
1288,2014,4,P_NLP3,657853.666666667
1288,2014,4,Input_#3_C_1K,96
1288,2014,4,Input_#3_C_LK98,221.333333333333
1288,2014,4,Input_#3_C_NLP3,148
1288,2014,4,Input_#3_D_1K,450193.666666667
1288,2014,4,Input_#3_P_LK98,1118520
1288,2014,4,Input_#3_P_NLP3,772850.5
1289,2014,5,RM Category,7.5 rm
1289,2014,5,C.LK98,116
1289,2014,5,P.LK98,591410
1289,2014,5,C.1K,62
1289,2014,5,D.1K,319336.4
1289,2014,5,C.NLP3,85
1289,2014,5,P.NLP3,431741.8
1289,2014,5,C_1K,82
1289,2014,5,C_LK98,184.666666666667
1289,2014,5,C_NLP3,127.333333333333
1289,2014,5,D_1K,400422.133333333
1289,2014,5,P_LK98,933339.333333333
1289,2014,5,P_NLP3,654477.933333333
1289,2014,5,Input_#3_C_1K,90.3333333333333
1289,2014,5,Input_#3_C_LK98,189
1289,2014,5,Input_#3_C_NLP3,126.5
1289,2014,5,Input_#3_D_1K,426261.066666667
1289,2014,5,Input_#3_P_LK98,954171.333333333
1289,2014,5,Input_#3_P_NLP3,659045.8
1290,2014,6,RM Category,7.5 rm
1290,2014,6,C.LK98,139
1290,2014,6,P.LK98,685222
1290,2014,6,C.1K,84
1290,2014,6,D.1K,385014.14
1290,2014,6,C.NLP3,97
1290,2014,6,P.NLP3,492714.93
1290,2014,6,C_1K,81.3333333333333
1290,2014,6,C_LK98,185
1290,2014,6,C_NLP3,128
1290,2014,6,D_1K,392084.18
1290,2014,6,P_LK98,928838
1290,2014,6,P_NLP3,654145.576666667
1290,2014,6,Input_#3_C_1K,86
1290,2014,6,Input_#3_C_LK98,158.833333333333
1290,2014,6,Input_#3_C_NLP3,107.666666666667
1290,2014,6,Input_#3_D_1K,405090.423333333
1290,2014,6,Input_#3_P_LK98,796435.666666667
1290,2014,6,Input_#3_P_NLP3,554565.288333333
1291,2014,7,RM Category,7.5 rm
1291,2014,7,C.LK98,
1291,2014,7,P.LK98,
1291,2014,7,C.1K,
1291,2014,7,D.1K,
1291,2014,7,C.NLP3,
1291,2014,7,P.NLP3,
1291,2014,7,C_1K,48.6666666666667
1291,2014,7,C_LK98,85
1291,2014,7,C_NLP3,60.6666666666667
1291,2014,7,D_1K,234783.513333333
1291,2014,7,P_LK98,425544
1291,2014,7,P_NLP3,308152.243333333
1291,2014,7,Input_#3_C_1K,66.6666666666667
1291,2014,7,Input_#3_C_LK98,135.166666666667
1291,2014,7,Input_#3_C_NLP3,93.6666666666667
1291,2014,7,Input_#3_D_1K,317489.09
1291,2014,7,Input_#3_P_LK98,681072.666666667
1291,2014,7,Input_#3_P_NLP3,483002.955
1292,2014,8,RM Category,7.5 rm
1292,2014,8,C.LK98,
1292,2014,8,P.LK98,
1292,2014,8,C.1K,
1292,2014,8,D.1K,
1292,2014,8,C.NLP3,
1292,2014,8,P.NLP3,
1292,2014,8,C_1K,28
1292,2014,8,C_LK98,46.3333333333333
1292,2014,8,C_NLP3,32.3333333333333
1292,2014,8,D_1K,128338.046666667
1292,2014,8,P_LK98,228407.333333333
1292,2014,8,P_NLP3,164238.31
1292,2014,8,Input_#3_C_1K,55
1292,2014,8,Input_#3_C_LK98,115.5
1292,2014,8,Input_#3_C_NLP3,79.8333333333333
1292,2014,8,Input_#3_D_1K,264380.09
1292,2014,8,Input_#3_P_LK98,580873.333333333
1292,2014,8,Input_#3_P_NLP3,409358.121666667
1293,2014,9,RM Category,7.5 rm
1293,2014,9,C.LK98,
1293,2014,9,P.LK98,
1293,2014,9,C.1K,
1293,2014,9,D.1K,
1293,2014,9,C.NLP3,
1293,2014,9,P.NLP3,
1293,2014,9,C_1K,0
1293,2014,9,C_LK98,0
1293,2014,9,C_NLP3,0
1293,2014,9,D_1K,0
1293,2014,9,P_LK98,0
1293,2014,9,P_NLP3,0
1293,2014,9,Input_#3_C_1K,40.6666666666667
1293,2014,9,Input_#3_C_LK98,92.5
1293,2014,9,Input_#3_C_NLP3,64
1293,2014,9,Input_#3_D_1K,196042.09
1293,2014,9,Input_#3_P_LK98,464419
1293,2014,9,Input_#3_P_NLP3,327072.788333333
1294,2014,10,RM Category,7.5 rm
1294,2014,10,C.LK98,
1294,2014,10,P.LK98,
1294,2014,10,C.1K,
1294,2014,10,D.1K,
1294,2014,10,C.NLP3,
1294,2014,10,P.NLP3,
1294,2014,10,C_1K,0
1294,2014,10,C_LK98,0
1294,2014,10,C_NLP3,0
1294,2014,10,D_1K,0
1294,2014,10,P_LK98,0
1294,2014,10,P_NLP3,0
1294,2014,10,Input_#3_C_1K,24.3333333333333
1294,2014,10,Input_#3_C_LK98,42.5
1294,2014,10,Input_#3_C_NLP3,30.3333333333333
1294,2014,10,Input_#3_D_1K,117391.756666667
1294,2014,10,Input_#3_P_LK98,212772
1294,2014,10,Input_#3_P_NLP3,154076.121666667
1295,2014,11,RM Category,7.5 rm
1295,2014,11,C.LK98,
1295,2014,11,P.LK98,
1295,2014,11,C.1K,
1295,2014,11,D.1K,
1295,2014,11,C.NLP3,
1295,2014,11,P.NLP3,
1295,2014,11,C_1K,0
1295,2014,11,C_LK98,0
1295,2014,11,C_NLP3,0
1295,2014,11,D_1K,0
1295,2014,11,P_LK98,0
1295,2014,11,P_NLP3,0
1295,2014,11,Input_#3_C_1K,14
1295,2014,11,Input_#3_C_LK98,23.1666666666667
1295,2014,11,Input_#3_C_NLP3,16.1666666666667
1295,2014,11,Input_#3_D_1K,64169.0233333333
1295,2014,11,Input_#3_P_LK98,114203.666666667
1295,2014,11,Input_#3_P_NLP3,82119.155
1296,2014,12,RM Category,7.5 rm
1296,2014,12,C.LK98,
1296,2014,12,P.LK98,
1296,2014,12,C.1K,
1296,2014,12,D.1K,
1296,2014,12,C.NLP3,
1296,2014,12,P.NLP3,
1296,2014,12,C_1K,0
1296,2014,12,C_LK98,0
1296,2014,12,C_NLP3,0
1296,2014,12,D_1K,0
1296,2014,12,P_LK98,0
1296,2014,12,P_NLP3,0
1296,2014,12,Input_#3_C_1K,0
1296,2014,12,Input_#3_C_LK98,0
1296,2014,12,Input_#3_C_NLP3,0
1296,2014,12,Input_#3_D_1K,0
1296,2014,12,Input_#3_P_LK98,0
1296,2014,12,Input_#3_P_NLP3,0
1297,2009,1,RM Category,75 rm
1297,2009,1,C.LK98,112
1297,2009,1,P.LK98,2677164
1297,2009,1,C.1K,24
1297,2009,1,D.1K,498820
1297,2009,1,C.NLP3,88
1297,2009,1,P.NLP3,2178344
1297,2009,1,C_1K,24
1297,2009,1,C_LK98,112
1297,2009,1,C_NLP3,88
1297,2009,1,D_1K,498820
1297,2009,1,P_LK98,2677164
1297,2009,1,P_NLP3,2178344
1297,2009,1,Input_#3_C_1K,4
1297,2009,1,Input_#3_C_LK98,18.6666666666667
1297,2009,1,Input_#3_C_NLP3,14.6666666666667
1297,2009,1,Input_#3_D_1K,83136.6666666667
1297,2009,1,Input_#3_P_LK98,446194
1297,2009,1,Input_#3_P_NLP3,363057.333333333
1298,2009,2,RM Category,75 rm
1298,2009,2,C.LK98,102
1298,2009,2,P.LK98,2242996
1298,2009,2,C.1K,20
1298,2009,2,D.1K,447040
1298,2009,2,C.NLP3,82
1298,2009,2,P.NLP3,1795956
1298,2009,2,C_1K,22.6666666666667
1298,2009,2,C_LK98,108.666666666667
1298,2009,2,C_NLP3,86
1298,2009,2,D_1K,481560
1298,2009,2,P_LK98,2532441.33333333
1298,2009,2,P_NLP3,2050881.33333333
1298,2009,2,Input_#3_C_1K,7.33333333333333
1298,2009,2,Input_#3_C_LK98,35.6666666666667
1298,2009,2,Input_#3_C_NLP3,28.3333333333333
1298,2009,2,Input_#3_D_1K,157643.333333333
1298,2009,2,Input_#3_P_LK98,820026.666666667
1298,2009,2,Input_#3_P_NLP3,662383.333333333
1299,2009,3,RM Category,75 rm
1299,2009,3,C.LK98,142
1299,2009,3,P.LK98,3259452
1299,2009,3,C.1K,30
1299,2009,3,D.1K,598424
1299,2009,3,C.NLP3,112
1299,2009,3,P.NLP3,2661028
1299,2009,3,C_1K,24.6666666666667
1299,2009,3,C_LK98,118.666666666667
1299,2009,3,C_NLP3,94
1299,2009,3,D_1K,514761.333333333
1299,2009,3,P_LK98,2726537.33333333
1299,2009,3,P_NLP3,2211776
1299,2009,3,Input_#3_C_1K,12.3333333333333
1299,2009,3,Input_#3_C_LK98,59.3333333333333
1299,2009,3,Input_#3_C_NLP3,47
1299,2009,3,Input_#3_D_1K,257380.666666667
1299,2009,3,Input_#3_P_LK98,1363268.66666667
1299,2009,3,Input_#3_P_NLP3,1105888
1300,2009,4,RM Category,75 rm
1300,2009,4,C.LK98,76
1300,2009,4,P.LK98,1696502
1300,2009,4,C.1K,16
1300,2009,4,D.1K,327728
1300,2009,4,C.NLP3,60
1300,2009,4,P.NLP3,1368774
1300,2009,4,C_1K,22
1300,2009,4,C_LK98,106.666666666667
1300,2009,4,C_NLP3,84.6666666666667
1300,2009,4,D_1K,457730.666666667
1300,2009,4,P_LK98,2399650
1300,2009,4,P_NLP3,1941919.33333333
1300,2009,4,Input_#3_C_1K,15
1300,2009,4,Input_#3_C_LK98,72
1300,2009,4,Input_#3_C_NLP3,57
1300,2009,4,Input_#3_D_1K,312002
1300,2009,4,Input_#3_P_LK98,1646019
1300,2009,4,Input_#3_P_NLP3,1334017
1301,2009,5,RM Category,75 rm
1301,2009,5,C.LK98,110
1301,2009,5,P.LK98,2418344
1301,2009,5,C.1K,36
1301,2009,5,D.1K,782046
1301,2009,5,C.NLP3,74
1301,2009,5,P.NLP3,1636298
1301,2009,5,C_1K,27.3333333333333
1301,2009,5,C_LK98,109.333333333333
1301,2009,5,C_NLP3,82
1301,2009,5,D_1K,569399.333333333
1301,2009,5,P_LK98,2458099.33333333
1301,2009,5,P_NLP3,1888700
1301,2009,5,Input_#3_C_1K,21
1301,2009,5,Input_#3_C_LK98,90.3333333333333
1301,2009,5,Input_#3_C_NLP3,69.3333333333333
1301,2009,5,Input_#3_D_1K,442343
1301,2009,5,Input_#3_P_LK98,2049076.33333333
1301,2009,5,Input_#3_P_NLP3,1606733.33333333
1302,2009,6,RM Category,75 rm
1302,2009,6,C.LK98,118
1302,2009,6,P.LK98,2514022
1302,2009,6,C.1K,26
1302,2009,6,D.1K,562520
1302,2009,6,C.NLP3,92
1302,2009,6,P.NLP3,1951502
1302,2009,6,C_1K,26
1302,2009,6,C_LK98,101.333333333333
1302,2009,6,C_NLP3,75.3333333333333
1302,2009,6,D_1K,557431.333333333
1302,2009,6,P_LK98,2209622.66666667
1302,2009,6,P_NLP3,1652191.33333333
1302,2009,6,Input_#3_C_1K,25.3333333333333
1302,2009,6,Input_#3_C_LK98,110
1302,2009,6,Input_#3_C_NLP3,84.6666666666667
1302,2009,6,Input_#3_D_1K,536096.333333333
1302,2009,6,Input_#3_P_LK98,2468080
1302,2009,6,Input_#3_P_NLP3,1931983.66666667
1303,2009,7,RM Category,75 rm
1303,2009,7,C.LK98,104
1303,2009,7,P.LK98,2457758
1303,2009,7,C.1K,20
1303,2009,7,D.1K,430028
1303,2009,7,C.NLP3,84
1303,2009,7,P.NLP3,2027730
1303,2009,7,C_1K,27.3333333333333
1303,2009,7,C_LK98,110.666666666667
1303,2009,7,C_NLP3,83.3333333333333
1303,2009,7,D_1K,591531.333333333
1303,2009,7,P_LK98,2463374.66666667
1303,2009,7,P_NLP3,1871843.33333333
1303,2009,7,Input_#3_C_1K,24.6666666666667
1303,2009,7,Input_#3_C_LK98,108.666666666667
1303,2009,7,Input_#3_C_NLP3,84
1303,2009,7,Input_#3_D_1K,524631
1303,2009,7,Input_#3_P_LK98,2431512.33333333
1303,2009,7,Input_#3_P_NLP3,1906881.33333333
1304,2009,8,RM Category,75 rm
1304,2009,8,C.LK98,74
1304,2009,8,P.LK98,1708694
1304,2009,8,C.1K,26
1304,2009,8,D.1K,547006
1304,2009,8,C.NLP3,48
1304,2009,8,P.NLP3,1161688
1304,2009,8,C_1K,24
1304,2009,8,C_LK98,98.6666666666667
1304,2009,8,C_NLP3,74.6666666666667
1304,2009,8,D_1K,513184.666666667
1304,2009,8,P_LK98,2226824.66666667
1304,2009,8,P_NLP3,1713640
1304,2009,8,Input_#3_C_1K,25.6666666666667
1304,2009,8,Input_#3_C_LK98,104
1304,2009,8,Input_#3_C_NLP3,78.3333333333333
1304,2009,8,Input_#3_D_1K,541292
1304,2009,8,Input_#3_P_LK98,2342462
1304,2009,8,Input_#3_P_NLP3,1801170
1305,2009,9,RM Category,75 rm
1305,2009,9,C.LK98,120
1305,2009,9,P.LK98,2490620
1305,2009,9,C.1K,40
1305,2009,9,D.1K,786474
1305,2009,9,C.NLP3,80
1305,2009,9,P.NLP3,1704146
1305,2009,9,C_1K,28.6666666666667
1305,2009,9,C_LK98,99.3333333333333
1305,2009,9,C_NLP3,70.6666666666667
1305,2009,9,D_1K,587836
1305,2009,9,P_LK98,2219024
1305,2009,9,P_NLP3,1631188
1305,2009,9,Input_#3_C_1K,27.3333333333333
1305,2009,9,Input_#3_C_LK98,100.333333333333
1305,2009,9,Input_#3_C_NLP3,73
1305,2009,9,Input_#3_D_1K,572633.666666667
1305,2009,9,Input_#3_P_LK98,2214323.33333333
1305,2009,9,Input_#3_P_NLP3,1641689.66666667
1306,2009,10,RM Category,75 rm
1306,2009,10,C.LK98,98
1306,2009,10,P.LK98,2155344
1306,2009,10,C.1K,24
1306,2009,10,D.1K,469042
1306,2009,10,C.NLP3,74
1306,2009,10,P.NLP3,1686302
1306,2009,10,C_1K,30
1306,2009,10,C_LK98,97.3333333333333
1306,2009,10,C_NLP3,67.3333333333333
1306,2009,10,D_1K,600840.666666667
1306,2009,10,P_LK98,2118219.33333333
1306,2009,10,P_NLP3,1517378.66666667
1306,2009,10,Input_#3_C_1K,28.6666666666667
1306,2009,10,Input_#3_C_LK98,104
1306,2009,10,Input_#3_C_NLP3,75.3333333333333
1306,2009,10,Input_#3_D_1K,596186
1306,2009,10,Input_#3_P_LK98,2290797
1306,2009,10,Input_#3_P_NLP3,1694611
1307,2009,11,RM Category,75 rm
1307,2009,11,C.LK98,128
1307,2009,11,P.LK98,2682766
1307,2009,11,C.1K,20
1307,2009,11,D.1K,378084
1307,2009,11,C.NLP3,108
1307,2009,11,P.NLP3,2304682
1307,2009,11,C_1K,28
1307,2009,11,C_LK98,115.333333333333
1307,2009,11,C_NLP3,87.3333333333333
1307,2009,11,D_1K,544533.333333333
1307,2009,11,P_LK98,2442910
1307,2009,11,P_NLP3,1898376.66666667
1307,2009,11,Input_#3_C_1K,26
1307,2009,11,Input_#3_C_LK98,107
1307,2009,11,Input_#3_C_NLP3,81
1307,2009,11,Input_#3_D_1K,528859
1307,2009,11,Input_#3_P_LK98,2334867.33333333
1307,2009,11,Input_#3_P_NLP3,1806008.33333333
1308,2009,12,RM Category,75 rm
1308,2009,12,C.LK98,138
1308,2009,12,P.LK98,3163496
1308,2009,12,C.1K,30
1308,2009,12,D.1K,651520
1308,2009,12,C.NLP3,108
1308,2009,12,P.NLP3,2511976
1308,2009,12,C_1K,24.6666666666667
1308,2009,12,C_LK98,121.333333333333
1308,2009,12,C_NLP3,96.6666666666667
1308,2009,12,D_1K,499548.666666667
1308,2009,12,P_LK98,2667202
1308,2009,12,P_NLP3,2167653.33333333
1308,2009,12,Input_#3_C_1K,26.6666666666667
1308,2009,12,Input_#3_C_LK98,110.333333333333
1308,2009,12,Input_#3_C_NLP3,83.6666666666667
1308,2009,12,Input_#3_D_1K,543692.333333333
1308,2009,12,Input_#3_P_LK98,2443113
1308,2009,12,Input_#3_P_NLP3,1899420.66666667
1309,2010,1,RM Category,75 rm
1309,2010,1,C.LK98,102
1309,2010,1,P.LK98,2143662
1309,2010,1,C.1K,14
1309,2010,1,D.1K,264164
1309,2010,1,C.NLP3,88
1309,2010,1,P.NLP3,1879498
1309,2010,1,C_1K,21.3333333333333
1309,2010,1,C_LK98,122.666666666667
1309,2010,1,C_NLP3,101.333333333333
1309,2010,1,D_1K,431256
1309,2010,1,P_LK98,2663308
1309,2010,1,P_NLP3,2232052
1309,2010,1,Input_#3_C_1K,25.6666666666667
1309,2010,1,Input_#3_C_LK98,110
1309,2010,1,Input_#3_C_NLP3,84.3333333333333
1309,2010,1,Input_#3_D_1K,516048.333333333
1309,2010,1,Input_#3_P_LK98,2390763.66666667
1309,2010,1,Input_#3_P_NLP3,1874715.33333333
1310,2010,2,RM Category,75 rm
1310,2010,2,C.LK98,130
1310,2010,2,P.LK98,2964116
1310,2010,2,C.1K,28
1310,2010,2,D.1K,599716
1310,2010,2,C.NLP3,102
1310,2010,2,P.NLP3,2364400
1310,2010,2,C_1K,24
1310,2010,2,C_LK98,123.333333333333
1310,2010,2,C_NLP3,99.3333333333333
1310,2010,2,D_1K,505133.333333333
1310,2010,2,P_LK98,2757091.33333333
1310,2010,2,P_NLP3,2251958
1310,2010,2,Input_#3_C_1K,26
1310,2010,2,Input_#3_C_LK98,119.333333333333
1310,2010,2,Input_#3_C_NLP3,93.3333333333333
1310,2010,2,Input_#3_D_1K,524833.333333333
1310,2010,2,Input_#3_P_LK98,2600000.66666667
1310,2010,2,Input_#3_P_NLP3,2075167.33333333
1311,2010,3,RM Category,75 rm
1311,2010,3,C.LK98,176
1311,2010,3,P.LK98,3920064
1311,2010,3,C.1K,44
1311,2010,3,D.1K,888412
1311,2010,3,C.NLP3,132
1311,2010,3,P.NLP3,3031652
1311,2010,3,C_1K,28.6666666666667
1311,2010,3,C_LK98,136
1311,2010,3,C_NLP3,107.333333333333
1311,2010,3,D_1K,584097.333333333
1311,2010,3,P_LK98,3009280.66666667
1311,2010,3,P_NLP3,2425183.33333333
1311,2010,3,Input_#3_C_1K,26.6666666666667
1311,2010,3,Input_#3_C_LK98,128.666666666667
1311,2010,3,Input_#3_C_NLP3,102
1311,2010,3,Input_#3_D_1K,541823
1311,2010,3,Input_#3_P_LK98,2838241.33333333
1311,2010,3,Input_#3_P_NLP3,2296418.33333333
1312,2010,4,RM Category,75 rm
1312,2010,4,C.LK98,136
1312,2010,4,P.LK98,2928260
1312,2010,4,C.1K,40
1312,2010,4,D.1K,838734
1312,2010,4,C.NLP3,96
1312,2010,4,P.NLP3,2089526
1312,2010,4,C_1K,37.3333333333333
1312,2010,4,C_LK98,147.333333333333
1312,2010,4,C_NLP3,110
1312,2010,4,D_1K,775620.666666667
1312,2010,4,P_LK98,3270813.33333333
1312,2010,4,P_NLP3,2495192.66666667
1312,2010,4,Input_#3_C_1K,29.3333333333333
1312,2010,4,Input_#3_C_LK98,135
1312,2010,4,Input_#3_C_NLP3,105.666666666667
1312,2010,4,Input_#3_D_1K,603438.333333333
1312,2010,4,Input_#3_P_LK98,2967060.66666667
1312,2010,4,Input_#3_P_NLP3,2363622.33333333
1313,2010,5,RM Category,75 rm
1313,2010,5,C.LK98,142
1313,2010,5,P.LK98,3235608
1313,2010,5,C.1K,32
1313,2010,5,D.1K,705082
1313,2010,5,C.NLP3,110
1313,2010,5,P.NLP3,2530526
1313,2010,5,C_1K,38.6666666666667
1313,2010,5,C_LK98,151.333333333333
1313,2010,5,C_NLP3,112.666666666667
1313,2010,5,D_1K,810742.666666667
1313,2010,5,P_LK98,3361310.66666667
1313,2010,5,P_NLP3,2550568
1313,2010,5,Input_#3_C_1K,31.3333333333333
1313,2010,5,Input_#3_C_LK98,137.333333333333
1313,2010,5,Input_#3_C_NLP3,106
1313,2010,5,Input_#3_D_1K,657938
1313,2010,5,Input_#3_P_LK98,3059201
1313,2010,5,Input_#3_P_NLP3,2401263
1314,2010,6,RM Category,75 rm
1314,2010,6,C.LK98,156
1314,2010,6,P.LK98,3655308
1314,2010,6,C.1K,46
1314,2010,6,D.1K,956924
1314,2010,6,C.NLP3,110
1314,2010,6,P.NLP3,2698384
1314,2010,6,C_1K,39.3333333333333
1314,2010,6,C_LK98,144.666666666667
1314,2010,6,C_NLP3,105.333333333333
1314,2010,6,D_1K,833580
1314,2010,6,P_LK98,3273058.66666667
1314,2010,6,P_NLP3,2439478.66666667
1314,2010,6,Input_#3_C_1K,34
1314,2010,6,Input_#3_C_LK98,140.333333333333
1314,2010,6,Input_#3_C_NLP3,106.333333333333
1314,2010,6,Input_#3_D_1K,708838.666666667
1314,2010,6,Input_#3_P_LK98,3141169.66666667
1314,2010,6,Input_#3_P_NLP3,2432331
1315,2010,7,RM Category,75 rm
1315,2010,7,C.LK98,122
1315,2010,7,P.LK98,2908584
1315,2010,7,C.1K,38
1315,2010,7,D.1K,899234
1315,2010,7,C.NLP3,84
1315,2010,7,P.NLP3,2009350
1315,2010,7,C_1K,38.6666666666667
1315,2010,7,C_LK98,140
1315,2010,7,C_NLP3,101.333333333333
1315,2010,7,D_1K,853746.666666667
1315,2010,7,P_LK98,3266500
1315,2010,7,P_NLP3,2412753.33333333
1315,2010,7,Input_#3_C_1K,38
1315,2010,7,Input_#3_C_LK98,143.666666666667
1315,2010,7,Input_#3_C_NLP3,105.666666666667
1315,2010,7,Input_#3_D_1K,814683.666666667
1315,2010,7,Input_#3_P_LK98,3268656.66666667
1315,2010,7,Input_#3_P_NLP3,2453973
1316,2010,8,RM Category,75 rm
1316,2010,8,C.LK98,144
1316,2010,8,P.LK98,3379344
1316,2010,8,C.1K,38
1316,2010,8,D.1K,847566
1316,2010,8,C.NLP3,106
1316,2010,8,P.NLP3,2531778
1316,2010,8,C_1K,40.6666666666667
1316,2010,8,C_LK98,140.666666666667
1316,2010,8,C_NLP3,100
1316,2010,8,D_1K,901241.333333333
1316,2010,8,P_LK98,3314412
1316,2010,8,P_NLP3,2413170.66666667
1316,2010,8,Input_#3_C_1K,39.6666666666667
1316,2010,8,Input_#3_C_LK98,146
1316,2010,8,Input_#3_C_NLP3,106.333333333333
1316,2010,8,Input_#3_D_1K,855992
1316,2010,8,Input_#3_P_LK98,3337861.33333333
1316,2010,8,Input_#3_P_NLP3,2481869.33333333
1317,2010,9,RM Category,75 rm
1317,2010,9,C.LK98,136
1317,2010,9,P.LK98,3066858
1317,2010,9,C.1K,20
1317,2010,9,D.1K,432762
1317,2010,9,C.NLP3,116
1317,2010,9,P.NLP3,2634096
1317,2010,9,C_1K,32
1317,2010,9,C_LK98,134
1317,2010,9,C_NLP3,102
1317,2010,9,D_1K,726520.666666667
1317,2010,9,P_LK98,3118262
1317,2010,9,P_NLP3,2391741.33333333
1317,2010,9,Input_#3_C_1K,35.6666666666667
1317,2010,9,Input_#3_C_LK98,139.333333333333
1317,2010,9,Input_#3_C_NLP3,103.666666666667
1317,2010,9,Input_#3_D_1K,780050.333333333
1317,2010,9,Input_#3_P_LK98,3195660.33333333
1317,2010,9,Input_#3_P_NLP3,2415610
1318,2010,10,RM Category,75 rm
1318,2010,10,C.LK98,138
1318,2010,10,P.LK98,3219462
1318,2010,10,C.1K,28
1318,2010,10,D.1K,631510
1318,2010,10,C.NLP3,110
1318,2010,10,P.NLP3,2587952
1318,2010,10,C_1K,28.6666666666667
1318,2010,10,C_LK98,139.333333333333
1318,2010,10,C_NLP3,110.666666666667
1318,2010,10,D_1K,637279.333333333
1318,2010,10,P_LK98,3221888
1318,2010,10,P_NLP3,2584608.66666667
1318,2010,10,Input_#3_C_1K,33.6666666666667
1318,2010,10,Input_#3_C_LK98,139.666666666667
1318,2010,10,Input_#3_C_NLP3,106
1318,2010,10,Input_#3_D_1K,745513
1318,2010,10,Input_#3_P_LK98,3244194
1318,2010,10,Input_#3_P_NLP3,2498681
1319,2010,11,RM Category,75 rm
1319,2010,11,C.LK98,120
1319,2010,11,P.LK98,2714382
1319,2010,11,C.1K,26
1319,2010,11,D.1K,544848
1319,2010,11,C.NLP3,94
1319,2010,11,P.NLP3,2169534
1319,2010,11,C_1K,24.6666666666667
1319,2010,11,C_LK98,131.333333333333
1319,2010,11,C_NLP3,106.666666666667
1319,2010,11,D_1K,536373.333333333
1319,2010,11,P_LK98,3000234
1319,2010,11,P_NLP3,2463860.66666667
1319,2010,11,Input_#3_C_1K,32.6666666666667
1319,2010,11,Input_#3_C_LK98,136
1319,2010,11,Input_#3_C_NLP3,103.333333333333
1319,2010,11,Input_#3_D_1K,718807.333333333
1319,2010,11,Input_#3_P_LK98,3157323
1319,2010,11,Input_#3_P_NLP3,2438515.66666667
1320,2010,12,RM Category,75 rm
1320,2010,12,C.LK98,154
1320,2010,12,P.LK98,3354652
1320,2010,12,C.1K,32
1320,2010,12,D.1K,601750
1320,2010,12,C.NLP3,122
1320,2010,12,P.NLP3,2752902
1320,2010,12,C_1K,28.6666666666667
1320,2010,12,C_LK98,137.333333333333
1320,2010,12,C_NLP3,108.666666666667
1320,2010,12,D_1K,592702.666666667
1320,2010,12,P_LK98,3096165.33333333
1320,2010,12,P_NLP3,2503462.66666667
1320,2010,12,Input_#3_C_1K,30.3333333333333
1320,2010,12,Input_#3_C_LK98,135.666666666667
1320,2010,12,Input_#3_C_NLP3,105.333333333333
1320,2010,12,Input_#3_D_1K,659611.666666667
1320,2010,12,Input_#3_P_LK98,3107213.66666667
1320,2010,12,Input_#3_P_NLP3,2447602
1321,2011,1,RM Category,75 rm
1321,2011,1,C.LK98,128
1321,2011,1,P.LK98,2964672
1321,2011,1,C.1K,20
1321,2011,1,D.1K,394360
1321,2011,1,C.NLP3,108
1321,2011,1,P.NLP3,2570312
1321,2011,1,C_1K,26
1321,2011,1,C_LK98,134
1321,2011,1,C_NLP3,108
1321,2011,1,D_1K,513652.666666667
1321,2011,1,P_LK98,3011235.33333333
1321,2011,1,P_NLP3,2497582.66666667
1321,2011,1,Input_#3_C_1K,27.3333333333333
1321,2011,1,Input_#3_C_LK98,136.666666666667
1321,2011,1,Input_#3_C_NLP3,109.333333333333
1321,2011,1,Input_#3_D_1K,575466
1321,2011,1,Input_#3_P_LK98,3116561.66666667
1321,2011,1,Input_#3_P_NLP3,2541095.66666667
1322,2011,2,RM Category,75 rm
1322,2011,2,C.LK98,146
1322,2011,2,P.LK98,3307086
1322,2011,2,C.1K,22
1322,2011,2,D.1K,473516
1322,2011,2,C.NLP3,124
1322,2011,2,P.NLP3,2833570
1322,2011,2,C_1K,24.6666666666667
1322,2011,2,C_LK98,142.666666666667
1322,2011,2,C_NLP3,118
1322,2011,2,D_1K,489875.333333333
1322,2011,2,P_LK98,3208803.33333333
1322,2011,2,P_NLP3,2718928
1322,2011,2,Input_#3_C_1K,24.6666666666667
1322,2011,2,Input_#3_C_LK98,137
1322,2011,2,Input_#3_C_NLP3,112.333333333333
1322,2011,2,Input_#3_D_1K,513124.333333333
1322,2011,2,Input_#3_P_LK98,3104518.66666667
1322,2011,2,Input_#3_P_NLP3,2591394.33333333
1323,2011,3,RM Category,75 rm
1323,2011,3,C.LK98,214
1323,2011,3,P.LK98,4910300
1323,2011,3,C.1K,54
1323,2011,3,D.1K,1196386
1323,2011,3,C.NLP3,160
1323,2011,3,P.NLP3,3713914
1323,2011,3,C_1K,32
1323,2011,3,C_LK98,162.666666666667
1323,2011,3,C_NLP3,130.666666666667
1323,2011,3,D_1K,688087.333333333
1323,2011,3,P_LK98,3727352.66666667
1323,2011,3,P_NLP3,3039265.33333333
1323,2011,3,Input_#3_C_1K,30.3333333333333
1323,2011,3,Input_#3_C_LK98,150
1323,2011,3,Input_#3_C_NLP3,119.666666666667
1323,2011,3,Input_#3_D_1K,640395
1323,2011,3,Input_#3_P_LK98,3411759
1323,2011,3,Input_#3_P_NLP3,2771364
1324,2011,4,RM Category,75 rm
1324,2011,4,C.LK98,156
1324,2011,4,P.LK98,3542558
1324,2011,4,C.1K,50
1324,2011,4,D.1K,1013338
1324,2011,4,C.NLP3,106
1324,2011,4,P.NLP3,2529220
1324,2011,4,C_1K,42
1324,2011,4,C_LK98,172
1324,2011,4,C_NLP3,130
1324,2011,4,D_1K,894413.333333333
1324,2011,4,P_LK98,3919981.33333333
1324,2011,4,P_NLP3,3025568
1324,2011,4,Input_#3_C_1K,34
1324,2011,4,Input_#3_C_LK98,153
1324,2011,4,Input_#3_C_NLP3,119
1324,2011,4,Input_#3_D_1K,704033
1324,2011,4,Input_#3_P_LK98,3465608.33333333
1324,2011,4,Input_#3_P_NLP3,2761575.33333333
1325,2011,5,RM Category,75 rm
1325,2011,5,C.LK98,144
1325,2011,5,P.LK98,3496080
1325,2011,5,C.1K,46
1325,2011,5,D.1K,1169882
1325,2011,5,C.NLP3,98
1325,2011,5,P.NLP3,2326198
1325,2011,5,C_1K,50
1325,2011,5,C_LK98,171.333333333333
1325,2011,5,C_NLP3,121.333333333333
1325,2011,5,D_1K,1126535.33333333
1325,2011,5,P_LK98,3982979.33333333
1325,2011,5,P_NLP3,2856444
1325,2011,5,Input_#3_C_1K,37.3333333333333
1325,2011,5,Input_#3_C_LK98,157
1325,2011,5,Input_#3_C_NLP3,119.666666666667
1325,2011,5,Input_#3_D_1K,808205.333333333
1325,2011,5,Input_#3_P_LK98,3595891.33333333
1325,2011,5,Input_#3_P_NLP3,2787686
1326,2011,6,RM Category,75 rm
1326,2011,6,C.LK98,158
1326,2011,6,P.LK98,3675952
1326,2011,6,C.1K,42
1326,2011,6,D.1K,992146
1326,2011,6,C.NLP3,116
1326,2011,6,P.NLP3,2683806
1326,2011,6,C_1K,46
1326,2011,6,C_LK98,152.666666666667
1326,2011,6,C_NLP3,106.666666666667
1326,2011,6,D_1K,1058455.33333333
1326,2011,6,P_LK98,3571530
1326,2011,6,P_NLP3,2513074.66666667
1326,2011,6,Input_#3_C_1K,39
1326,2011,6,Input_#3_C_LK98,157.666666666667
1326,2011,6,Input_#3_C_NLP3,118.666666666667
1326,2011,6,Input_#3_D_1K,873271.333333333
1326,2011,6,Input_#3_P_LK98,3649441.33333333
1326,2011,6,Input_#3_P_NLP3,2776170
1327,2011,7,RM Category,75 rm
1327,2011,7,C.LK98,188
1327,2011,7,P.LK98,4337716
1327,2011,7,C.1K,36
1327,2011,7,D.1K,758748
1327,2011,7,C.NLP3,152
1327,2011,7,P.NLP3,3578968
1327,2011,7,C_1K,41.3333333333333
1327,2011,7,C_LK98,163.333333333333
1327,2011,7,C_NLP3,122
1327,2011,7,D_1K,973592
1327,2011,7,P_LK98,3836582.66666667
1327,2011,7,P_NLP3,2862990.66666667
1327,2011,7,Input_#3_C_1K,41.6666666666667
1327,2011,7,Input_#3_C_LK98,167.666666666667
1327,2011,7,Input_#3_C_NLP3,126
1327,2011,7,Input_#3_D_1K,934002.666666667
1327,2011,7,Input_#3_P_LK98,3878282
1327,2011,7,Input_#3_P_NLP3,2944279.33333333
1328,2011,8,RM Category,75 rm
1328,2011,8,C.LK98,160
1328,2011,8,P.LK98,3838156
1328,2011,8,C.1K,34
1328,2011,8,D.1K,788980
1328,2011,8,C.NLP3,126
1328,2011,8,P.NLP3,3049176
1328,2011,8,C_1K,37.3333333333333
1328,2011,8,C_LK98,168.666666666667
1328,2011,8,C_NLP3,131.333333333333
1328,2011,8,D_1K,846624.666666667
1328,2011,8,P_LK98,3950608
1328,2011,8,P_NLP3,3103983.33333333
1328,2011,8,Input_#3_C_1K,43.6666666666667
1328,2011,8,Input_#3_C_LK98,170
1328,2011,8,Input_#3_C_NLP3,126.333333333333
1328,2011,8,Input_#3_D_1K,986580
1328,2011,8,Input_#3_P_LK98,3966793.66666667
1328,2011,8,Input_#3_P_NLP3,2980213.66666667
1329,2011,9,RM Category,75 rm
1329,2011,9,C.LK98,182
1329,2011,9,P.LK98,4610902
1329,2011,9,C.1K,38
1329,2011,9,D.1K,868888
1329,2011,9,C.NLP3,144
1329,2011,9,P.NLP3,3742014
1329,2011,9,C_1K,36
1329,2011,9,C_LK98,176.666666666667
1329,2011,9,C_NLP3,140.666666666667
1329,2011,9,D_1K,805538.666666667
1329,2011,9,P_LK98,4262258
1329,2011,9,P_NLP3,3456719.33333333
1329,2011,9,Input_#3_C_1K,41
1329,2011,9,Input_#3_C_LK98,164.666666666667
1329,2011,9,Input_#3_C_NLP3,123.666666666667
1329,2011,9,Input_#3_D_1K,931997
1329,2011,9,Input_#3_P_LK98,3916894
1329,2011,9,Input_#3_P_NLP3,2984897
1330,2011,10,RM Category,75 rm
1330,2011,10,C.LK98,176
1330,2011,10,P.LK98,4030172
1330,2011,10,C.1K,44
1330,2011,10,D.1K,984622
1330,2011,10,C.NLP3,132
1330,2011,10,P.NLP3,3045550
1330,2011,10,C_1K,38.6666666666667
1330,2011,10,C_LK98,172.666666666667
1330,2011,10,C_NLP3,134
1330,2011,10,D_1K,880830
1330,2011,10,P_LK98,4159743.33333333
1330,2011,10,P_NLP3,3278913.33333333
1330,2011,10,Input_#3_C_1K,40
1330,2011,10,Input_#3_C_LK98,168
1330,2011,10,Input_#3_C_NLP3,128
1330,2011,10,Input_#3_D_1K,927211
1330,2011,10,Input_#3_P_LK98,3998163
1330,2011,10,Input_#3_P_NLP3,3070952
1331,2011,11,RM Category,75 rm
1331,2011,11,C.LK98,186
1331,2011,11,P.LK98,4452232
1331,2011,11,C.1K,46
1331,2011,11,D.1K,997184
1331,2011,11,C.NLP3,140
1331,2011,11,P.NLP3,3455048
1331,2011,11,C_1K,42.6666666666667
1331,2011,11,C_LK98,181.333333333333
1331,2011,11,C_NLP3,138.666666666667
1331,2011,11,D_1K,950231.333333333
1331,2011,11,P_LK98,4364435.33333333
1331,2011,11,P_NLP3,3414204
1331,2011,11,Input_#3_C_1K,40
1331,2011,11,Input_#3_C_LK98,175
1331,2011,11,Input_#3_C_NLP3,135
1331,2011,11,Input_#3_D_1K,898428
1331,2011,11,Input_#3_P_LK98,4157521.66666667
1331,2011,11,Input_#3_P_NLP3,3259093.66666667
1332,2011,12,RM Category,75 rm
1332,2011,12,C.LK98,204
1332,2011,12,P.LK98,5138814
1332,2011,12,C.1K,42
1332,2011,12,D.1K,972226
1332,2011,12,C.NLP3,162
1332,2011,12,P.NLP3,4166588
1332,2011,12,C_1K,44
1332,2011,12,C_LK98,188.666666666667
1332,2011,12,C_NLP3,144.666666666667
1332,2011,12,D_1K,984677.333333333
1332,2011,12,P_LK98,4540406
1332,2011,12,P_NLP3,3555728.66666667
1332,2011,12,Input_#3_C_1K,40
1332,2011,12,Input_#3_C_LK98,182.666666666667
1332,2011,12,Input_#3_C_NLP3,142.666666666667
1332,2011,12,Input_#3_D_1K,895108
1332,2011,12,Input_#3_P_LK98,4401332
1332,2011,12,Input_#3_P_NLP3,3506224
1333,2012,1,RM Category,75 rm
1333,2012,1,C.LK98,212
1333,2012,1,P.LK98,5140822
1333,2012,1,C.1K,62
1333,2012,1,D.1K,1516924
1333,2012,1,C.NLP3,150
1333,2012,1,P.NLP3,3623898
1333,2012,1,C_1K,50
1333,2012,1,C_LK98,200.666666666667
1333,2012,1,C_NLP3,150.666666666667
1333,2012,1,D_1K,1162111.33333333
1333,2012,1,P_LK98,4910622.66666667
1333,2012,1,P_NLP3,3748511.33333333
1333,2012,1,Input_#3_C_1K,44.3333333333333
1333,2012,1,Input_#3_C_LK98,186.666666666667
1333,2012,1,Input_#3_C_NLP3,142.333333333333
1333,2012,1,Input_#3_D_1K,1021470.66666667
1333,2012,1,Input_#3_P_LK98,4535183
1333,2012,1,Input_#3_P_NLP3,3513712.33333333
1334,2012,2,RM Category,75 rm
1334,2012,2,C.LK98,206
1334,2012,2,P.LK98,4908934
1334,2012,2,C.1K,52
1334,2012,2,D.1K,1114434
1334,2012,2,C.NLP3,154
1334,2012,2,P.NLP3,3794500
1334,2012,2,C_1K,52
1334,2012,2,C_LK98,207.333333333333
1334,2012,2,C_NLP3,155.333333333333
1334,2012,2,D_1K,1201194.66666667
1334,2012,2,P_LK98,5062856.66666667
1334,2012,2,P_NLP3,3861662
1334,2012,2,Input_#3_C_1K,47.3333333333333
1334,2012,2,Input_#3_C_LK98,194.333333333333
1334,2012,2,Input_#3_C_NLP3,147
1334,2012,2,Input_#3_D_1K,1075713
1334,2012,2,Input_#3_P_LK98,4713646
1334,2012,2,Input_#3_P_NLP3,3637933
1335,2012,3,RM Category,75 rm
1335,2012,3,C.LK98,242
1335,2012,3,P.LK98,6048344
1335,2012,3,C.1K,48
1335,2012,3,D.1K,1156890
1335,2012,3,C.NLP3,194
1335,2012,3,P.NLP3,4891454
1335,2012,3,C_1K,54
1335,2012,3,C_LK98,220
1335,2012,3,C_NLP3,166
1335,2012,3,D_1K,1262749.33333333
1335,2012,3,P_LK98,5366033.33333333
1335,2012,3,P_NLP3,4103284
1335,2012,3,Input_#3_C_1K,49
1335,2012,3,Input_#3_C_LK98,204.333333333333
1335,2012,3,Input_#3_C_NLP3,155.333333333333
1335,2012,3,Input_#3_D_1K,1123713.33333333
1335,2012,3,Input_#3_P_LK98,4953219.66666667
1335,2012,3,Input_#3_P_NLP3,3829506.33333333
1336,2012,4,RM Category,75 rm
1336,2012,4,C.LK98,212
1336,2012,4,P.LK98,5188806
1336,2012,4,C.1K,50
1336,2012,4,D.1K,1177526
1336,2012,4,C.NLP3,162
1336,2012,4,P.NLP3,4011280
1336,2012,4,C_1K,50
1336,2012,4,C_LK98,220
1336,2012,4,C_NLP3,170
1336,2012,4,D_1K,1149616.66666667
1336,2012,4,P_LK98,5382028
1336,2012,4,P_NLP3,4232411.33333333
1336,2012,4,Input_#3_C_1K,50
1336,2012,4,Input_#3_C_LK98,210.333333333333
1336,2012,4,Input_#3_C_NLP3,160.333333333333
1336,2012,4,Input_#3_D_1K,1155864
1336,2012,4,Input_#3_P_LK98,5146325.33333333
1336,2012,4,Input_#3_P_NLP3,3990461.33333333
1337,2012,5,RM Category,75 rm
1337,2012,5,C.LK98,200
1337,2012,5,P.LK98,4832522
1337,2012,5,C.1K,48
1337,2012,5,D.1K,1147420
1337,2012,5,C.NLP3,152
1337,2012,5,P.NLP3,3685102
1337,2012,5,C_1K,48.6666666666667
1337,2012,5,C_LK98,218
1337,2012,5,C_NLP3,169.333333333333
1337,2012,5,D_1K,1160612
1337,2012,5,P_LK98,5356557.33333333
1337,2012,5,P_NLP3,4195945.33333333
1337,2012,5,Input_#3_C_1K,50.3333333333333
1337,2012,5,Input_#3_C_LK98,212.666666666667
1337,2012,5,Input_#3_C_NLP3,162.333333333333
1337,2012,5,Input_#3_D_1K,1180903.33333333
1337,2012,5,Input_#3_P_LK98,5209707
1337,2012,5,Input_#3_P_NLP3,4028803.66666667
1338,2012,6,RM Category,75 rm
1338,2012,6,C.LK98,216
1338,2012,6,P.LK98,5284612
1338,2012,6,C.1K,52
1338,2012,6,D.1K,1399472
1338,2012,6,C.NLP3,164
1338,2012,6,P.NLP3,3885140
1338,2012,6,C_1K,50
1338,2012,6,C_LK98,209.333333333333
1338,2012,6,C_NLP3,159.333333333333
1338,2012,6,D_1K,1241472.66666667
1338,2012,6,P_LK98,5101980
1338,2012,6,P_NLP3,3860507.33333333
1338,2012,6,Input_#3_C_1K,52
1338,2012,6,Input_#3_C_LK98,214.666666666667
1338,2012,6,Input_#3_C_NLP3,162.666666666667
1338,2012,6,Input_#3_D_1K,1252111
1338,2012,6,Input_#3_P_LK98,5234006.66666667
1338,2012,6,Input_#3_P_NLP3,3981895.66666667
1339,2012,7,RM Category,75 rm
1339,2012,7,C.LK98,164
1339,2012,7,P.LK98,4177648
1339,2012,7,C.1K,36
1339,2012,7,D.1K,955114
1339,2012,7,C.NLP3,128
1339,2012,7,P.NLP3,3222534
1339,2012,7,C_1K,45.3333333333333
1339,2012,7,C_LK98,193.333333333333
1339,2012,7,C_NLP3,148
1339,2012,7,D_1K,1167335.33333333
1339,2012,7,P_LK98,4764927.33333333
1339,2012,7,P_NLP3,3597592
1339,2012,7,Input_#3_C_1K,47.6666666666667
1339,2012,7,Input_#3_C_LK98,206.666666666667
1339,2012,7,Input_#3_C_NLP3,159
1339,2012,7,Input_#3_D_1K,1158476
1339,2012,7,Input_#3_P_LK98,5073477.66666667
1339,2012,7,Input_#3_P_NLP3,3915001.66666667
1340,2012,8,RM Category,75 rm
1340,2012,8,C.LK98,226
1340,2012,8,P.LK98,5565062
1340,2012,8,C.1K,52
1340,2012,8,D.1K,1281028
1340,2012,8,C.NLP3,174
1340,2012,8,P.NLP3,4284034
1340,2012,8,C_1K,46.6666666666667
1340,2012,8,C_LK98,202
1340,2012,8,C_NLP3,155.333333333333
1340,2012,8,D_1K,1211871.33333333
1340,2012,8,P_LK98,5009107.33333333
1340,2012,8,P_NLP3,3797236
1340,2012,8,Input_#3_C_1K,47.6666666666667
1340,2012,8,Input_#3_C_LK98,210
1340,2012,8,Input_#3_C_NLP3,162.333333333333
1340,2012,8,Input_#3_D_1K,1186241.66666667
1340,2012,8,Input_#3_P_LK98,5182832.33333333
1340,2012,8,Input_#3_P_NLP3,3996590.66666667
1341,2012,9,RM Category,75 rm
1341,2012,9,C.LK98,242
1341,2012,9,P.LK98,5964876
1341,2012,9,C.1K,64
1341,2012,9,D.1K,1595410
1341,2012,9,C.NLP3,178
1341,2012,9,P.NLP3,4369466
1341,2012,9,C_1K,50.6666666666667
1341,2012,9,C_LK98,210.666666666667
1341,2012,9,C_NLP3,160
1341,2012,9,D_1K,1277184
1341,2012,9,P_LK98,5235862
1341,2012,9,P_NLP3,3958678
1341,2012,9,Input_#3_C_1K,50.3333333333333
1341,2012,9,Input_#3_C_LK98,210
1341,2012,9,Input_#3_C_NLP3,159.666666666667
1341,2012,9,Input_#3_D_1K,1259328.33333333
1341,2012,9,Input_#3_P_LK98,5168921
1341,2012,9,Input_#3_P_NLP3,3909592.66666667
1342,2012,10,RM Category,75 rm
1342,2012,10,C.LK98,246
1342,2012,10,P.LK98,6282174
1342,2012,10,C.1K,46
1342,2012,10,D.1K,1113124
1342,2012,10,C.NLP3,200
1342,2012,10,P.NLP3,5169050
1342,2012,10,C_1K,54
1342,2012,10,C_LK98,238
1342,2012,10,C_NLP3,184
1342,2012,10,D_1K,1329854
1342,2012,10,P_LK98,5937370.66666667
1342,2012,10,P_NLP3,4607516.66666667
1342,2012,10,Input_#3_C_1K,49.6666666666667
1342,2012,10,Input_#3_C_LK98,215.666666666667
1342,2012,10,Input_#3_C_NLP3,166
1342,2012,10,Input_#3_D_1K,1248594.66666667
1342,2012,10,Input_#3_P_LK98,5351149
1342,2012,10,Input_#3_P_NLP3,4102554.33333333
1343,2012,11,RM Category,75 rm
1343,2012,11,C.LK98,220
1343,2012,11,P.LK98,5432176
1343,2012,11,C.1K,74
1343,2012,11,D.1K,1817550
1343,2012,11,C.NLP3,146
1343,2012,11,P.NLP3,3614626
1343,2012,11,C_1K,61.3333333333333
1343,2012,11,C_LK98,236
1343,2012,11,C_NLP3,174.666666666667
1343,2012,11,D_1K,1508694.66666667
1343,2012,11,P_LK98,5893075.33333333
1343,2012,11,P_NLP3,4384380.66666667
1343,2012,11,Input_#3_C_1K,54
1343,2012,11,Input_#3_C_LK98,219
1343,2012,11,Input_#3_C_NLP3,165
1343,2012,11,Input_#3_D_1K,1360283
1343,2012,11,Input_#3_P_LK98,5451091.33333333
1343,2012,11,Input_#3_P_NLP3,4090808.33333333
1344,2012,12,RM Category,75 rm
1344,2012,12,C.LK98,176
1344,2012,12,P.LK98,4377046
1344,2012,12,C.1K,56
1344,2012,12,D.1K,1322158
1344,2012,12,C.NLP3,120
1344,2012,12,P.NLP3,3054888
1344,2012,12,C_1K,58.6666666666667
1344,2012,12,C_LK98,214
1344,2012,12,C_NLP3,155.333333333333
1344,2012,12,D_1K,1417610.66666667
1344,2012,12,P_LK98,5363798.66666667
1344,2012,12,P_NLP3,3946188
1344,2012,12,Input_#3_C_1K,54.6666666666667
1344,2012,12,Input_#3_C_LK98,212.333333333333
1344,2012,12,Input_#3_C_NLP3,157.666666666667
1344,2012,12,Input_#3_D_1K,1347397.33333333
1344,2012,12,Input_#3_P_LK98,5299830.33333333
1344,2012,12,Input_#3_P_NLP3,3952433
1345,2013,1,RM Category,75 rm
1345,2013,1,C.LK98,200
1345,2013,1,P.LK98,4967502
1345,2013,1,C.1K,36
1345,2013,1,D.1K,884452
1345,2013,1,C.NLP3,164
1345,2013,1,P.NLP3,4083050
1345,2013,1,C_1K,55.3333333333333
1345,2013,1,C_LK98,198.666666666667
1345,2013,1,C_NLP3,143.333333333333
1345,2013,1,D_1K,1341386.66666667
1345,2013,1,P_LK98,4925574.66666667
1345,2013,1,P_NLP3,3584188
1345,2013,1,Input_#3_C_1K,54.6666666666667
1345,2013,1,Input_#3_C_LK98,218.333333333333
1345,2013,1,Input_#3_C_NLP3,163.666666666667
1345,2013,1,Input_#3_D_1K,1335620.33333333
1345,2013,1,Input_#3_P_LK98,5431472.66666667
1345,2013,1,Input_#3_P_NLP3,4095852.33333333
1346,2013,2,RM Category,75 rm
1346,2013,2,C.LK98,210
1346,2013,2,P.LK98,5203832
1346,2013,2,C.1K,60
1346,2013,2,D.1K,1433880
1346,2013,2,C.NLP3,150
1346,2013,2,P.NLP3,3769952
1346,2013,2,C_1K,50.6666666666667
1346,2013,2,C_LK98,195.333333333333
1346,2013,2,C_NLP3,144.666666666667
1346,2013,2,D_1K,1213496.66666667
1346,2013,2,P_LK98,4849460
1346,2013,2,P_NLP3,3635963.33333333
1346,2013,2,Input_#3_C_1K,56
1346,2013,2,Input_#3_C_LK98,215.666666666667
1346,2013,2,Input_#3_C_NLP3,159.666666666667
1346,2013,2,Input_#3_D_1K,1361095.66666667
1346,2013,2,Input_#3_P_LK98,5371267.66666667
1346,2013,2,Input_#3_P_NLP3,4010172
1347,2013,3,RM Category,75 rm
1347,2013,3,C.LK98,220
1347,2013,3,P.LK98,5462242
1347,2013,3,C.1K,50
1347,2013,3,D.1K,1205188
1347,2013,3,C.NLP3,170
1347,2013,3,P.NLP3,4257054
1347,2013,3,C_1K,48.6666666666667
1347,2013,3,C_LK98,210
1347,2013,3,C_NLP3,161.333333333333
1347,2013,3,D_1K,1174506.66666667
1347,2013,3,P_LK98,5211192
1347,2013,3,P_NLP3,4036685.33333333
1347,2013,3,Input_#3_C_1K,53.6666666666667
1347,2013,3,Input_#3_C_LK98,212
1347,2013,3,Input_#3_C_NLP3,158.333333333333
1347,2013,3,Input_#3_D_1K,1296058.66666667
1347,2013,3,Input_#3_P_LK98,5287495.33333333
1347,2013,3,Input_#3_P_NLP3,3991436.66666667
1348,2013,4,RM Category,75 rm
1348,2013,4,C.LK98,164
1348,2013,4,P.LK98,4105564
1348,2013,4,C.1K,36
1348,2013,4,D.1K,800194
1348,2013,4,C.NLP3,128
1348,2013,4,P.NLP3,3305370
1348,2013,4,C_1K,48.6666666666667
1348,2013,4,C_LK98,198
1348,2013,4,C_NLP3,149.333333333333
1348,2013,4,D_1K,1146420.66666667
1348,2013,4,P_LK98,4923879.33333333
1348,2013,4,P_NLP3,3777458.66666667
1348,2013,4,Input_#3_C_1K,52
1348,2013,4,Input_#3_C_LK98,198.333333333333
1348,2013,4,Input_#3_C_NLP3,146.333333333333
1348,2013,4,Input_#3_D_1K,1243903.66666667
1348,2013,4,Input_#3_P_LK98,4924727
1348,2013,4,Input_#3_P_NLP3,3680823.33333333
1349,2013,5,RM Category,75 rm
1349,2013,5,C.LK98,240
1349,2013,5,P.LK98,5887774
1349,2013,5,C.1K,56
1349,2013,5,D.1K,1305454
1349,2013,5,C.NLP3,184
1349,2013,5,P.NLP3,4582320
1349,2013,5,C_1K,47.3333333333333
1349,2013,5,C_LK98,208
1349,2013,5,C_NLP3,160.666666666667
1349,2013,5,D_1K,1103612
1349,2013,5,P_LK98,5151860
1349,2013,5,P_NLP3,4048248
1349,2013,5,Input_#3_C_1K,49
1349,2013,5,Input_#3_C_LK98,201.666666666667
1349,2013,5,Input_#3_C_NLP3,152.666666666667
1349,2013,5,Input_#3_D_1K,1158554.33333333
1349,2013,5,Input_#3_P_LK98,5000660
1349,2013,5,Input_#3_P_NLP3,3842105.66666667
1350,2013,6,RM Category,75 rm
1350,2013,6,C.LK98,236
1350,2013,6,P.LK98,5671852
1350,2013,6,C.1K,56
1350,2013,6,D.1K,1389032
1350,2013,6,C.NLP3,180
1350,2013,6,P.NLP3,4282820
1350,2013,6,C_1K,49.3333333333333
1350,2013,6,C_LK98,213.333333333333
1350,2013,6,C_NLP3,164
1350,2013,6,D_1K,1164893.33333333
1350,2013,6,P_LK98,5221730
1350,2013,6,P_NLP3,4056836.66666667
1350,2013,6,Input_#3_C_1K,49
1350,2013,6,Input_#3_C_LK98,211.666666666667
1350,2013,6,Input_#3_C_NLP3,162.666666666667
1350,2013,6,Input_#3_D_1K,1169700
1350,2013,6,Input_#3_P_LK98,5216461
1350,2013,6,Input_#3_P_NLP3,4046761
1351,2013,7,RM Category,75 rm
1351,2013,7,C.LK98,198
1351,2013,7,P.LK98,4941012
1351,2013,7,C.1K,50
1351,2013,7,D.1K,1143524
1351,2013,7,C.NLP3,148
1351,2013,7,P.NLP3,3797488
1351,2013,7,C_1K,54
1351,2013,7,C_LK98,224.666666666667
1351,2013,7,C_NLP3,170.666666666667
1351,2013,7,D_1K,1279336.66666667
1351,2013,7,P_LK98,5500212.66666667
1351,2013,7,P_NLP3,4220876
1351,2013,7,Input_#3_C_1K,51.3333333333333
1351,2013,7,Input_#3_C_LK98,211.333333333333
1351,2013,7,Input_#3_C_NLP3,160
1351,2013,7,Input_#3_D_1K,1212878.66666667
1351,2013,7,Input_#3_P_LK98,5212046
1351,2013,7,Input_#3_P_NLP3,3999167.33333333
1352,2013,8,RM Category,75 rm
1352,2013,8,C.LK98,216
1352,2013,8,P.LK98,5413432
1352,2013,8,C.1K,58
1352,2013,8,D.1K,1374208
1352,2013,8,C.NLP3,158
1352,2013,8,P.NLP3,4039224
1352,2013,8,C_1K,54.6666666666667
1352,2013,8,C_LK98,216.666666666667
1352,2013,8,C_NLP3,162
1352,2013,8,D_1K,1302254.66666667
1352,2013,8,P_LK98,5342098.66666667
1352,2013,8,P_NLP3,4039844
1352,2013,8,Input_#3_C_1K,51
1352,2013,8,Input_#3_C_LK98,212.333333333333
1352,2013,8,Input_#3_C_NLP3,161.333333333333
1352,2013,8,Input_#3_D_1K,1202933.33333333
1352,2013,8,Input_#3_P_LK98,5246979.33333333
1352,2013,8,Input_#3_P_NLP3,4044046
1353,2013,9,RM Category,75 rm
1353,2013,9,C.LK98,236
1353,2013,9,P.LK98,5934418
1353,2013,9,C.1K,54
1353,2013,9,D.1K,1306022
1353,2013,9,C.NLP3,182
1353,2013,9,P.NLP3,4628396
1353,2013,9,C_1K,54
1353,2013,9,C_LK98,216.666666666667
1353,2013,9,C_NLP3,162.666666666667
1353,2013,9,D_1K,1274584.66666667
1353,2013,9,P_LK98,5429620.66666667
1353,2013,9,P_NLP3,4155036
1353,2013,9,Input_#3_C_1K,51.6666666666667
1353,2013,9,Input_#3_C_LK98,215
1353,2013,9,Input_#3_C_NLP3,163.333333333333
1353,2013,9,Input_#3_D_1K,1219739
1353,2013,9,Input_#3_P_LK98,5325675.33333333
1353,2013,9,Input_#3_P_NLP3,4105936.33333333
1354,2013,10,RM Category,75 rm
1354,2013,10,C.LK98,192
1354,2013,10,P.LK98,4847446
1354,2013,10,C.1K,22
1354,2013,10,D.1K,501724
1354,2013,10,C.NLP3,170
1354,2013,10,P.NLP3,4345722
1354,2013,10,C_1K,44.6666666666667
1354,2013,10,C_LK98,214.666666666667
1354,2013,10,C_NLP3,170
1354,2013,10,D_1K,1060651.33333333
1354,2013,10,P_LK98,5398432
1354,2013,10,P_NLP3,4337780.66666667
1354,2013,10,Input_#3_C_1K,49.3333333333333
1354,2013,10,Input_#3_C_LK98,219.666666666667
1354,2013,10,Input_#3_C_NLP3,170.333333333333
1354,2013,10,Input_#3_D_1K,1169994
1354,2013,10,Input_#3_P_LK98,5449322.33333333
1354,2013,10,Input_#3_P_NLP3,4279328.33333333
1355,2013,11,RM Category,75 rm
1355,2013,11,C.LK98,192
1355,2013,11,P.LK98,5226836
1355,2013,11,C.1K,38
1355,2013,11,D.1K,900000
1355,2013,11,C.NLP3,154
1355,2013,11,P.NLP3,4326836
1355,2013,11,C_1K,38
1355,2013,11,C_LK98,206.666666666667
1355,2013,11,C_NLP3,168.666666666667
1355,2013,11,D_1K,902582
1355,2013,11,P_LK98,5336233.33333333
1355,2013,11,P_NLP3,4433651.33333333
1355,2013,11,Input_#3_C_1K,46.3333333333333
1355,2013,11,Input_#3_C_LK98,211.666666666667
1355,2013,11,Input_#3_C_NLP3,165.333333333333
1355,2013,11,Input_#3_D_1K,1102418.33333333
1355,2013,11,Input_#3_P_LK98,5339166
1355,2013,11,Input_#3_P_NLP3,4236747.66666667
1356,2013,12,RM Category,75 rm
1356,2013,12,C.LK98,252
1356,2013,12,P.LK98,6595592
1356,2013,12,C.1K,78
1356,2013,12,D.1K,1914252
1356,2013,12,C.NLP3,174
1356,2013,12,P.NLP3,4681340
1356,2013,12,C_1K,46
1356,2013,12,C_LK98,212
1356,2013,12,C_NLP3,166
1356,2013,12,D_1K,1105325.33333333
1356,2013,12,P_LK98,5556624.66666667
1356,2013,12,P_NLP3,4451299.33333333
1356,2013,12,Input_#3_C_1K,50
1356,2013,12,Input_#3_C_LK98,214.333333333333
1356,2013,12,Input_#3_C_NLP3,164.333333333333
1356,2013,12,Input_#3_D_1K,1189955
1356,2013,12,Input_#3_P_LK98,5493122.66666667
1356,2013,12,Input_#3_P_NLP3,4303167.66666667
1357,2014,1,RM Category,75 rm
1357,2014,1,C.LK98,218
1357,2014,1,P.LK98,5635656
1357,2014,1,C.1K,52
1357,2014,1,D.1K,1285330
1357,2014,1,C.NLP3,166
1357,2014,1,P.NLP3,4350326
1357,2014,1,C_1K,56
1357,2014,1,C_LK98,220.666666666667
1357,2014,1,C_NLP3,164.666666666667
1357,2014,1,D_1K,1366527.33333333
1357,2014,1,P_LK98,5819361.33333333
1357,2014,1,P_NLP3,4452834
1357,2014,1,Input_#3_C_1K,50.3333333333333
1357,2014,1,Input_#3_C_LK98,217.666666666667
1357,2014,1,Input_#3_C_NLP3,167.333333333333
1357,2014,1,Input_#3_D_1K,1213589.33333333
1357,2014,1,Input_#3_P_LK98,5608896.66666667
1357,2014,1,Input_#3_P_NLP3,4395307.33333333
1358,2014,2,RM Category,75 rm
1358,2014,2,C.LK98,208
1358,2014,2,P.LK98,5542414
1358,2014,2,C.1K,56
1358,2014,2,D.1K,1572580
1358,2014,2,C.NLP3,152
1358,2014,2,P.NLP3,3969834
1358,2014,2,C_1K,62
1358,2014,2,C_LK98,226
1358,2014,2,C_NLP3,164
1358,2014,2,D_1K,1590720.66666667
1358,2014,2,P_LK98,5924554
1358,2014,2,P_NLP3,4333833.33333333
1358,2014,2,Input_#3_C_1K,50
1358,2014,2,Input_#3_C_LK98,216.333333333333
1358,2014,2,Input_#3_C_NLP3,166.333333333333
1358,2014,2,Input_#3_D_1K,1246651.33333333
1358,2014,2,Input_#3_P_LK98,5630393.66666667
1358,2014,2,Input_#3_P_NLP3,4383742.33333333
1359,2014,3,RM Category,75 rm
1359,2014,3,C.LK98,200
1359,2014,3,P.LK98,5063774
1359,2014,3,C.1K,50
1359,2014,3,D.1K,1236018
1359,2014,3,C.NLP3,150
1359,2014,3,P.NLP3,3827756
1359,2014,3,C_1K,52.6666666666667
1359,2014,3,C_LK98,208.666666666667
1359,2014,3,C_NLP3,156
1359,2014,3,D_1K,1364642.66666667
1359,2014,3,P_LK98,5413948
1359,2014,3,P_NLP3,4049305.33333333
1359,2014,3,Input_#3_C_1K,49.3333333333333
1359,2014,3,Input_#3_C_LK98,210.333333333333
1359,2014,3,Input_#3_C_NLP3,161
1359,2014,3,Input_#3_D_1K,1234984
1359,2014,3,Input_#3_P_LK98,5485286.33333333
1359,2014,3,Input_#3_P_NLP3,4250302.33333333
1360,2014,4,RM Category,75 rm
1360,2014,4,C.LK98,196
1360,2014,4,P.LK98,5210746
1360,2014,4,C.1K,68
1360,2014,4,D.1K,1890194
1360,2014,4,C.NLP3,128
1360,2014,4,P.NLP3,3320552
1360,2014,4,C_1K,58
1360,2014,4,C_LK98,201.333333333333
1360,2014,4,C_NLP3,143.333333333333
1360,2014,4,D_1K,1566264
1360,2014,4,P_LK98,5272311.33333333
1360,2014,4,P_NLP3,3706047.33333333
1360,2014,4,Input_#3_C_1K,57
1360,2014,4,Input_#3_C_LK98,211
1360,2014,4,Input_#3_C_NLP3,154
1360,2014,4,Input_#3_D_1K,1466395.66666667
1360,2014,4,Input_#3_P_LK98,5545836.33333333
1360,2014,4,Input_#3_P_NLP3,4079440.66666667
1361,2014,5,RM Category,75 rm
1361,2014,5,C.LK98,186
1361,2014,5,P.LK98,4572086
1361,2014,5,C.1K,44
1361,2014,5,D.1K,1114995.8
1361,2014,5,C.NLP3,142
1361,2014,5,P.NLP3,3457090.2
1361,2014,5,C_1K,54
1361,2014,5,C_LK98,194
1361,2014,5,C_NLP3,140
1361,2014,5,D_1K,1413735.93333333
1361,2014,5,P_LK98,4948868.66666667
1361,2014,5,P_NLP3,3535132.73333333
1361,2014,5,Input_#3_C_1K,58
1361,2014,5,Input_#3_C_LK98,210
1361,2014,5,Input_#3_C_NLP3,152
1361,2014,5,Input_#3_D_1K,1502228.3
1361,2014,5,Input_#3_P_LK98,5436711.33333333
1361,2014,5,Input_#3_P_NLP3,3934483.03333333
1362,2014,6,RM Category,75 rm
1362,2014,6,C.LK98,208
1362,2014,6,P.LK98,5458388
1362,2014,6,C.1K,54
1362,2014,6,D.1K,1346500.1
1362,2014,6,C.NLP3,154
1362,2014,6,P.NLP3,4111887.9
1362,2014,6,C_1K,55.3333333333333
1362,2014,6,C_LK98,196.666666666667
1362,2014,6,C_NLP3,141.333333333333
1362,2014,6,D_1K,1450563.3
1362,2014,6,P_LK98,5080406.66666667
1362,2014,6,P_NLP3,3629843.36666667
1362,2014,6,Input_#3_C_1K,54
1362,2014,6,Input_#3_C_LK98,202.666666666667
1362,2014,6,Input_#3_C_NLP3,148.666666666667
1362,2014,6,Input_#3_D_1K,1407602.98333333
1362,2014,6,Input_#3_P_LK98,5247177.33333333
1362,2014,6,Input_#3_P_NLP3,3839574.35
1363,2014,7,RM Category,75 rm
1363,2014,7,C.LK98,
1363,2014,7,P.LK98,
1363,2014,7,C.1K,
1363,2014,7,D.1K,
1363,2014,7,C.NLP3,
1363,2014,7,P.NLP3,
1363,2014,7,C_1K,32.6666666666667
1363,2014,7,C_LK98,131.333333333333
1363,2014,7,C_NLP3,98.6666666666667
1363,2014,7,D_1K,820498.633333333
1363,2014,7,P_LK98,3343491.33333333
1363,2014,7,P_NLP3,2522992.7
1363,2014,7,Input_#3_C_1K,45.3333333333333
1363,2014,7,Input_#3_C_LK98,166.333333333333
1363,2014,7,Input_#3_C_NLP3,121
1363,2014,7,Input_#3_D_1K,1193381.31666667
1363,2014,7,Input_#3_P_LK98,4307901.33333333
1363,2014,7,Input_#3_P_NLP3,3114520.01666667
1364,2014,8,RM Category,75 rm
1364,2014,8,C.LK98,
1364,2014,8,P.LK98,
1364,2014,8,C.1K,
1364,2014,8,D.1K,
1364,2014,8,C.NLP3,
1364,2014,8,P.NLP3,
1364,2014,8,C_1K,18
1364,2014,8,C_LK98,69.3333333333333
1364,2014,8,C_NLP3,51.3333333333333
1364,2014,8,D_1K,448833.366666667
1364,2014,8,P_LK98,1819462.66666667
1364,2014,8,P_NLP3,1370629.3
1364,2014,8,Input_#3_C_1K,36
1364,2014,8,Input_#3_C_LK98,131.666666666667
1364,2014,8,Input_#3_C_NLP3,95.6666666666667
1364,2014,8,Input_#3_D_1K,931284.65
1364,2014,8,Input_#3_P_LK98,3384165.66666667
1364,2014,8,Input_#3_P_NLP3,2452881.01666667
1365,2014,9,RM Category,75 rm
1365,2014,9,C.LK98,
1365,2014,9,P.LK98,
1365,2014,9,C.1K,
1365,2014,9,D.1K,
1365,2014,9,C.NLP3,
1365,2014,9,P.NLP3,
1365,2014,9,C_1K,0
1365,2014,9,C_LK98,0
1365,2014,9,C_NLP3,0
1365,2014,9,D_1K,0
1365,2014,9,P_LK98,0
1365,2014,9,P_NLP3,0
1365,2014,9,Input_#3_C_1K,27.6666666666667
1365,2014,9,Input_#3_C_LK98,98.3333333333333
1365,2014,9,Input_#3_C_NLP3,70.6666666666667
1365,2014,9,Input_#3_D_1K,725281.65
1365,2014,9,Input_#3_P_LK98,2540203.33333333
1365,2014,9,Input_#3_P_NLP3,1814921.68333333
1366,2014,10,RM Category,75 rm
1366,2014,10,C.LK98,
1366,2014,10,P.LK98,
1366,2014,10,C.1K,
1366,2014,10,D.1K,
1366,2014,10,C.NLP3,
1366,2014,10,P.NLP3,
1366,2014,10,C_1K,0
1366,2014,10,C_LK98,0
1366,2014,10,C_NLP3,0
1366,2014,10,D_1K,0
1366,2014,10,P_LK98,0
1366,2014,10,P_NLP3,0
1366,2014,10,Input_#3_C_1K,16.3333333333333
1366,2014,10,Input_#3_C_LK98,65.6666666666667
1366,2014,10,Input_#3_C_NLP3,49.3333333333333
1366,2014,10,Input_#3_D_1K,410249.316666667
1366,2014,10,Input_#3_P_LK98,1671745.66666667
1366,2014,10,Input_#3_P_NLP3,1261496.35
1367,2014,11,RM Category,75 rm
1367,2014,11,C.LK98,
1367,2014,11,P.LK98,
1367,2014,11,C.1K,
1367,2014,11,D.1K,
1367,2014,11,C.NLP3,
1367,2014,11,P.NLP3,
1367,2014,11,C_1K,0
1367,2014,11,C_LK98,0
1367,2014,11,C_NLP3,0
1367,2014,11,D_1K,0
1367,2014,11,P_LK98,0
1367,2014,11,P_NLP3,0
1367,2014,11,Input_#3_C_1K,9
1367,2014,11,Input_#3_C_LK98,34.6666666666667
1367,2014,11,Input_#3_C_NLP3,25.6666666666667
1367,2014,11,Input_#3_D_1K,224416.683333333
1367,2014,11,Input_#3_P_LK98,909731.333333333
1367,2014,11,Input_#3_P_NLP3,685314.65
1368,2014,12,RM Category,75 rm
1368,2014,12,C.LK98,
1368,2014,12,P.LK98,
1368,2014,12,C.1K,
1368,2014,12,D.1K,
1368,2014,12,C.NLP3,
1368,2014,12,P.NLP3,
1368,2014,12,C_1K,0
1368,2014,12,C_LK98,0
1368,2014,12,C_NLP3,0
1368,2014,12,D_1K,0
1368,2014,12,P_LK98,0
1368,2014,12,P_NLP3,0
1368,2014,12,Input_#3_C_1K,0
1368,2014,12,Input_#3_C_LK98,0
1368,2014,12,Input_#3_C_NLP3,0
1368,2014,12,Input_#3_D_1K,0
1368,2014,12,Input_#3_P_LK98,0
1368,2014,12,Input_#3_P_NLP3,0
